pedido_id,cliente_id,fecha_pedido,estado
1,248,"2022-07-11 00:06:00",completado
2,48,"2021-07-02 13:12:00",completado
3,139,"2022-03-08 00:32:00",completado
4,447,"2023-11-20 03:45:00",completado
5,340,"2022-08-31 13:30:00",completado
6,249,"2023-12-06 08:51:00",completado
7,384,"2023-07-04 00:46:00",completado
8,88,"2023-04-27 18:52:00",completado
9,340,"2023-05-24 23:05:00",completado
10,98,"2023-03-12 12:37:00",completado
11,72,"2022-02-04 23:58:00",completado
12,172,"2021-11-03 07:19:00",completado
13,391,"2023-05-12 02:05:00",completado
14,40,"2023-09-19 04:22:00",reembolsado
15,450,"2022-06-17 10:06:00",completado
16,477,"2023-01-25 08:46:00",completado
17,471,"2023-04-18 22:01:00",completado
18,460,"2023-10-21 18:48:00",completado
19,133,"2023-03-16 03:09:00",completado
20,168,"2021-09-14 00:33:00",completado
21,200,"2023-11-25 13:54:00",completado
22,241,"2023-11-24 08:49:00",completado
23,202,"2021-09-10 17:09:00",completado
24,470,"2022-08-01 01:07:00",completado
25,303,"2023-12-11 22:49:00",completado
26,456,"2023-06-23 09:26:00",reembolsado
27,340,"2022-09-02 14:35:00",reembolsado
28,195,"2023-07-05 04:53:00",completado
29,418,"2023-07-21 23:58:00",completado
30,332,"2021-11-14 05:28:00",completado
31,46,"2023-04-06 02:04:00",reembolsado
32,469,"2023-08-03 20:59:00",completado
33,157,"2022-04-13 09:13:00",completado
34,27,"2023-09-17 20:28:00",completado
35,455,"2023-02-13 23:17:00",completado
36,209,"2023-03-26 21:15:00",completado
37,375,"2023-04-24 13:42:00",completado
38,176,"2023-07-31 14:02:00",completado
39,240,"2023-09-09 09:39:00",completado
40,191,"2022-08-19 09:44:00",reembolsado
41,257,"2022-10-24 04:19:00",cancelado
42,491,"2023-06-03 21:01:00",completado
43,395,"2023-03-06 15:58:00",reembolsado
44,156,"2022-09-23 21:49:00",completado
45,102,"2023-12-17 04:03:00",completado
46,252,"2023-04-30 16:45:00",completado
47,148,"2023-02-27 12:08:00",completado
48,336,"2023-12-19 21:34:00",completado
49,129,"2023-05-06 14:09:00",cancelado
50,172,"2022-12-05 15:40:00",completado
51,273,"2023-02-12 08:15:00",reembolsado
52,330,"2022-05-16 18:47:00",completado
53,455,"2022-02-14 09:51:00",completado
54,246,"2023-01-11 16:25:00",completado
55,46,"2023-05-10 10:32:00",completado
56,254,"2023-11-26 04:10:00",completado
57,119,"2023-12-26 06:18:00",completado
58,492,"2022-04-28 11:34:00",completado
59,480,"2022-10-10 22:40:00",completado
60,136,"2022-11-02 04:43:00",completado
61,389,"2023-10-26 04:12:00",completado
62,189,"2023-02-07 18:41:00",completado
63,315,"2023-12-14 23:55:00",completado
64,18,"2022-10-13 05:44:00",reembolsado
65,300,"2023-11-03 01:00:00",completado
66,53,"2023-06-29 00:07:00",completado
67,338,"2022-11-06 03:37:00",completado
68,348,"2023-05-18 20:54:00",completado
69,91,"2022-08-30 05:06:00",completado
70,10,"2023-08-24 17:01:00",completado
71,57,"2023-06-24 14:13:00",completado
72,213,"2023-02-20 05:00:00",completado
73,61,"2023-07-27 20:48:00",completado
74,341,"2021-06-25 23:54:00",completado
75,139,"2022-03-17 01:47:00",completado
76,311,"2022-05-12 08:05:00",completado
77,330,"2023-11-01 16:40:00",completado
78,321,"2023-08-18 02:04:00",completado
79,445,"2023-03-16 11:28:00",completado
80,104,"2022-05-06 11:46:00",completado
81,41,"2022-06-30 22:17:00",completado
82,226,"2021-11-21 22:55:00",completado
83,398,"2023-10-20 03:57:00",completado
84,45,"2022-12-17 23:53:00",completado
85,351,"2022-06-06 02:08:00",completado
86,467,"2022-12-16 07:52:00",completado
87,68,"2021-06-28 22:32:00",completado
88,170,"2023-01-02 02:39:00",completado
89,472,"2023-10-24 01:57:00",completado
90,333,"2023-12-27 23:51:00",completado
91,126,"2022-05-14 08:03:00",completado
92,389,"2022-12-11 20:57:00",completado
93,451,"2023-04-11 20:12:00",completado
94,69,"2023-08-03 13:28:00",completado
95,345,"2022-10-25 22:50:00",completado
96,387,"2022-11-17 05:41:00",completado
97,37,"2023-10-21 10:24:00",completado
98,223,"2023-07-19 15:48:00",completado
99,31,"2022-08-07 08:32:00",completado
100,57,"2023-05-22 05:36:00",completado
101,208,"2023-08-17 19:40:00",completado
102,133,"2023-07-11 18:23:00",completado
103,82,"2022-06-21 17:52:00",completado
104,476,"2023-10-13 07:05:00",completado
105,35,"2023-11-13 08:01:00",completado
106,219,"2023-11-29 07:42:00",completado
107,213,"2021-03-24 20:16:00",completado
108,13,"2023-06-11 23:18:00",completado
109,468,"2023-09-24 12:05:00",completado
110,248,"2023-06-06 03:36:00",completado
111,182,"2022-10-02 15:44:00",completado
112,145,"2023-08-08 20:03:00",completado
113,469,"2022-08-02 13:31:00",completado
114,255,"2022-11-21 00:29:00",completado
115,484,"2023-05-30 14:55:00",completado
116,265,"2023-08-18 02:26:00",completado
117,251,"2022-05-07 06:56:00",completado
118,178,"2022-07-04 17:36:00",completado
119,253,"2023-06-02 19:09:00",completado
120,217,"2022-11-22 13:45:00",cancelado
121,460,"2023-11-30 14:27:00",completado
122,302,"2023-09-15 04:11:00",completado
123,334,"2022-09-14 01:04:00",completado
124,226,"2023-02-14 02:26:00",completado
125,241,"2023-09-25 23:11:00",completado
126,166,"2023-02-08 14:28:00",completado
127,289,"2023-11-24 01:26:00",completado
128,323,"2023-10-02 14:54:00",completado
129,215,"2021-09-05 11:56:00",completado
130,114,"2022-12-23 22:06:00",completado
131,235,"2023-04-29 17:30:00",completado
132,371,"2023-04-14 21:25:00",completado
133,102,"2023-02-05 15:05:00",completado
134,27,"2023-10-04 04:55:00",completado
135,460,"2023-07-29 01:14:00",cancelado
136,257,"2023-11-15 05:14:00",completado
137,294,"2023-10-21 08:22:00",completado
138,48,"2021-06-20 11:59:00",completado
139,311,"2023-12-13 00:11:00",completado
140,227,"2021-11-17 10:39:00",cancelado
141,406,"2022-05-17 06:18:00",completado
142,22,"2021-07-25 06:07:00",completado
143,127,"2023-08-06 10:40:00",cancelado
144,82,"2022-01-20 16:19:00",completado
145,401,"2023-04-19 01:45:00",completado
146,28,"2022-10-12 14:34:00",completado
147,108,"2022-12-23 18:05:00",completado
148,447,"2022-06-14 13:28:00",completado
149,307,"2023-12-21 01:25:00",completado
150,482,"2023-06-08 15:03:00",completado
151,7,"2023-09-04 21:02:00",completado
152,274,"2023-11-08 23:10:00",reembolsado
153,90,"2023-11-29 06:27:00",reembolsado
154,60,"2023-12-05 01:44:00",completado
155,344,"2021-04-20 07:20:00",completado
156,488,"2023-05-06 10:10:00",completado
157,357,"2023-07-28 22:04:00",completado
158,124,"2022-04-24 19:45:00",completado
159,437,"2023-10-01 10:48:00",completado
160,419,"2023-11-12 07:18:00",reembolsado
161,94,"2021-12-02 18:44:00",completado
162,208,"2023-11-19 11:32:00",completado
163,310,"2023-03-13 18:33:00",completado
164,253,"2023-06-09 21:23:00",completado
165,358,"2023-03-21 07:31:00",completado
166,260,"2023-02-09 15:14:00",completado
167,489,"2022-09-04 14:09:00",completado
168,141,"2022-03-01 13:53:00",completado
169,284,"2023-03-31 19:07:00",completado
170,48,"2022-09-11 12:59:00",completado
171,82,"2022-11-12 16:10:00",completado
172,80,"2022-09-26 00:16:00",completado
173,250,"2023-03-01 20:54:00",completado
174,477,"2022-09-28 16:59:00",completado
175,48,"2022-04-07 19:49:00",reembolsado
176,308,"2022-04-20 07:11:00",completado
177,317,"2022-08-11 00:29:00",completado
178,239,"2023-03-17 19:58:00",completado
179,181,"2022-10-28 00:03:00",completado
180,282,"2022-01-25 18:36:00",completado
181,41,"2022-03-22 09:00:00",completado
182,465,"2022-07-01 22:12:00",completado
183,22,"2022-04-24 16:20:00",completado
184,34,"2023-03-13 20:05:00",reembolsado
185,18,"2022-03-16 23:11:00",cancelado
186,480,"2022-07-31 10:26:00",completado
187,315,"2022-12-12 17:39:00",completado
188,485,"2022-03-05 12:20:00",completado
189,418,"2023-10-14 19:03:00",completado
190,401,"2023-02-06 07:34:00",completado
191,165,"2023-04-03 05:57:00",completado
192,37,"2022-04-18 18:37:00",completado
193,348,"2023-02-26 11:13:00",completado
194,436,"2023-02-24 22:11:00",completado
195,139,"2023-11-07 19:22:00",completado
196,338,"2023-06-01 12:06:00",completado
197,319,"2022-06-14 02:22:00",completado
198,209,"2022-09-06 20:15:00",completado
199,1,"2022-05-01 17:33:00",completado
200,442,"2022-12-25 03:02:00",completado
201,72,"2023-05-30 10:57:00",completado
202,274,"2022-11-14 12:13:00",completado
203,27,"2023-12-03 07:56:00",completado
204,102,"2023-04-08 12:00:00",completado
205,358,"2022-03-12 07:38:00",completado
206,421,"2023-11-02 01:37:00",completado
207,454,"2023-11-11 04:36:00",completado
208,376,"2022-03-17 20:07:00",completado
209,177,"2022-03-24 05:53:00",completado
210,136,"2022-04-28 20:51:00",completado
211,117,"2023-10-13 20:35:00",completado
212,416,"2022-07-15 12:28:00",completado
213,90,"2022-04-18 17:50:00",completado
214,199,"2023-10-28 05:32:00",completado
215,462,"2023-06-03 23:43:00",completado
216,100,"2022-01-28 16:17:00",completado
217,179,"2023-08-14 02:04:00",cancelado
218,441,"2021-11-27 00:40:00",completado
219,281,"2023-07-05 04:20:00",completado
220,240,"2023-04-24 22:19:00",completado
221,20,"2023-11-02 20:50:00",completado
222,30,"2023-12-04 16:33:00",completado
223,405,"2023-09-08 06:08:00",completado
224,393,"2023-07-30 22:03:00",completado
225,132,"2023-08-10 05:47:00",completado
226,290,"2023-09-19 02:09:00",completado
227,198,"2022-11-30 04:27:00",completado
228,212,"2023-10-21 11:12:00",completado
229,231,"2021-10-22 10:45:00",completado
230,157,"2021-12-17 17:14:00",completado
231,282,"2023-10-29 21:46:00",completado
232,114,"2022-03-19 03:15:00",completado
233,326,"2023-06-19 08:50:00",completado
234,179,"2022-12-30 18:11:00",completado
235,368,"2023-12-03 07:48:00",completado
236,443,"2023-08-18 23:38:00",completado
237,28,"2023-03-05 23:38:00",completado
238,153,"2023-08-20 18:10:00",completado
239,416,"2022-04-19 01:20:00",completado
240,460,"2023-11-24 11:52:00",completado
241,43,"2022-07-23 23:37:00",completado
242,399,"2023-09-12 03:34:00",completado
243,418,"2023-11-06 07:14:00",completado
244,83,"2023-01-15 18:27:00",cancelado
245,217,"2022-10-10 06:19:00",completado
246,426,"2023-08-07 13:22:00",completado
247,18,"2022-01-08 13:25:00",completado
248,219,"2023-10-05 14:44:00",completado
249,155,"2022-10-17 22:31:00",completado
250,200,"2022-04-29 12:14:00",completado
251,252,"2023-11-16 18:22:00",completado
252,61,"2022-03-13 09:56:00",completado
253,489,"2023-05-16 10:08:00",completado
254,498,"2023-08-19 04:41:00",completado
255,91,"2023-04-08 16:30:00",completado
256,383,"2022-08-24 22:16:00",completado
257,123,"2022-12-27 08:07:00",completado
258,75,"2023-11-01 03:38:00",completado
259,220,"2023-08-09 17:12:00",completado
260,201,"2023-08-28 00:39:00",completado
261,271,"2023-09-25 10:42:00",completado
262,56,"2023-04-19 06:13:00",completado
263,55,"2023-08-08 11:20:00",completado
264,397,"2021-01-27 16:22:00",completado
265,207,"2022-03-10 18:53:00",completado
266,348,"2023-05-28 21:05:00",completado
267,373,"2023-09-03 09:22:00",completado
268,482,"2023-08-03 00:49:00",completado
269,370,"2023-12-26 16:26:00",completado
270,24,"2023-07-31 18:07:00",completado
271,381,"2023-03-27 06:20:00",completado
272,355,"2023-11-18 23:29:00",reembolsado
273,140,"2022-09-18 14:48:00",completado
274,120,"2023-07-15 08:52:00",completado
275,225,"2022-12-20 08:48:00",completado
276,100,"2022-06-22 16:35:00",completado
277,174,"2023-02-26 11:15:00",completado
278,166,"2022-11-01 21:16:00",completado
279,367,"2023-09-23 17:56:00",completado
280,373,"2023-12-14 10:25:00",completado
281,120,"2022-11-02 09:57:00",completado
282,223,"2022-08-14 12:27:00",completado
283,310,"2023-06-13 03:34:00",completado
284,419,"2023-10-07 10:24:00",completado
285,132,"2023-01-02 18:15:00",completado
286,149,"2023-03-01 16:01:00",completado
287,117,"2021-09-21 16:09:00",completado
288,243,"2022-08-04 18:26:00",completado
289,12,"2023-03-24 03:01:00",completado
290,281,"2023-12-02 15:41:00",completado
291,464,"2023-06-12 08:54:00",completado
292,61,"2022-06-08 19:48:00",completado
293,396,"2022-12-13 23:36:00",reembolsado
294,276,"2023-05-18 04:34:00",completado
295,25,"2023-02-18 01:08:00",completado
296,151,"2023-04-19 18:37:00",completado
297,171,"2023-07-02 06:59:00",completado
298,359,"2022-04-10 16:23:00",completado
299,276,"2022-02-18 19:11:00",completado
300,140,"2022-08-25 09:48:00",reembolsado
301,114,"2023-11-25 02:35:00",completado
302,231,"2023-09-26 02:53:00",completado
303,405,"2023-08-31 04:46:00",completado
304,141,"2023-11-10 21:36:00",completado
305,183,"2023-07-16 20:54:00",completado
306,262,"2023-10-14 23:06:00",reembolsado
307,2,"2023-07-29 03:52:00",completado
308,300,"2023-07-09 17:40:00",completado
309,77,"2023-03-27 02:57:00",completado
310,347,"2023-04-13 13:23:00",completado
311,351,"2022-09-25 15:33:00",completado
312,434,"2022-12-21 15:27:00",completado
313,21,"2023-01-12 21:38:00",completado
314,490,"2023-05-05 06:15:00",completado
315,236,"2022-09-04 12:07:00",completado
316,18,"2023-04-30 10:01:00",reembolsado
317,208,"2022-02-26 03:24:00",completado
318,313,"2023-02-22 06:27:00",completado
319,91,"2023-04-28 19:06:00",cancelado
320,416,"2022-05-21 05:07:00",completado
321,385,"2023-08-31 01:42:00",completado
322,90,"2022-04-25 18:02:00",completado
323,17,"2023-08-15 19:42:00",completado
324,68,"2022-03-17 06:22:00",completado
325,292,"2023-10-06 10:13:00",completado
326,66,"2023-07-18 08:02:00",completado
327,146,"2023-01-05 21:25:00",completado
328,416,"2023-07-07 12:12:00",completado
329,91,"2023-07-29 10:47:00",completado
330,179,"2023-08-21 03:14:00",completado
331,83,"2022-10-23 02:32:00",completado
332,400,"2021-12-08 18:41:00",completado
333,484,"2022-05-17 23:19:00",completado
334,220,"2023-04-08 21:36:00",completado
335,373,"2023-06-04 13:24:00",completado
336,121,"2023-07-22 20:11:00",completado
337,452,"2023-03-23 10:57:00",completado
338,176,"2023-12-27 21:26:00",completado
339,149,"2023-10-21 02:02:00",completado
340,408,"2023-01-24 05:29:00",completado
341,135,"2023-06-24 04:25:00",completado
342,467,"2023-08-17 19:53:00",cancelado
343,129,"2023-02-22 11:16:00",completado
344,362,"2023-01-20 11:49:00",completado
345,282,"2023-03-17 10:22:00",completado
346,491,"2023-08-24 12:07:00",cancelado
347,6,"2023-04-05 02:47:00",completado
348,149,"2023-10-01 19:46:00",reembolsado
349,377,"2023-02-01 14:51:00",completado
350,361,"2021-10-01 07:12:00",completado
351,327,"2022-05-16 12:39:00",completado
352,436,"2022-06-20 23:35:00",cancelado
353,458,"2023-04-28 23:55:00",completado
354,470,"2021-10-29 09:47:00",completado
355,374,"2023-05-29 20:05:00",completado
356,325,"2023-02-09 03:55:00",completado
357,370,"2023-09-26 14:18:00",completado
358,15,"2023-11-27 01:48:00",reembolsado
359,229,"2022-05-28 04:32:00",completado
360,393,"2023-05-28 15:45:00",completado
361,108,"2023-02-14 07:19:00",completado
362,383,"2021-11-27 09:37:00",completado
363,152,"2023-01-06 07:23:00",cancelado
364,487,"2021-09-26 15:48:00",completado
365,320,"2023-04-09 23:46:00",completado
366,72,"2022-06-13 15:54:00",completado
367,140,"2023-01-19 19:06:00",completado
368,87,"2023-05-27 18:58:00",completado
369,374,"2023-04-16 07:32:00",completado
370,277,"2021-05-26 10:13:00",completado
371,84,"2023-02-19 00:50:00",reembolsado
372,402,"2023-12-20 11:30:00",completado
373,191,"2023-04-26 15:32:00",completado
374,476,"2023-08-12 16:15:00",completado
375,250,"2023-11-03 00:19:00",completado
376,434,"2023-10-10 13:23:00",completado
377,142,"2023-04-03 17:35:00",completado
378,172,"2022-08-17 00:48:00",cancelado
379,292,"2023-10-08 11:23:00",completado
380,179,"2023-06-03 16:12:00",reembolsado
381,280,"2022-10-31 20:00:00",completado
382,62,"2023-05-13 12:20:00",completado
383,173,"2023-12-02 16:33:00",completado
384,133,"2023-10-22 05:44:00",cancelado
385,470,"2022-03-23 06:38:00",completado
386,452,"2022-11-03 01:45:00",completado
387,272,"2022-10-15 09:42:00",completado
388,479,"2023-04-21 20:04:00",completado
389,104,"2022-03-12 03:13:00",completado
390,488,"2022-01-08 03:38:00",completado
391,373,"2023-09-03 09:25:00",completado
392,420,"2022-09-20 03:46:00",completado
393,478,"2022-01-12 00:35:00",completado
394,323,"2023-07-19 09:32:00",reembolsado
395,445,"2021-12-23 14:47:00",completado
396,435,"2022-11-11 21:53:00",completado
397,172,"2023-01-14 21:42:00",completado
398,352,"2023-09-20 14:45:00",cancelado
399,358,"2023-11-13 14:09:00",completado
400,454,"2023-06-24 03:08:00",completado
401,349,"2022-05-01 21:13:00",completado
402,139,"2022-06-15 15:16:00",completado
403,479,"2022-04-26 01:09:00",completado
404,441,"2023-06-26 06:04:00",completado
405,93,"2022-04-12 10:33:00",completado
406,205,"2023-07-08 06:53:00",completado
407,484,"2022-06-18 04:19:00",cancelado
408,183,"2023-10-18 10:31:00",completado
409,120,"2023-06-27 03:57:00",completado
410,496,"2021-04-08 04:50:00",completado
411,75,"2023-06-20 00:52:00",completado
412,149,"2023-02-24 14:44:00",completado
413,8,"2023-05-05 10:46:00",completado
414,2,"2023-04-10 20:07:00",completado
415,467,"2023-06-22 05:22:00",completado
416,239,"2023-06-27 11:19:00",completado
417,217,"2023-11-17 08:03:00",completado
418,230,"2022-06-05 09:55:00",completado
419,379,"2023-09-13 00:30:00",completado
420,433,"2023-12-02 06:21:00",completado
421,163,"2023-10-26 15:26:00",reembolsado
422,175,"2023-05-30 05:53:00",completado
423,113,"2023-05-24 11:04:00",completado
424,74,"2023-05-18 18:00:00",completado
425,165,"2023-06-09 09:09:00",completado
426,246,"2023-11-03 18:13:00",completado
427,63,"2023-11-04 09:39:00",completado
428,433,"2021-12-14 09:25:00",completado
429,227,"2023-08-14 21:53:00",completado
430,187,"2023-01-11 05:41:00",reembolsado
431,433,"2022-01-25 14:22:00",cancelado
432,494,"2023-08-14 03:16:00",completado
433,446,"2023-08-10 20:19:00",completado
434,92,"2023-06-15 08:39:00",completado
435,231,"2021-12-21 18:07:00",completado
436,184,"2023-03-25 01:58:00",completado
437,314,"2021-11-13 21:56:00",cancelado
438,214,"2023-12-05 13:48:00",completado
439,181,"2023-06-18 16:46:00",completado
440,60,"2023-09-11 04:25:00",completado
441,7,"2023-12-30 23:49:00",completado
442,287,"2023-09-29 18:05:00",completado
443,385,"2022-07-04 21:11:00",completado
444,218,"2023-03-29 12:31:00",cancelado
445,255,"2022-11-09 22:09:00",cancelado
446,83,"2022-07-01 04:37:00",completado
447,53,"2022-12-30 09:57:00",completado
448,289,"2021-10-26 17:27:00",cancelado
449,9,"2022-06-18 06:06:00",completado
450,159,"2023-07-17 08:02:00",completado
451,230,"2021-07-28 15:10:00",completado
452,482,"2022-11-15 03:34:00",completado
453,214,"2023-01-14 07:58:00",completado
454,153,"2023-05-01 19:35:00",completado
455,275,"2023-02-23 00:33:00",completado
456,249,"2023-04-05 20:15:00",completado
457,16,"2023-08-26 04:54:00",cancelado
458,396,"2023-10-04 13:25:00",reembolsado
459,283,"2023-09-08 15:40:00",reembolsado
460,64,"2022-11-28 10:30:00",completado
461,15,"2023-07-02 06:07:00",completado
462,106,"2023-05-23 08:00:00",completado
463,67,"2023-03-21 21:31:00",reembolsado
464,158,"2022-10-16 15:20:00",completado
465,266,"2022-10-06 09:19:00",completado
466,261,"2023-11-05 05:47:00",completado
467,232,"2023-07-07 02:23:00",completado
468,225,"2023-07-22 05:03:00",completado
469,236,"2023-12-04 08:56:00",completado
470,350,"2023-12-27 20:18:00",completado
471,380,"2021-09-02 23:46:00",completado
472,136,"2023-09-04 08:16:00",completado
473,144,"2023-02-06 03:54:00",completado
474,284,"2023-11-19 18:11:00",completado
475,450,"2022-07-08 14:53:00",completado
476,190,"2023-08-21 01:45:00",reembolsado
477,95,"2022-07-03 14:44:00",completado
478,74,"2022-07-11 08:16:00",completado
479,158,"2023-04-18 01:35:00",completado
480,272,"2023-02-13 04:19:00",cancelado
481,64,"2023-09-14 00:30:00",completado
482,243,"2022-08-16 19:43:00",completado
483,88,"2022-08-08 23:54:00",completado
484,337,"2023-05-09 09:51:00",completado
485,318,"2023-01-12 04:13:00",completado
486,107,"2022-07-08 02:29:00",completado
487,199,"2023-05-29 21:35:00",completado
488,434,"2023-01-29 00:10:00",completado
489,153,"2023-10-07 14:53:00",completado
490,252,"2023-04-21 13:09:00",reembolsado
491,99,"2023-09-27 15:39:00",completado
492,19,"2023-09-05 05:35:00",completado
493,469,"2023-11-04 16:42:00",completado
494,409,"2023-03-05 13:02:00",completado
495,453,"2023-06-27 08:21:00",completado
496,434,"2023-05-19 03:02:00",completado
497,31,"2023-03-31 10:35:00",completado
498,418,"2023-10-21 23:45:00",completado
499,227,"2021-10-21 06:00:00",completado
500,276,"2021-10-19 04:25:00",completado
501,297,"2023-10-09 04:12:00",completado
502,263,"2023-06-17 10:45:00",completado
503,22,"2023-09-11 07:50:00",completado
504,112,"2021-11-21 21:05:00",completado
505,184,"2023-03-25 01:58:00",completado
506,352,"2023-10-21 23:31:00",completado
507,288,"2023-06-20 15:27:00",completado
508,472,"2023-04-27 00:40:00",completado
509,401,"2023-09-21 14:35:00",completado
510,131,"2023-07-31 05:44:00",cancelado
511,337,"2023-02-04 17:03:00",cancelado
512,465,"2023-05-28 12:37:00",completado
513,254,"2022-11-03 02:31:00",reembolsado
514,303,"2023-05-04 03:31:00",completado
515,324,"2023-06-02 19:44:00",completado
516,400,"2023-06-18 08:27:00",completado
517,241,"2023-09-20 22:04:00",completado
518,395,"2023-09-11 12:18:00",completado
519,209,"2022-09-06 20:15:00",completado
520,66,"2023-11-28 03:05:00",completado
521,185,"2023-11-15 13:05:00",completado
522,69,"2022-06-24 19:15:00",completado
523,208,"2023-03-21 19:10:00",completado
524,407,"2023-09-08 20:39:00",completado
525,215,"2022-07-25 02:03:00",completado
526,444,"2023-08-24 16:45:00",completado
527,122,"2021-05-23 14:52:00",reembolsado
528,23,"2021-11-30 08:27:00",completado
529,453,"2023-01-24 14:03:00",reembolsado
530,146,"2023-09-20 05:38:00",completado
531,131,"2022-06-07 12:45:00",completado
532,451,"2022-10-19 22:05:00",reembolsado
533,227,"2022-12-30 15:25:00",completado
534,262,"2023-06-05 04:38:00",completado
535,250,"2022-12-08 03:45:00",completado
536,240,"2023-08-20 04:45:00",completado
537,268,"2023-06-27 07:29:00",reembolsado
538,109,"2021-09-23 11:22:00",completado
539,184,"2023-07-26 07:25:00",completado
540,9,"2022-06-05 03:38:00",completado
541,162,"2023-09-13 05:40:00",completado
542,45,"2022-09-03 11:43:00",completado
543,285,"2021-03-23 10:05:00",completado
544,130,"2023-08-09 20:01:00",reembolsado
545,261,"2023-10-18 19:59:00",completado
546,357,"2023-07-13 13:25:00",completado
547,330,"2022-06-15 22:31:00",completado
548,62,"2022-12-10 19:06:00",completado
549,447,"2022-12-07 10:15:00",cancelado
550,387,"2022-07-30 14:49:00",completado
551,468,"2022-03-28 21:02:00",completado
552,347,"2023-09-05 23:02:00",completado
553,485,"2022-08-30 17:44:00",reembolsado
554,254,"2022-11-07 03:39:00",completado
555,66,"2023-07-11 05:34:00",completado
556,158,"2022-06-14 17:10:00",reembolsado
557,308,"2022-11-16 06:27:00",completado
558,198,"2022-02-16 06:01:00",completado
559,302,"2023-05-07 18:25:00",completado
560,61,"2021-07-23 06:53:00",completado
561,280,"2023-02-01 20:20:00",completado
562,55,"2023-11-29 23:21:00",completado
563,301,"2023-06-10 21:19:00",completado
564,252,"2023-03-24 02:12:00",completado
565,116,"2023-01-24 01:52:00",completado
566,205,"2023-08-24 22:52:00",completado
567,261,"2023-11-27 16:56:00",completado
568,353,"2023-02-25 06:20:00",completado
569,214,"2022-07-11 00:17:00",completado
570,101,"2023-07-29 03:29:00",completado
571,227,"2023-03-27 02:32:00",completado
572,108,"2022-10-23 04:31:00",cancelado
573,354,"2023-10-28 22:10:00",completado
574,285,"2021-02-26 07:34:00",completado
575,273,"2023-12-15 04:57:00",completado
576,392,"2023-09-28 05:58:00",completado
577,354,"2023-06-28 02:07:00",completado
578,18,"2023-11-09 14:06:00",completado
579,347,"2023-03-21 03:37:00",completado
580,424,"2023-04-02 09:14:00",completado
581,288,"2023-07-14 02:24:00",completado
582,123,"2023-05-06 17:13:00",completado
583,299,"2023-08-06 23:19:00",reembolsado
584,145,"2023-08-06 20:58:00",completado
585,106,"2022-07-30 16:13:00",completado
586,448,"2023-12-08 01:30:00",completado
587,366,"2021-11-19 23:50:00",completado
588,435,"2023-10-25 23:11:00",cancelado
589,446,"2023-07-13 03:13:00",completado
590,199,"2022-09-06 12:13:00",reembolsado
591,478,"2023-06-02 22:20:00",completado
592,368,"2023-05-19 17:10:00",completado
593,384,"2023-10-12 12:17:00",completado
594,455,"2022-03-25 15:04:00",completado
595,318,"2023-03-20 22:30:00",completado
596,374,"2022-12-29 20:10:00",completado
597,89,"2022-09-16 02:32:00",completado
598,136,"2023-10-07 14:16:00",completado
599,178,"2022-01-20 18:23:00",completado
600,212,"2023-08-14 07:59:00",cancelado
601,500,"2022-08-18 15:33:00",completado
602,174,"2023-09-14 10:31:00",completado
603,2,"2023-10-28 05:37:00",completado
604,396,"2023-03-05 23:01:00",completado
605,424,"2022-12-09 13:27:00",reembolsado
606,260,"2022-03-12 18:03:00",cancelado
607,263,"2022-09-08 00:28:00",completado
608,87,"2023-11-02 00:23:00",completado
609,89,"2022-02-10 12:38:00",completado
610,289,"2021-08-22 09:50:00",completado
611,134,"2023-05-04 12:21:00",completado
612,500,"2023-05-10 21:07:00",completado
613,281,"2023-06-03 10:01:00",completado
614,229,"2022-03-27 16:27:00",completado
615,496,"2022-10-19 21:47:00",completado
616,343,"2023-07-11 16:06:00",completado
617,447,"2022-08-01 19:29:00",completado
618,53,"2022-07-24 23:40:00",completado
619,37,"2022-04-03 16:18:00",completado
620,146,"2023-08-05 19:49:00",completado
621,356,"2023-06-04 08:42:00",completado
622,33,"2022-07-29 01:33:00",completado
623,380,"2023-09-29 04:20:00",completado
624,59,"2023-09-17 18:26:00",reembolsado
625,434,"2023-07-29 20:09:00",completado
626,417,"2023-03-01 20:49:00",completado
627,322,"2022-02-11 04:16:00",completado
628,250,"2023-05-01 09:13:00",completado
629,305,"2023-10-20 03:24:00",completado
630,109,"2023-07-07 07:11:00",cancelado
631,125,"2023-06-17 07:24:00",completado
632,478,"2023-10-06 15:30:00",completado
633,454,"2023-08-04 00:05:00",completado
634,39,"2023-12-19 16:27:00",completado
635,163,"2023-11-17 18:59:00",completado
636,434,"2023-06-29 13:51:00",completado
637,269,"2021-11-26 15:27:00",completado
638,126,"2023-12-19 04:55:00",completado
639,154,"2023-03-13 17:11:00",completado
640,170,"2023-02-28 09:58:00",completado
641,211,"2023-09-03 20:21:00",completado
642,85,"2023-09-18 22:32:00",completado
643,385,"2023-06-05 15:46:00",cancelado
644,187,"2022-11-16 19:49:00",completado
645,344,"2021-09-15 00:25:00",completado
646,152,"2023-10-08 23:32:00",completado
647,49,"2022-04-23 19:24:00",completado
648,175,"2023-11-21 01:52:00",completado
649,105,"2023-01-19 09:13:00",completado
650,49,"2022-04-24 19:25:00",completado
651,21,"2023-11-10 14:07:00",completado
652,180,"2023-09-04 21:02:00",completado
653,43,"2021-12-14 20:32:00",completado
654,499,"2023-01-10 12:42:00",completado
655,341,"2022-02-23 07:42:00",completado
656,70,"2023-10-01 01:41:00",completado
657,76,"2023-06-11 14:10:00",cancelado
658,376,"2022-04-06 23:45:00",reembolsado
659,388,"2023-10-30 06:08:00",completado
660,302,"2023-10-26 23:34:00",cancelado
661,86,"2022-02-13 08:37:00",completado
662,1,"2022-05-14 18:52:00",completado
663,491,"2023-09-15 23:04:00",completado
664,124,"2023-09-01 09:27:00",completado
665,486,"2023-03-02 16:30:00",completado
666,445,"2022-07-04 20:16:00",completado
667,122,"2022-07-01 14:35:00",completado
668,157,"2022-02-19 02:51:00",completado
669,266,"2022-09-11 03:19:00",completado
670,399,"2023-02-10 06:53:00",completado
671,97,"2022-05-11 11:14:00",completado
672,183,"2022-06-13 08:54:00",completado
673,300,"2023-04-26 05:13:00",reembolsado
674,287,"2022-12-12 02:51:00",completado
675,380,"2022-04-30 07:42:00",completado
676,495,"2023-08-01 18:51:00",completado
677,98,"2023-06-17 03:41:00",completado
678,215,"2023-03-12 05:06:00",completado
679,497,"2022-03-18 04:15:00",completado
680,112,"2022-08-27 11:11:00",completado
681,163,"2022-07-21 22:31:00",completado
682,109,"2023-05-01 22:27:00",completado
683,30,"2021-08-06 13:26:00",reembolsado
684,424,"2022-10-20 03:47:00",completado
685,307,"2022-08-13 18:30:00",completado
686,13,"2023-07-16 15:15:00",completado
687,369,"2023-07-17 08:47:00",completado
688,142,"2021-07-31 14:43:00",reembolsado
689,81,"2022-09-21 08:36:00",cancelado
690,414,"2023-04-16 02:26:00",completado
691,481,"2023-07-05 02:12:00",completado
692,445,"2022-10-21 12:18:00",completado
693,115,"2023-05-21 22:32:00",completado
694,286,"2023-02-12 05:30:00",completado
695,387,"2022-04-24 00:15:00",completado
696,364,"2023-06-01 07:35:00",completado
697,165,"2023-11-23 08:09:00",completado
698,101,"2022-11-18 02:26:00",completado
699,407,"2023-03-07 16:31:00",completado
700,283,"2023-12-05 03:53:00",reembolsado
701,453,"2022-01-10 17:51:00",cancelado
702,113,"2023-03-05 10:33:00",completado
703,77,"2023-10-20 21:56:00",completado
704,163,"2023-12-17 22:45:00",completado
705,404,"2023-12-29 13:48:00",completado
706,319,"2022-09-30 16:52:00",completado
707,377,"2023-01-11 09:57:00",completado
708,258,"2023-06-06 14:59:00",completado
709,161,"2023-10-14 19:48:00",completado
710,14,"2022-03-15 10:20:00",completado
711,429,"2023-03-16 00:35:00",completado
712,337,"2023-08-12 00:42:00",completado
713,100,"2023-10-31 00:15:00",completado
714,228,"2023-12-17 11:29:00",cancelado
715,338,"2023-06-02 13:10:00",completado
716,46,"2022-12-31 03:56:00",completado
717,114,"2022-11-06 15:46:00",completado
718,93,"2023-12-12 07:43:00",reembolsado
719,42,"2022-02-07 04:03:00",completado
720,272,"2022-05-27 10:32:00",completado
721,381,"2023-08-11 22:48:00",completado
722,447,"2021-11-01 11:38:00",completado
723,293,"2023-04-30 01:01:00",completado
724,331,"2023-12-06 10:30:00",completado
725,182,"2023-09-01 18:32:00",completado
726,364,"2023-10-24 16:10:00",completado
727,459,"2022-11-01 13:57:00",completado
728,22,"2023-07-07 23:20:00",completado
729,329,"2023-10-31 18:37:00",completado
730,475,"2021-12-10 18:24:00",completado
731,359,"2023-10-09 10:27:00",completado
732,311,"2023-01-02 20:37:00",completado
733,292,"2023-06-10 21:01:00",completado
734,245,"2022-09-05 15:52:00",completado
735,339,"2022-07-09 04:37:00",completado
736,101,"2023-10-09 17:00:00",completado
737,215,"2023-01-24 00:05:00",completado
738,264,"2023-10-02 16:49:00",completado
739,253,"2022-09-25 20:30:00",completado
740,63,"2023-07-20 01:22:00",completado
741,284,"2023-04-13 23:49:00",completado
742,243,"2021-06-28 13:51:00",completado
743,453,"2022-01-08 17:48:00",completado
744,377,"2022-11-15 20:36:00",completado
745,170,"2023-01-26 05:13:00",completado
746,158,"2023-02-22 15:43:00",completado
747,68,"2023-07-09 16:03:00",completado
748,148,"2022-08-23 21:05:00",completado
749,457,"2021-10-27 09:18:00",completado
750,47,"2021-07-23 22:35:00",completado
751,107,"2022-02-16 06:46:00",completado
752,256,"2023-01-26 00:05:00",completado
753,141,"2022-04-13 18:55:00",completado
754,158,"2022-04-20 06:18:00",completado
755,77,"2023-04-19 07:53:00",completado
756,234,"2022-10-15 06:15:00",reembolsado
757,475,"2022-10-02 11:02:00",completado
758,249,"2023-12-27 11:27:00",completado
759,38,"2023-08-23 21:05:00",completado
760,367,"2023-07-15 06:29:00",completado
761,43,"2022-05-02 13:44:00",cancelado
762,302,"2023-08-06 11:57:00",completado
763,272,"2022-06-11 12:57:00",reembolsado
764,449,"2023-09-26 12:02:00",completado
765,394,"2023-07-20 23:58:00",completado
766,354,"2023-06-03 17:28:00",completado
767,336,"2022-10-23 23:46:00",reembolsado
768,305,"2023-09-07 13:41:00",completado
769,152,"2023-12-19 22:48:00",completado
770,309,"2023-10-22 17:50:00",completado
771,186,"2023-02-23 07:41:00",completado
772,154,"2023-07-29 18:16:00",cancelado
773,218,"2023-03-18 09:56:00",completado
774,111,"2023-06-29 05:35:00",completado
775,251,"2023-06-02 00:59:00",completado
776,313,"2022-11-30 18:14:00",completado
777,152,"2023-08-11 04:09:00",completado
778,20,"2023-07-18 23:35:00",cancelado
779,345,"2023-08-03 05:37:00",completado
780,290,"2023-01-28 10:28:00",reembolsado
781,17,"2022-06-12 09:36:00",completado
782,304,"2022-12-21 08:30:00",completado
783,406,"2023-06-13 10:55:00",completado
784,129,"2023-09-20 16:18:00",completado
785,447,"2021-10-30 11:37:00",completado
786,85,"2023-10-22 10:50:00",completado
787,260,"2022-04-30 01:16:00",completado
788,271,"2023-11-18 22:02:00",completado
789,269,"2023-04-26 04:34:00",completado
790,414,"2022-10-20 03:11:00",completado
791,158,"2023-02-25 16:50:00",completado
792,3,"2023-03-25 20:32:00",reembolsado
793,370,"2023-11-06 12:25:00",completado
794,467,"2022-11-30 03:07:00",completado
795,48,"2022-04-25 21:12:00",reembolsado
796,270,"2022-07-18 18:32:00",completado
797,20,"2023-12-29 20:20:00",completado
798,139,"2022-02-26 22:16:00",completado
799,44,"2023-11-08 09:15:00",completado
800,101,"2022-10-04 17:50:00",cancelado
801,53,"2023-03-10 00:45:00",completado
802,338,"2023-06-22 18:12:00",completado
803,405,"2023-08-08 22:36:00",completado
804,449,"2022-06-23 16:13:00",cancelado
805,154,"2023-02-01 02:32:00",completado
806,352,"2023-08-04 23:07:00",completado
807,81,"2022-04-29 08:16:00",completado
808,206,"2022-09-26 18:10:00",completado
809,245,"2022-12-05 04:18:00",reembolsado
810,100,"2022-04-18 05:40:00",completado
811,261,"2023-12-14 01:34:00",completado
812,77,"2023-01-20 12:26:00",completado
813,227,"2022-12-21 14:13:00",completado
814,444,"2023-05-26 04:41:00",completado
815,100,"2023-03-24 12:43:00",completado
816,71,"2023-02-25 14:15:00",completado
817,449,"2022-06-13 14:50:00",completado
818,31,"2023-09-30 00:34:00",completado
819,188,"2023-07-28 01:45:00",completado
820,26,"2022-09-13 17:06:00",completado
821,74,"2023-02-06 23:30:00",completado
822,453,"2023-11-11 01:21:00",completado
823,372,"2023-05-10 12:00:00",completado
824,381,"2023-08-30 04:52:00",completado
825,41,"2023-12-12 15:21:00",reembolsado
826,435,"2023-11-06 01:31:00",completado
827,203,"2023-11-15 21:00:00",completado
828,159,"2023-07-17 08:04:00",reembolsado
829,388,"2023-10-29 05:03:00",completado
830,115,"2023-01-07 02:54:00",completado
831,232,"2023-11-14 05:18:00",completado
832,180,"2022-11-11 06:31:00",completado
833,147,"2023-06-14 04:00:00",completado
834,325,"2022-04-24 10:26:00",completado
835,472,"2023-06-12 19:04:00",completado
836,189,"2023-02-20 21:13:00",completado
837,103,"2022-02-15 03:17:00",reembolsado
838,2,"2023-02-17 05:24:00",completado
839,208,"2023-09-05 22:15:00",completado
840,79,"2022-03-13 13:16:00",completado
841,126,"2023-06-09 21:18:00",completado
842,335,"2023-09-07 13:10:00",completado
843,2,"2023-01-10 18:23:00",completado
844,129,"2023-08-31 08:57:00",completado
845,97,"2022-10-20 07:44:00",completado
846,160,"2023-11-13 10:29:00",completado
847,353,"2022-10-15 14:17:00",completado
848,304,"2023-10-17 14:26:00",completado
849,215,"2022-05-27 19:46:00",completado
850,302,"2023-11-30 14:27:00",completado
851,126,"2022-06-30 15:23:00",cancelado
852,315,"2022-07-17 10:56:00",completado
853,24,"2023-01-07 23:45:00",reembolsado
854,247,"2023-07-28 00:00:00",completado
855,198,"2023-09-08 01:44:00",completado
856,141,"2023-03-02 12:36:00",completado
857,336,"2022-07-10 06:34:00",completado
858,394,"2022-12-12 18:15:00",completado
859,472,"2023-08-13 20:36:00",completado
860,237,"2023-10-20 00:22:00",completado
861,130,"2023-04-20 18:18:00",completado
862,390,"2022-08-18 18:46:00",completado
863,123,"2023-04-20 13:29:00",completado
864,357,"2023-09-13 03:17:00",completado
865,92,"2023-06-13 07:30:00",completado
866,247,"2022-08-13 15:12:00",cancelado
867,495,"2023-07-31 18:46:00",completado
868,96,"2023-08-31 03:30:00",reembolsado
869,151,"2022-03-14 16:27:00",completado
870,239,"2023-10-29 13:21:00",completado
871,46,"2022-12-12 23:09:00",completado
872,247,"2023-01-08 02:30:00",completado
873,279,"2022-08-25 19:09:00",completado
874,194,"2023-11-17 20:53:00",completado
875,435,"2021-12-08 19:52:00",completado
876,337,"2023-08-26 02:07:00",completado
877,108,"2023-12-06 02:43:00",completado
878,476,"2023-10-13 07:05:00",completado
879,272,"2022-11-18 14:44:00",reembolsado
880,377,"2023-02-14 17:24:00",reembolsado
881,196,"2023-02-10 07:25:00",completado
882,84,"2023-02-19 00:49:00",completado
883,144,"2022-02-08 22:10:00",completado
884,268,"2023-04-15 03:13:00",completado
885,74,"2022-09-29 23:02:00",completado
886,194,"2023-12-23 16:27:00",completado
887,284,"2023-03-08 12:50:00",completado
888,324,"2022-11-12 14:27:00",reembolsado
889,452,"2022-10-02 17:22:00",completado
890,153,"2023-08-20 18:10:00",completado
891,230,"2023-07-04 14:40:00",completado
892,4,"2023-07-06 02:18:00",reembolsado
893,66,"2023-12-15 09:07:00",completado
894,377,"2023-04-15 06:54:00",completado
895,28,"2022-12-21 06:30:00",completado
896,88,"2023-03-06 09:17:00",completado
897,500,"2023-12-29 23:59:00",completado
898,165,"2023-11-23 08:09:00",completado
899,443,"2023-07-20 15:19:00",completado
900,33,"2023-08-01 17:13:00",completado
901,121,"2023-06-14 12:43:00",completado
902,78,"2023-06-08 17:40:00",completado
903,193,"2023-06-07 23:55:00",reembolsado
904,274,"2023-08-15 09:35:00",completado
905,18,"2021-11-05 04:44:00",completado
906,67,"2022-04-24 22:49:00",completado
907,479,"2023-11-12 21:34:00",completado
908,368,"2023-04-16 03:29:00",cancelado
909,464,"2022-07-12 06:17:00",completado
910,261,"2023-09-20 04:17:00",completado
911,498,"2023-07-08 07:49:00",completado
912,105,"2023-11-14 02:41:00",completado
913,354,"2023-02-26 06:04:00",completado
914,370,"2023-06-29 13:20:00",cancelado
915,487,"2023-03-29 14:49:00",completado
916,387,"2022-09-18 21:07:00",completado
917,463,"2022-07-29 00:01:00",completado
918,77,"2022-07-29 23:41:00",completado
919,149,"2023-03-21 23:21:00",completado
920,192,"2022-05-03 17:02:00",completado
921,129,"2023-11-18 14:18:00",reembolsado
922,356,"2023-02-07 12:02:00",completado
923,181,"2023-10-19 02:56:00",completado
924,106,"2023-08-22 04:36:00",completado
925,6,"2023-03-30 00:26:00",completado
926,220,"2022-05-31 20:30:00",completado
927,337,"2023-10-13 10:34:00",completado
928,45,"2022-10-05 15:24:00",completado
929,496,"2021-06-02 10:01:00",completado
930,304,"2023-03-10 22:05:00",completado
931,343,"2023-03-23 20:28:00",completado
932,19,"2022-09-23 07:08:00",completado
933,497,"2022-04-18 09:03:00",completado
934,122,"2022-05-03 07:18:00",completado
935,409,"2022-11-27 22:11:00",completado
936,6,"2023-08-07 21:39:00",completado
937,325,"2022-04-25 11:27:00",completado
938,228,"2023-09-19 11:04:00",completado
939,329,"2023-06-07 17:10:00",completado
940,281,"2023-09-03 13:26:00",completado
941,362,"2022-04-11 13:19:00",completado
942,14,"2022-04-04 13:47:00",completado
943,77,"2022-08-25 05:43:00",completado
944,455,"2023-03-16 04:15:00",completado
945,301,"2023-11-25 23:59:00",cancelado
946,450,"2023-06-03 11:29:00",cancelado
947,203,"2023-04-23 22:35:00",reembolsado
948,239,"2023-04-23 10:39:00",completado
949,195,"2023-06-16 00:06:00",completado
950,425,"2023-08-29 19:29:00",completado
951,83,"2023-07-30 07:14:00",completado
952,197,"2023-12-02 10:30:00",completado
953,487,"2021-10-06 16:01:00",completado
954,118,"2022-08-20 13:42:00",completado
955,491,"2023-10-07 09:59:00",completado
956,340,"2023-07-26 12:31:00",completado
957,376,"2023-09-24 00:29:00",completado
958,65,"2023-09-11 21:31:00",completado
959,474,"2021-12-20 20:48:00",reembolsado
960,98,"2023-08-22 05:31:00",completado
961,472,"2023-12-27 02:35:00",completado
962,200,"2022-10-10 16:16:00",completado
963,432,"2022-02-13 13:11:00",completado
964,14,"2023-03-07 08:37:00",completado
965,234,"2023-09-14 18:24:00",completado
966,430,"2023-11-15 08:26:00",completado
967,317,"2023-02-22 13:25:00",completado
968,152,"2023-06-18 11:57:00",completado
969,173,"2023-09-25 23:33:00",completado
970,330,"2023-07-13 02:00:00",completado
971,450,"2023-05-21 08:59:00",completado
972,37,"2022-05-11 20:06:00",completado
973,84,"2023-05-26 09:48:00",completado
974,296,"2023-07-18 01:17:00",completado
975,311,"2023-11-06 19:10:00",completado
976,202,"2023-02-09 05:07:00",completado
977,488,"2022-06-05 03:06:00",completado
978,123,"2022-09-28 09:58:00",completado
979,294,"2023-08-01 08:58:00",reembolsado
980,355,"2023-05-18 04:48:00",completado
981,175,"2023-11-01 15:59:00",cancelado
982,126,"2022-05-27 10:25:00",completado
983,355,"2023-08-31 08:21:00",completado
984,197,"2023-03-08 23:14:00",completado
985,241,"2022-12-16 06:40:00",completado
986,338,"2023-01-24 01:37:00",completado
987,431,"2023-04-13 02:49:00",completado
988,362,"2023-04-06 00:06:00",completado
989,83,"2023-07-24 06:01:00",completado
990,219,"2023-09-12 08:30:00",completado
991,123,"2023-03-12 03:38:00",completado
992,344,"2023-11-12 17:40:00",completado
993,77,"2022-11-19 23:02:00",completado
994,186,"2023-01-27 23:18:00",completado
995,177,"2022-02-20 23:51:00",completado
996,445,"2023-04-01 13:54:00",completado
997,159,"2023-09-05 11:56:00",completado
998,428,"2021-06-02 00:50:00",completado
999,494,"2023-02-02 21:48:00",completado
1000,277,"2023-08-04 13:20:00",completado
1001,159,"2023-07-24 12:42:00",completado
1002,300,"2023-09-23 05:23:00",completado
1003,288,"2023-04-17 11:13:00",completado
1004,467,"2023-05-17 20:44:00",completado
1005,266,"2023-09-01 07:17:00",completado
1006,38,"2022-06-10 23:15:00",completado
1007,282,"2022-11-04 14:38:00",completado
1008,27,"2023-04-22 01:10:00",completado
1009,491,"2023-08-22 11:56:00",completado
1010,75,"2023-10-08 14:08:00",completado
1011,232,"2023-07-25 05:03:00",completado
1012,2,"2023-02-23 07:42:00",reembolsado
1013,277,"2023-12-22 07:29:00",completado
1014,94,"2023-04-21 21:21:00",completado
1015,71,"2021-12-31 22:27:00",completado
1016,415,"2023-04-30 13:09:00",completado
1017,64,"2023-09-14 00:29:00",completado
1018,409,"2023-11-21 06:35:00",completado
1019,54,"2023-10-16 07:48:00",completado
1020,309,"2022-06-18 15:22:00",completado
1021,374,"2023-09-07 05:04:00",completado
1022,366,"2022-03-07 15:48:00",completado
1023,227,"2022-02-09 21:39:00",completado
1024,48,"2021-06-19 11:59:00",completado
1025,76,"2023-03-03 15:57:00",completado
1026,92,"2023-06-02 03:47:00",completado
1027,20,"2023-09-26 04:00:00",completado
1028,466,"2023-07-17 19:29:00",cancelado
1029,62,"2021-11-29 00:18:00",completado
1030,196,"2021-06-24 11:03:00",completado
1031,169,"2022-12-05 02:14:00",completado
1032,6,"2023-03-03 14:42:00",completado
1033,45,"2023-04-18 12:23:00",completado
1034,211,"2023-08-28 18:58:00",reembolsado
1035,26,"2022-10-20 01:32:00",completado
1036,292,"2023-09-01 16:54:00",completado
1037,412,"2023-11-13 15:45:00",completado
1038,179,"2022-06-08 14:56:00",completado
1039,77,"2022-09-10 08:19:00",completado
1040,50,"2023-01-24 02:32:00",completado
1041,101,"2023-11-19 01:31:00",completado
1042,5,"2022-10-18 10:47:00",completado
1043,416,"2022-12-02 07:53:00",completado
1044,198,"2023-06-24 13:30:00",completado
1045,367,"2023-08-25 03:18:00",completado
1046,196,"2023-10-21 11:39:00",completado
1047,100,"2023-06-14 01:07:00",completado
1048,250,"2022-10-31 19:17:00",completado
1049,114,"2022-07-02 19:12:00",completado
1050,374,"2023-08-28 02:26:00",completado
1051,185,"2023-08-03 20:56:00",completado
1052,430,"2023-12-06 19:30:00",completado
1053,321,"2022-07-23 05:29:00",completado
1054,145,"2023-10-15 11:41:00",completado
1055,428,"2022-04-25 13:32:00",completado
1056,461,"2023-10-20 23:41:00",completado
1057,409,"2022-03-08 04:32:00",completado
1058,291,"2023-08-13 10:53:00",completado
1059,167,"2023-12-29 23:50:00",completado
1060,371,"2023-06-26 06:27:00",completado
1061,53,"2022-10-17 17:01:00",completado
1062,439,"2022-08-14 21:36:00",completado
1063,257,"2022-09-29 01:43:00",reembolsado
1064,266,"2023-06-16 15:16:00",completado
1065,81,"2022-08-26 03:49:00",completado
1066,7,"2023-05-15 19:26:00",completado
1067,89,"2022-09-20 02:37:00",completado
1068,416,"2022-04-26 02:30:00",completado
1069,391,"2022-12-19 12:09:00",completado
1070,63,"2023-09-22 10:29:00",completado
1071,263,"2021-07-01 19:48:00",completado
1072,214,"2023-05-23 04:53:00",completado
1073,84,"2023-09-15 23:51:00",completado
1074,483,"2023-10-28 17:49:00",completado
1075,85,"2023-06-19 12:28:00",completado
1076,459,"2023-10-15 13:18:00",completado
1077,211,"2023-11-12 23:17:00",completado
1078,456,"2022-03-30 06:14:00",completado
1079,137,"2023-01-24 06:16:00",completado
1080,409,"2023-04-16 20:14:00",completado
1081,24,"2023-06-18 04:30:00",cancelado
1082,438,"2022-11-11 21:35:00",completado
1083,79,"2023-07-14 12:09:00",completado
1084,286,"2022-12-03 07:32:00",completado
1085,257,"2023-07-27 15:41:00",completado
1086,378,"2023-11-08 10:18:00",completado
1087,258,"2023-06-30 04:31:00",completado
1088,302,"2023-07-13 00:57:00",reembolsado
1089,48,"2021-09-17 21:47:00",reembolsado
1090,104,"2022-05-09 12:50:00",reembolsado
1091,350,"2022-12-28 02:27:00",completado
1092,333,"2023-09-23 22:23:00",completado
1093,291,"2023-09-17 03:02:00",completado
1094,500,"2023-12-30 00:00:00",cancelado
1095,458,"2023-03-29 14:09:00",cancelado
1096,484,"2022-08-09 13:54:00",completado
1097,346,"2023-08-14 16:12:00",completado
1098,241,"2023-04-26 01:08:00",completado
1099,337,"2023-09-02 04:20:00",completado
1100,231,"2023-02-16 23:49:00",completado
1101,291,"2023-12-07 18:13:00",completado
1102,323,"2023-08-09 17:57:00",completado
1103,202,"2022-12-10 22:47:00",completado
1104,355,"2023-09-08 13:06:00",completado
1105,61,"2021-11-23 20:31:00",completado
1106,90,"2023-03-24 18:52:00",cancelado
1107,393,"2023-05-22 14:37:00",completado
1108,301,"2021-12-06 09:56:00",completado
1109,223,"2022-04-13 17:01:00",completado
1110,473,"2021-12-06 21:59:00",completado
1111,144,"2022-02-12 22:15:00",completado
1112,162,"2022-09-11 13:51:00",completado
1113,354,"2023-11-25 08:02:00",completado
1114,3,"2023-02-09 12:04:00",completado
1115,47,"2021-09-14 05:50:00",completado
1116,94,"2022-09-26 14:46:00",cancelado
1117,333,"2023-10-29 07:02:00",completado
1118,127,"2022-03-07 15:19:00",completado
1119,154,"2023-10-10 20:00:00",completado
1120,318,"2023-11-23 16:38:00",completado
1121,429,"2022-07-16 00:45:00",completado
1122,417,"2023-08-03 04:46:00",reembolsado
1123,422,"2023-09-09 12:09:00",completado
1124,334,"2022-01-09 12:16:00",completado
1125,259,"2022-10-01 23:22:00",completado
1126,409,"2021-12-22 16:19:00",completado
1127,223,"2022-05-30 00:21:00",completado
1128,440,"2023-03-15 22:49:00",completado
1129,69,"2023-12-30 13:54:00",completado
1130,484,"2023-10-04 11:47:00",completado
1131,82,"2023-10-16 23:16:00",completado
1132,45,"2021-09-24 20:38:00",reembolsado
1133,108,"2023-09-15 08:18:00",completado
1134,435,"2023-04-21 20:11:00",completado
1135,338,"2023-02-09 05:25:00",completado
1136,242,"2022-04-21 03:27:00",completado
1137,379,"2023-04-17 01:13:00",completado
1138,242,"2023-09-11 18:18:00",completado
1139,244,"2023-07-14 04:20:00",completado
1140,19,"2022-02-25 03:00:00",completado
1141,215,"2022-04-13 14:47:00",completado
1142,490,"2023-07-20 18:53:00",completado
1143,482,"2023-03-19 01:28:00",completado
1144,216,"2023-11-27 07:50:00",completado
1145,280,"2023-05-04 19:31:00",completado
1146,28,"2023-10-05 00:32:00",completado
1147,215,"2022-06-29 23:30:00",completado
1148,245,"2023-04-30 01:09:00",completado
1149,452,"2023-08-13 21:16:00",completado
1150,144,"2023-02-14 04:06:00",cancelado
1151,232,"2023-12-25 13:51:00",completado
1152,54,"2022-07-21 03:18:00",completado
1153,331,"2023-07-24 04:19:00",completado
1154,216,"2023-09-20 12:19:00",cancelado
1155,20,"2023-04-25 11:03:00",completado
1156,145,"2023-06-26 11:23:00",completado
1157,38,"2023-09-01 23:21:00",completado
1158,385,"2021-06-02 21:16:00",completado
1159,58,"2022-07-12 08:40:00",completado
1160,370,"2023-12-28 17:37:00",completado
1161,296,"2023-06-20 13:56:00",completado
1162,458,"2023-02-05 21:09:00",cancelado
1163,248,"2023-01-02 03:09:00",completado
1164,333,"2023-07-11 03:52:00",completado
1165,94,"2023-09-04 17:02:00",cancelado
1166,23,"2022-04-30 05:22:00",completado
1167,204,"2022-10-13 05:44:00",completado
1168,437,"2023-11-21 23:06:00",completado
1169,356,"2022-06-22 21:47:00",completado
1170,271,"2023-12-23 07:33:00",completado
1171,421,"2022-11-12 16:01:00",completado
1172,6,"2023-07-10 11:50:00",completado
1173,477,"2022-08-28 12:15:00",completado
1174,162,"2023-12-04 20:17:00",completado
1175,54,"2022-05-24 21:04:00",completado
1176,135,"2023-06-30 08:00:00",cancelado
1177,448,"2023-06-04 01:39:00",completado
1178,158,"2022-09-05 08:57:00",completado
1179,14,"2022-08-27 07:10:00",reembolsado
1180,107,"2023-09-15 17:59:00",completado
1181,176,"2023-10-19 08:46:00",completado
1182,163,"2022-03-27 06:31:00",completado
1183,72,"2023-03-10 00:05:00",completado
1184,327,"2023-08-18 05:40:00",completado
1185,76,"2022-08-07 15:09:00",completado
1186,300,"2023-04-29 07:27:00",completado
1187,109,"2023-09-25 18:15:00",completado
1188,458,"2023-09-08 18:42:00",completado
1189,462,"2022-08-03 04:49:00",completado
1190,170,"2022-06-30 03:25:00",completado
1191,473,"2023-03-18 12:37:00",completado
1192,203,"2023-07-20 14:01:00",reembolsado
1193,118,"2023-09-07 04:41:00",completado
1194,122,"2023-02-21 17:38:00",completado
1195,248,"2022-04-12 10:32:00",completado
1196,4,"2023-10-24 21:07:00",completado
1197,157,"2021-09-11 03:44:00",completado
1198,470,"2021-10-07 05:11:00",completado
1199,99,"2022-09-11 13:06:00",completado
1200,26,"2023-05-02 17:56:00",completado
1201,405,"2022-12-14 05:44:00",cancelado
1202,466,"2023-10-03 22:24:00",completado
1203,278,"2023-07-05 08:23:00",reembolsado
1204,499,"2023-03-02 00:54:00",completado
1205,398,"2022-03-09 03:27:00",completado
1206,49,"2022-11-01 00:44:00",completado
1207,132,"2023-07-10 00:53:00",completado
1208,367,"2023-10-13 03:48:00",completado
1209,84,"2023-01-20 14:56:00",completado
1210,181,"2022-12-13 13:23:00",completado
1211,211,"2023-06-11 12:29:00",completado
1212,451,"2023-04-22 22:28:00",completado
1213,164,"2023-06-17 17:42:00",completado
1214,216,"2023-10-18 20:45:00",completado
1215,149,"2023-09-28 18:34:00",completado
1216,235,"2023-05-23 04:31:00",completado
1217,269,"2021-12-19 17:55:00",completado
1218,17,"2023-07-25 15:55:00",completado
1219,135,"2023-11-13 04:37:00",completado
1220,231,"2023-12-10 12:37:00",reembolsado
1221,499,"2023-03-24 05:51:00",completado
1222,434,"2022-09-11 14:58:00",cancelado
1223,132,"2022-05-01 02:55:00",completado
1224,101,"2023-10-20 19:25:00",completado
1225,411,"2023-07-05 16:48:00",completado
1226,383,"2022-07-01 15:58:00",cancelado
1227,178,"2023-12-06 18:01:00",completado
1228,394,"2022-11-11 11:53:00",cancelado
1229,17,"2023-10-27 09:13:00",cancelado
1230,98,"2023-12-03 22:03:00",completado
1231,481,"2022-07-07 02:22:00",completado
1232,294,"2023-10-20 08:17:00",completado
1233,301,"2022-12-02 16:00:00",completado
1234,460,"2023-06-15 03:16:00",completado
1235,308,"2022-12-08 08:55:00",completado
1236,161,"2023-08-30 02:41:00",completado
1237,91,"2022-11-20 18:29:00",completado
1238,46,"2023-09-06 14:40:00",reembolsado
1239,282,"2022-02-13 21:10:00",completado
1240,478,"2021-11-01 14:45:00",completado
1241,5,"2023-06-16 20:53:00",completado
1242,388,"2023-08-23 16:16:00",completado
1243,244,"2023-12-14 07:41:00",completado
1244,437,"2022-12-05 08:08:00",reembolsado
1245,162,"2022-11-29 03:22:00",completado
1246,329,"2023-06-04 16:59:00",completado
1247,379,"2023-07-12 14:42:00",completado
1248,74,"2023-07-07 04:41:00",completado
1249,252,"2023-03-19 00:50:00",completado
1250,408,"2023-07-26 11:01:00",completado
1251,343,"2023-08-14 21:11:00",completado
1252,98,"2023-05-20 16:39:00",completado
1253,212,"2023-12-11 09:08:00",completado
1254,320,"2023-04-25 04:37:00",completado
1255,435,"2022-02-26 07:00:00",completado
1256,208,"2023-09-02 22:08:00",completado
1257,111,"2023-11-14 07:08:00",completado
1258,296,"2023-09-22 07:48:00",cancelado
1259,472,"2023-12-25 01:26:00",cancelado
1260,485,"2023-02-10 20:40:00",completado
1261,388,"2023-07-03 12:07:00",completado
1262,432,"2021-08-13 13:42:00",completado
1263,289,"2023-12-12 03:51:00",completado
1264,179,"2022-06-30 17:30:00",completado
1265,421,"2023-01-11 01:48:00",completado
1266,205,"2023-11-13 02:52:00",completado
1267,3,"2023-07-09 15:04:00",completado
1268,32,"2022-06-21 13:41:00",completado
1269,288,"2023-10-12 18:50:00",completado
1270,498,"2023-10-10 07:32:00",completado
1271,266,"2023-05-22 09:15:00",completado
1272,180,"2023-09-25 01:51:00",completado
1273,425,"2021-11-11 10:36:00",completado
1274,371,"2023-05-19 13:18:00",completado
1275,335,"2023-09-08 13:14:00",completado
1276,413,"2023-05-29 08:38:00",completado
1277,65,"2023-09-22 01:12:00",completado
1278,476,"2022-11-22 21:03:00",completado
1279,123,"2023-08-15 19:54:00",completado
1280,285,"2022-01-13 20:20:00",completado
1281,199,"2022-09-21 16:49:00",reembolsado
1282,367,"2023-08-26 03:22:00",completado
1283,148,"2023-09-07 03:18:00",completado
1284,145,"2023-08-21 23:32:00",completado
1285,338,"2023-12-28 22:45:00",completado
1286,467,"2023-09-05 00:44:00",completado
1287,475,"2023-05-31 21:16:00",completado
1288,60,"2023-08-01 06:23:00",completado
1289,38,"2023-08-24 22:08:00",completado
1290,170,"2021-09-28 17:08:00",completado
1291,375,"2023-12-02 09:10:00",completado
1292,256,"2022-11-29 09:28:00",completado
1293,177,"2023-06-26 13:38:00",completado
1294,403,"2022-12-14 12:07:00",completado
1295,96,"2023-04-10 15:49:00",completado
1296,74,"2023-01-26 21:07:00",completado
1297,111,"2023-12-03 17:56:00",completado
1298,172,"2022-08-15 23:44:00",completado
1299,458,"2023-07-02 20:43:00",completado
1300,332,"2023-06-19 01:54:00",completado
1301,349,"2022-05-16 22:32:00",completado
1302,122,"2022-04-04 03:41:00",completado
1303,478,"2022-06-26 23:44:00",completado
1304,296,"2023-06-08 07:52:00",completado
1305,178,"2021-12-09 12:17:00",completado
1306,309,"2022-06-19 15:22:00",completado
1307,120,"2022-12-17 22:14:00",completado
1308,415,"2023-04-30 13:10:00",completado
1309,211,"2023-04-20 16:52:00",reembolsado
1310,365,"2023-11-29 08:59:00",completado
1311,80,"2022-03-17 13:51:00",completado
1312,289,"2021-09-29 14:46:00",completado
1313,439,"2023-01-10 22:08:00",completado
1314,403,"2023-09-11 10:47:00",reembolsado
1315,87,"2022-07-14 07:05:00",completado
1316,352,"2023-05-28 03:21:00",completado
1317,188,"2022-05-12 17:32:00",completado
1318,124,"2022-03-04 10:07:00",completado
1319,203,"2023-08-17 04:24:00",completado
1320,32,"2023-09-16 04:19:00",completado
1321,496,"2021-05-28 10:55:00",completado
1322,350,"2023-04-02 08:53:00",completado
1323,86,"2022-12-15 17:46:00",completado
1324,220,"2022-05-17 17:04:00",completado
1325,417,"2023-12-26 11:19:00",completado
1326,56,"2023-12-07 12:45:00",completado
1327,320,"2023-07-07 00:21:00",completado
1328,119,"2023-03-02 08:58:00",completado
1329,6,"2023-05-09 14:57:00",completado
1330,103,"2023-03-18 14:04:00",completado
1331,188,"2023-10-12 11:32:00",completado
1332,435,"2021-11-09 15:05:00",completado
1333,397,"2022-10-23 14:17:00",completado
1334,490,"2023-08-08 03:34:00",reembolsado
1335,468,"2023-12-16 02:32:00",completado
1336,325,"2022-02-14 01:39:00",completado
1337,314,"2022-07-15 05:47:00",completado
1338,295,"2023-11-21 13:13:00",completado
1339,26,"2023-09-27 00:38:00",completado
1340,353,"2023-01-30 03:44:00",completado
1341,393,"2022-02-27 11:22:00",completado
1342,55,"2023-10-30 07:27:00",reembolsado
1343,387,"2022-07-10 11:17:00",completado
1344,151,"2023-06-02 23:38:00",completado
1345,328,"2023-12-05 21:36:00",completado
1346,88,"2023-01-24 03:02:00",completado
1347,464,"2022-08-03 11:11:00",completado
1348,498,"2023-06-16 20:49:00",reembolsado
1349,415,"2023-12-13 05:19:00",completado
1350,483,"2022-11-03 12:04:00",completado
1351,376,"2023-11-02 07:47:00",completado
1352,414,"2023-02-04 17:44:00",completado
1353,284,"2023-03-25 17:46:00",completado
1354,334,"2023-10-26 14:12:00",completado
1355,266,"2023-05-25 10:22:00",completado
1356,336,"2023-01-29 16:44:00",completado
1357,234,"2023-03-26 11:39:00",completado
1358,342,"2023-08-03 17:19:00",completado
1359,65,"2023-03-04 22:25:00",completado
1360,72,"2021-08-31 03:21:00",completado
1361,463,"2021-11-09 09:55:00",completado
1362,63,"2023-09-02 00:34:00",completado
1363,455,"2022-04-26 21:05:00",completado
1364,420,"2022-06-29 13:10:00",completado
1365,456,"2021-10-15 12:49:00",completado
1366,232,"2023-09-10 15:50:00",completado
1367,260,"2021-10-14 22:25:00",completado
1368,148,"2023-08-30 01:00:00",completado
1369,220,"2022-09-10 12:28:00",completado
1370,27,"2023-06-03 20:40:00",reembolsado
1371,12,"2023-05-22 22:32:00",completado
1372,256,"2023-02-21 06:15:00",completado
1373,442,"2022-03-14 10:33:00",completado
1374,484,"2023-05-09 10:15:00",completado
1375,31,"2023-08-29 17:20:00",completado
1376,59,"2023-04-22 13:04:00",completado
1377,53,"2022-10-19 18:06:00",completado
1378,87,"2023-09-22 16:58:00",completado
1379,129,"2023-09-19 16:18:00",completado
1380,398,"2023-01-14 06:41:00",completado
1381,269,"2021-06-01 18:34:00",completado
1382,495,"2023-08-04 20:09:00",completado
1383,451,"2023-06-11 04:41:00",completado
1384,432,"2023-06-30 09:32:00",completado
1385,262,"2023-09-04 17:01:00",completado
1386,397,"2023-02-28 05:53:00",completado
1387,468,"2022-09-22 02:17:00",completado
1388,270,"2022-11-06 17:46:00",completado
1389,448,"2023-03-05 02:21:00",completado
1390,151,"2023-04-04 16:16:00",completado
1391,374,"2023-01-29 06:03:00",reembolsado
1392,396,"2023-08-13 22:38:00",completado
1393,446,"2023-12-02 15:37:00",completado
1394,145,"2023-05-27 05:13:00",completado
1395,433,"2023-07-01 10:42:00",completado
1396,490,"2023-05-24 15:56:00",completado
1397,453,"2021-08-06 23:27:00",completado
1398,232,"2022-09-20 14:23:00",completado
1399,39,"2022-04-24 19:00:00",completado
1400,309,"2022-02-26 22:16:00",completado
1401,489,"2023-06-23 16:19:00",completado
1402,77,"2022-12-11 04:53:00",reembolsado
1403,189,"2023-11-22 12:43:00",completado
1404,77,"2023-10-15 20:45:00",completado
1405,29,"2022-10-31 17:30:00",completado
1406,8,"2023-04-13 05:47:00",completado
1407,49,"2023-06-06 09:46:00",completado
1408,116,"2023-09-13 23:36:00",completado
1409,337,"2022-05-07 21:53:00",completado
1410,452,"2023-12-11 02:34:00",completado
1411,63,"2023-08-17 15:01:00",completado
1412,495,"2023-09-08 14:29:00",completado
1413,350,"2023-01-26 11:07:00",completado
1414,135,"2023-07-22 18:58:00",completado
1415,406,"2023-03-20 23:51:00",completado
1416,302,"2023-08-13 14:29:00",reembolsado
1417,243,"2023-05-28 08:34:00",completado
1418,97,"2022-08-12 22:15:00",completado
1419,230,"2022-04-25 04:54:00",cancelado
1420,159,"2023-05-30 07:21:00",completado
1421,60,"2023-08-31 22:19:00",completado
1422,60,"2023-05-31 21:22:00",completado
1423,291,"2023-07-10 18:51:00",cancelado
1424,322,"2021-08-15 04:48:00",completado
1425,229,"2023-10-22 02:47:00",reembolsado
1426,51,"2022-08-10 03:30:00",completado
1427,102,"2023-02-18 19:52:00",completado
1428,390,"2023-03-26 22:16:00",completado
1429,27,"2023-12-26 18:48:00",completado
1430,366,"2023-09-14 03:05:00",cancelado
1431,468,"2021-12-20 05:10:00",completado
1432,54,"2021-10-30 21:43:00",completado
1433,176,"2023-06-21 18:17:00",completado
1434,246,"2023-02-06 01:02:00",completado
1435,115,"2022-10-17 14:41:00",completado
1436,299,"2023-03-09 17:24:00",completado
1437,413,"2023-12-21 09:02:00",cancelado
1438,259,"2023-04-12 00:58:00",completado
1439,357,"2023-09-18 06:50:00",completado
1440,279,"2022-11-06 07:26:00",completado
1441,243,"2023-02-25 20:21:00",completado
1442,418,"2023-07-29 03:46:00",completado
1443,324,"2023-01-02 21:47:00",reembolsado
1444,324,"2022-09-18 06:00:00",reembolsado
1445,233,"2023-12-30 14:00:00",completado
1446,16,"2023-09-30 15:02:00",reembolsado
1447,429,"2022-07-28 03:12:00",completado
1448,143,"2023-04-25 19:26:00",completado
1449,492,"2023-10-23 15:29:00",completado
1450,457,"2023-12-21 05:05:00",completado
1451,397,"2022-09-15 10:31:00",completado
1452,244,"2023-12-10 06:28:00",completado
1453,55,"2023-09-15 07:59:00",cancelado
1454,154,"2023-04-27 09:10:00",completado
1455,142,"2023-07-05 05:41:00",completado
1456,88,"2023-09-01 15:43:00",completado
1457,359,"2021-05-13 00:04:00",completado
1458,352,"2023-04-10 12:38:00",completado
1459,366,"2022-07-18 11:28:00",completado
1460,438,"2022-12-06 02:30:00",completado
1461,464,"2023-11-03 16:46:00",completado
1462,410,"2023-05-04 05:37:00",reembolsado
1463,279,"2022-07-25 14:10:00",completado
1464,163,"2022-05-11 12:38:00",completado
1465,10,"2023-07-02 19:59:00",completado
1466,275,"2022-10-23 02:32:00",reembolsado
1467,409,"2023-10-31 03:59:00",completado
1468,131,"2023-06-18 22:28:00",completado
1469,89,"2023-09-05 15:40:00",completado
1470,24,"2023-07-22 15:31:00",reembolsado
1471,441,"2022-11-03 22:11:00",completado
1472,213,"2023-07-20 22:10:00",completado
1473,491,"2023-07-07 14:00:00",completado
1474,291,"2023-05-28 21:04:00",completado
1475,271,"2022-10-14 00:44:00",reembolsado
1476,431,"2023-10-10 16:53:00",completado
1477,391,"2023-01-18 20:34:00",completado
1478,452,"2022-09-03 10:03:00",completado
1479,437,"2023-02-25 04:51:00",completado
1480,388,"2023-12-11 05:23:00",completado
1481,324,"2023-02-15 03:56:00",completado
1482,326,"2022-09-27 01:43:00",reembolsado
1483,200,"2023-07-18 15:56:00",completado
1484,280,"2023-08-06 19:53:00",completado
1485,195,"2023-05-18 17:59:00",completado
1486,460,"2023-07-26 00:57:00",reembolsado
1487,265,"2023-09-02 11:08:00",reembolsado
1488,425,"2022-10-09 03:07:00",completado
1489,183,"2023-11-07 13:02:00",completado
1490,167,"2023-09-10 00:14:00",completado
1491,270,"2022-06-11 10:06:00",reembolsado
1492,197,"2023-05-14 20:01:00",completado
1493,303,"2023-06-14 15:47:00",cancelado
1494,156,"2022-09-11 20:34:00",reembolsado
1495,377,"2022-10-10 12:05:00",completado
1496,475,"2023-07-18 04:30:00",cancelado
1497,106,"2022-10-26 11:42:00",completado
1498,369,"2023-11-10 18:24:00",completado
1499,455,"2022-12-16 13:25:00",completado
1500,349,"2022-02-19 12:40:00",completado
1501,223,"2023-12-26 15:11:00",completado
1502,128,"2023-05-21 09:39:00",completado
1503,31,"2023-04-02 10:39:00",completado
1504,48,"2023-07-30 00:29:00",completado
1505,20,"2023-05-25 00:19:00",completado
1506,490,"2023-12-07 14:15:00",completado
1507,95,"2021-11-04 08:16:00",completado
1508,457,"2021-05-20 14:54:00",completado
1509,89,"2022-12-23 19:35:00",reembolsado
1510,57,"2022-12-20 13:15:00",completado
1511,398,"2022-02-27 02:10:00",completado
1512,403,"2022-11-04 02:15:00",reembolsado
1513,28,"2022-09-14 08:25:00",completado
1514,343,"2022-04-07 06:06:00",completado
1515,147,"2023-06-26 06:31:00",completado
1516,155,"2022-08-24 12:48:00",completado
1517,153,"2023-11-01 01:52:00",completado
1518,15,"2023-09-07 23:39:00",completado
1519,125,"2023-10-11 01:58:00",completado
1520,347,"2023-03-19 03:31:00",completado
1521,323,"2023-09-20 09:02:00",completado
1522,49,"2023-02-26 18:59:00",completado
1523,378,"2022-10-16 04:28:00",completado
1524,280,"2023-02-26 02:27:00",completado
1525,228,"2023-10-12 17:14:00",reembolsado
1526,62,"2022-03-07 11:19:00",completado
1527,361,"2022-03-05 03:57:00",completado
1528,333,"2023-10-01 00:44:00",completado
1529,289,"2022-11-13 22:03:00",completado
1530,124,"2022-08-24 16:38:00",completado
1531,407,"2023-05-02 00:03:00",completado
1532,103,"2022-05-01 14:19:00",reembolsado
1533,156,"2021-10-15 07:49:00",completado
1534,486,"2023-09-09 19:53:00",completado
1535,75,"2023-12-28 11:27:00",completado
1536,248,"2021-12-30 17:34:00",completado
1537,379,"2022-04-15 15:41:00",completado
1538,354,"2023-12-12 14:11:00",completado
1539,466,"2023-05-10 19:08:00",completado
1540,94,"2022-05-14 18:08:00",completado
1541,390,"2023-02-02 09:01:00",completado
1542,141,"2023-07-02 04:28:00",completado
1543,256,"2023-12-21 09:55:00",completado
1544,69,"2023-04-29 21:34:00",reembolsado
1545,377,"2023-11-19 08:58:00",completado
1546,68,"2023-12-05 11:23:00",completado
1547,133,"2023-08-04 02:51:00",completado
1548,395,"2023-10-17 21:55:00",completado
1549,265,"2023-11-19 09:33:00",completado
1550,279,"2022-07-23 13:05:00",completado
1551,414,"2023-03-04 21:24:00",completado
1552,290,"2023-10-05 06:59:00",completado
1553,208,"2022-02-05 23:48:00",completado
1554,312,"2023-06-02 06:29:00",completado
1555,449,"2023-10-10 15:33:00",completado
1556,231,"2022-02-09 00:15:00",completado
1557,270,"2023-01-04 05:02:00",completado
1558,387,"2022-03-26 20:31:00",completado
1559,48,"2023-02-23 07:19:00",completado
1560,52,"2023-09-01 21:38:00",completado
1561,290,"2023-03-30 03:30:00",completado
1562,193,"2022-07-03 20:17:00",completado
1563,176,"2023-10-07 02:35:00",completado
1564,281,"2023-12-12 21:43:00",completado
1565,144,"2022-07-21 22:32:00",completado
1566,172,"2023-02-13 01:30:00",completado
1567,359,"2022-05-06 19:58:00",completado
1568,488,"2022-08-09 14:02:00",completado
1569,143,"2023-06-01 03:58:00",reembolsado
1570,286,"2023-10-17 08:18:00",completado
1571,4,"2023-07-12 04:42:00",completado
1572,182,"2023-03-09 02:17:00",completado
1573,432,"2023-06-30 09:34:00",completado
1574,468,"2022-10-07 04:43:00",completado
1575,41,"2022-09-04 06:47:00",completado
1576,43,"2022-03-18 07:41:00",completado
1577,43,"2023-09-17 04:18:00",completado
1578,331,"2023-08-25 23:41:00",completado
1579,355,"2023-11-02 15:02:00",completado
1580,236,"2023-07-07 02:24:00",completado
1581,444,"2021-06-23 13:38:00",completado
1582,478,"2023-05-06 18:39:00",completado
1583,78,"2022-11-16 21:43:00",completado
1584,282,"2022-02-27 23:32:00",completado
1585,133,"2023-09-03 13:43:00",completado
1586,107,"2022-03-14 09:25:00",completado
1587,116,"2023-03-08 14:12:00",completado
1588,378,"2021-12-29 12:03:00",completado
1589,445,"2023-01-03 00:26:00",completado
1590,100,"2022-05-21 10:37:00",reembolsado
1591,229,"2023-12-10 11:28:00",completado
1592,254,"2022-11-19 05:05:00",completado
1593,320,"2022-11-11 06:09:00",completado
1594,345,"2022-08-29 16:41:00",completado
1595,408,"2022-08-18 03:44:00",completado
1596,240,"2023-05-19 05:30:00",completado
1597,106,"2022-11-29 18:03:00",completado
1598,224,"2023-03-25 07:16:00",completado
1599,293,"2021-12-06 14:14:00",reembolsado
1600,415,"2023-07-11 17:15:00",reembolsado
1601,211,"2023-05-26 06:23:00",completado
1602,374,"2023-09-14 07:25:00",completado
1603,167,"2023-10-08 12:29:00",reembolsado
1604,348,"2023-12-14 20:14:00",completado
1605,245,"2021-11-18 20:10:00",completado
1606,349,"2022-11-06 19:22:00",completado
1607,322,"2022-11-04 16:53:00",completado
1608,462,"2023-12-04 01:27:00",reembolsado
1609,437,"2023-09-22 08:21:00",completado
1610,393,"2021-10-23 21:44:00",cancelado
1611,354,"2023-10-17 18:30:00",completado
1612,272,"2023-12-21 07:34:00",completado
1613,212,"2023-11-19 00:27:00",completado
1614,99,"2022-08-08 06:55:00",completado
1615,141,"2023-06-20 02:12:00",completado
1616,147,"2023-08-06 16:17:00",completado
1617,495,"2023-07-20 12:42:00",completado
1618,264,"2022-09-23 13:06:00",completado
1619,464,"2023-09-01 02:12:00",completado
1620,355,"2023-10-14 06:18:00",completado
1621,421,"2022-02-05 18:39:00",completado
1622,368,"2023-12-11 10:25:00",completado
1623,334,"2022-01-30 15:50:00",completado
1624,337,"2023-02-24 21:39:00",completado
1625,407,"2023-05-21 03:34:00",completado
1626,494,"2023-02-25 01:27:00",completado
1627,495,"2023-07-06 05:26:00",completado
1628,233,"2023-05-11 10:42:00",reembolsado
1629,147,"2023-02-15 23:50:00",completado
1630,223,"2022-08-17 12:30:00",completado
1631,15,"2023-08-08 05:17:00",completado
1632,163,"2022-07-22 22:31:00",completado
1633,133,"2023-01-09 05:07:00",completado
1634,19,"2022-02-07 01:33:00",completado
1635,178,"2022-11-12 12:00:00",completado
1636,385,"2023-02-23 02:28:00",cancelado
1637,114,"2022-10-29 13:31:00",completado
1638,3,"2023-08-03 20:56:00",completado
1639,198,"2022-01-27 03:27:00",reembolsado
1640,311,"2022-07-27 20:11:00",completado
1641,460,"2023-06-16 04:18:00",cancelado
1642,99,"2023-07-06 23:43:00",completado
1643,112,"2023-04-19 20:10:00",reembolsado
1644,190,"2023-01-22 18:02:00",completado
1645,464,"2023-11-09 17:00:00",reembolsado
1646,270,"2023-06-13 15:13:00",completado
1647,339,"2023-10-18 14:11:00",completado
1648,298,"2023-12-21 02:37:00",completado
1649,102,"2023-07-03 18:28:00",cancelado
1650,420,"2023-01-01 21:00:00",completado
1651,282,"2022-10-04 09:44:00",completado
1652,377,"2023-02-23 19:45:00",completado
1653,474,"2021-09-18 07:24:00",completado
1654,276,"2022-09-03 20:42:00",completado
1655,266,"2023-01-07 05:58:00",completado
1656,401,"2022-12-05 16:51:00",completado
1657,43,"2023-08-30 02:53:00",completado
1658,420,"2022-06-11 10:35:00",completado
1659,124,"2023-06-15 19:59:00",completado
1660,345,"2022-06-29 09:25:00",completado
1661,343,"2023-11-07 13:59:00",completado
1662,373,"2023-09-09 12:55:00",completado
1663,409,"2022-02-20 01:03:00",cancelado
1664,96,"2023-08-09 21:27:00",completado
1665,67,"2021-10-03 16:27:00",completado
1666,348,"2022-12-13 02:40:00",completado
1667,467,"2022-10-12 15:56:00",reembolsado
1668,360,"2023-07-27 13:36:00",completado
1669,148,"2023-03-15 15:42:00",reembolsado
1670,490,"2023-07-10 14:04:00",completado
1671,162,"2022-06-06 20:44:00",completado
1672,334,"2023-11-02 15:22:00",completado
1673,37,"2021-06-05 05:52:00",completado
1674,140,"2023-08-13 19:52:00",completado
1675,311,"2023-07-11 01:53:00",reembolsado
1676,286,"2023-11-17 17:01:00",completado
1677,92,"2023-08-06 04:12:00",completado
1678,476,"2023-07-19 09:05:00",completado
1679,31,"2022-11-01 03:51:00",completado
1680,81,"2022-07-11 20:26:00",completado
1681,373,"2023-06-09 16:47:00",completado
1682,437,"2023-12-04 02:42:00",completado
1683,287,"2022-05-21 22:42:00",completado
1684,129,"2023-10-12 00:51:00",completado
1685,478,"2021-11-26 18:23:00",completado
1686,113,"2023-06-02 14:36:00",completado
1687,311,"2022-04-03 02:59:00",completado
1688,40,"2023-06-23 17:13:00",completado
1689,253,"2023-11-24 04:11:00",completado
1690,348,"2023-04-10 16:07:00",completado
1691,360,"2023-08-13 16:12:00",reembolsado
1692,382,"2023-06-18 13:42:00",reembolsado
1693,499,"2023-03-18 04:36:00",completado
1694,462,"2023-06-24 02:14:00",completado
1695,482,"2023-04-13 05:16:00",completado
1696,258,"2023-10-26 22:31:00",completado
1697,322,"2022-04-23 14:03:00",completado
1698,404,"2023-12-02 01:34:00",completado
1699,348,"2023-10-12 13:56:00",completado
1700,223,"2022-11-14 01:57:00",completado
1701,107,"2021-09-22 08:51:00",completado
1702,28,"2023-11-08 08:59:00",completado
1703,424,"2023-07-20 05:50:00",completado
1704,367,"2023-10-24 09:50:00",completado
1705,202,"2023-10-31 12:40:00",completado
1706,317,"2022-07-16 19:34:00",completado
1707,95,"2023-04-30 04:36:00",completado
1708,258,"2023-11-20 12:08:00",completado
1709,420,"2022-08-28 23:02:00",completado
1710,27,"2023-12-19 14:14:00",completado
1711,279,"2023-12-01 02:43:00",completado
1712,89,"2022-10-05 05:07:00",completado
1713,453,"2023-09-17 18:09:00",reembolsado
1714,385,"2022-11-02 12:56:00",completado
1715,71,"2022-11-09 22:13:00",completado
1716,284,"2023-08-16 13:51:00",completado
1717,435,"2022-10-02 15:50:00",completado
1718,87,"2022-12-20 13:30:00",reembolsado
1719,484,"2023-06-25 18:43:00",completado
1720,296,"2023-06-09 07:56:00",completado
1721,118,"2023-09-23 08:21:00",completado
1722,46,"2023-11-11 05:30:00",completado
1723,38,"2023-08-03 18:31:00",completado
1724,286,"2023-01-06 17:25:00",completado
1725,166,"2022-04-19 10:53:00",completado
1726,14,"2023-08-10 03:15:00",completado
1727,247,"2022-08-28 19:50:00",completado
1728,153,"2023-09-05 01:26:00",completado
1729,477,"2023-05-17 22:24:00",completado
1730,398,"2022-04-08 08:19:00",completado
1731,462,"2021-09-18 07:33:00",completado
1732,330,"2022-08-31 08:21:00",completado
1733,277,"2023-08-08 14:26:00",completado
1734,349,"2023-06-08 21:02:00",completado
1735,254,"2023-12-13 08:47:00",completado
1736,46,"2023-10-10 22:06:00",completado
1737,362,"2023-05-09 05:06:00",completado
1738,237,"2022-07-24 08:22:00",completado
1739,419,"2023-09-23 02:54:00",completado
1740,26,"2023-08-08 14:40:00",completado
1741,93,"2023-07-22 09:40:00",completado
1742,403,"2022-11-07 03:25:00",completado
1743,35,"2022-07-18 20:17:00",completado
1744,362,"2022-01-19 00:55:00",completado
1745,250,"2022-12-06 03:40:00",completado
1746,425,"2023-07-22 14:35:00",completado
1747,21,"2022-08-14 01:54:00",completado
1748,2,"2023-07-29 03:52:00",completado
1749,203,"2023-06-27 04:05:00",completado
1750,63,"2023-11-22 18:25:00",completado
1751,325,"2022-07-16 22:35:00",completado
1752,288,"2023-09-02 00:30:00",completado
1753,366,"2023-10-01 05:32:00",cancelado
1754,486,"2023-06-07 18:17:00",completado
1755,209,"2023-08-10 07:22:00",completado
1756,250,"2022-07-09 19:55:00",completado
1757,374,"2023-05-01 11:25:00",completado
1758,54,"2021-03-08 18:45:00",completado
1759,4,"2023-12-27 22:41:00",completado
1760,168,"2022-08-15 14:32:00",completado
1761,444,"2021-10-09 02:07:00",completado
1762,248,"2023-07-16 10:46:00",completado
1763,261,"2023-08-27 15:56:00",reembolsado
1764,414,"2022-03-20 00:06:00",completado
1765,96,"2023-12-04 03:53:00",cancelado
1766,428,"2021-05-09 22:18:00",completado
1767,161,"2023-07-16 09:31:00",completado
1768,473,"2021-09-07 08:44:00",completado
1769,133,"2023-12-15 23:04:00",completado
1770,37,"2021-08-26 14:36:00",completado
1771,347,"2023-05-31 08:52:00",reembolsado
1772,391,"2023-06-30 15:26:00",completado
1773,15,"2023-10-07 17:59:00",completado
1774,410,"2022-08-06 15:14:00",completado
1775,129,"2023-03-22 21:09:00",cancelado
1776,28,"2022-11-14 22:58:00",completado
1777,318,"2023-09-14 21:14:00",completado
1778,416,"2022-03-09 19:20:00",completado
1779,496,"2022-09-10 17:57:00",completado
1780,14,"2022-08-08 05:45:00",completado
1781,160,"2023-03-31 11:28:00",completado
1782,19,"2022-01-19 22:06:00",completado
1783,267,"2023-07-05 19:01:00",completado
1784,111,"2023-09-14 22:10:00",cancelado
1785,435,"2022-07-11 03:36:00",completado
1786,95,"2023-01-07 13:01:00",completado
1787,377,"2022-11-30 23:12:00",completado
1788,202,"2022-12-03 21:39:00",completado
1789,233,"2023-04-23 02:18:00",completado
1790,489,"2022-05-05 17:18:00",completado
1791,112,"2022-11-26 00:29:00",completado
1792,267,"2023-07-18 22:35:00",completado
1793,464,"2022-12-18 17:46:00",completado
1794,204,"2023-05-29 13:27:00",reembolsado
1795,265,"2023-10-15 12:47:00",completado
1796,226,"2022-02-27 09:58:00",completado
1797,225,"2022-09-16 12:09:00",completado
1798,434,"2023-05-27 05:23:00",completado
1799,214,"2022-06-13 19:25:00",completado
1800,448,"2023-10-19 12:10:00",completado
1801,41,"2023-12-12 15:21:00",completado
1802,242,"2022-02-04 15:05:00",completado
1803,13,"2023-07-26 20:08:00",completado
1804,321,"2022-12-31 09:39:00",completado
1805,127,"2023-10-12 19:18:00",completado
1806,353,"2021-11-19 20:44:00",completado
1807,437,"2022-10-20 21:04:00",completado
1808,163,"2021-12-22 16:03:00",completado
1809,380,"2021-08-29 23:42:00",completado
1810,253,"2023-03-06 03:05:00",reembolsado
1811,17,"2022-09-14 03:54:00",reembolsado
1812,407,"2021-12-10 19:55:00",completado
1813,249,"2022-01-25 04:27:00",completado
1814,229,"2023-07-09 07:16:00",completado
1815,200,"2022-08-11 06:26:00",completado
1816,299,"2023-06-21 07:17:00",completado
1817,136,"2022-06-22 05:35:00",completado
1818,206,"2022-08-16 09:37:00",completado
1819,432,"2022-01-18 10:32:00",completado
1820,269,"2021-12-12 17:48:00",completado
1821,28,"2022-07-28 21:24:00",completado
1822,471,"2022-07-04 10:58:00",reembolsado
1823,263,"2023-05-29 07:18:00",completado
1824,357,"2023-08-20 12:40:00",completado
1825,355,"2023-11-19 00:36:00",cancelado
1826,11,"2022-07-01 09:28:00",completado
1827,363,"2023-03-31 10:57:00",completado
1828,154,"2023-09-14 11:18:00",completado
1829,482,"2022-12-09 07:18:00",completado
1830,223,"2023-12-29 15:18:00",completado
1831,381,"2023-05-17 21:06:00",reembolsado
1832,428,"2021-05-17 22:28:00",completado
1833,232,"2023-07-22 05:56:00",cancelado
1834,183,"2022-06-04 07:40:00",completado
1835,180,"2023-12-14 18:57:00",completado
1836,189,"2022-11-30 02:49:00",completado
1837,16,"2023-02-23 15:47:00",cancelado
1838,200,"2022-11-05 20:03:00",completado
1839,244,"2023-11-06 18:20:00",completado
1840,353,"2022-11-21 18:08:00",completado
1841,371,"2023-07-27 20:01:00",completado
1842,447,"2023-11-22 03:47:00",completado
1843,173,"2023-02-11 17:33:00",completado
1844,232,"2023-06-01 18:00:00",completado
1845,201,"2022-09-28 00:42:00",completado
1846,162,"2022-11-03 22:34:00",cancelado
1847,331,"2023-06-12 04:51:00",completado
1848,41,"2022-01-22 02:40:00",completado
1849,449,"2022-08-22 04:25:00",completado
1850,205,"2023-09-17 07:21:00",completado
1851,167,"2023-06-30 17:38:00",completado
1852,72,"2023-07-30 18:20:00",reembolsado
1853,42,"2022-01-27 02:46:00",completado
1854,281,"2023-11-05 00:55:00",completado
1855,444,"2022-07-02 12:12:00",reembolsado
1856,354,"2023-12-29 20:18:00",completado
1857,279,"2022-03-10 14:51:00",completado
1858,254,"2023-07-09 01:15:00",cancelado
1859,336,"2023-03-31 02:35:00",completado
1860,392,"2023-07-12 00:43:00",completado
1861,471,"2023-05-15 04:05:00",completado
1862,107,"2022-03-23 11:41:00",cancelado
1863,407,"2023-12-29 13:46:00",completado
1864,42,"2021-12-07 20:37:00",reembolsado
1865,471,"2023-03-03 12:14:00",completado
1866,45,"2023-03-27 10:56:00",completado
1867,392,"2023-02-10 17:34:00",completado
1868,482,"2023-08-19 03:19:00",completado
1869,5,"2023-04-23 12:31:00",cancelado
1870,328,"2022-05-05 21:24:00",completado
1871,262,"2023-12-05 06:29:00",completado
1872,252,"2023-10-17 08:22:00",completado
1873,367,"2023-10-08 01:21:00",completado
1874,51,"2023-01-29 16:16:00",completado
1875,264,"2022-10-07 16:36:00",completado
1876,491,"2023-11-09 00:47:00",completado
1877,53,"2023-12-01 10:16:00",completado
1878,68,"2022-04-27 11:18:00",completado
1879,296,"2023-07-26 05:54:00",completado
1880,114,"2023-11-08 23:07:00",completado
1881,225,"2023-10-01 20:45:00",completado
1882,260,"2022-10-28 01:42:00",completado
1883,63,"2023-09-02 00:37:00",completado
1884,458,"2023-05-01 01:08:00",completado
1885,468,"2023-01-24 21:56:00",completado
1886,353,"2023-01-14 01:23:00",completado
1887,400,"2023-10-25 04:08:00",completado
1888,326,"2023-02-20 08:19:00",completado
1889,213,"2021-05-17 03:23:00",completado
1890,292,"2023-07-05 10:23:00",completado
1891,475,"2022-01-20 23:28:00",completado
1892,175,"2023-11-10 19:49:00",completado
1893,394,"2023-09-22 15:47:00",cancelado
1894,445,"2022-03-14 02:04:00",cancelado
1895,224,"2021-09-13 13:20:00",completado
1896,124,"2022-07-07 08:06:00",completado
1897,328,"2023-03-10 12:28:00",completado
1898,392,"2023-03-09 03:22:00",completado
1899,134,"2023-05-06 12:29:00",completado
1900,354,"2023-04-20 01:35:00",reembolsado
1901,107,"2022-07-02 01:21:00",completado
1902,119,"2022-12-27 22:11:00",completado
1903,294,"2023-02-12 06:43:00",completado
1904,181,"2023-10-14 00:43:00",completado
1905,105,"2023-07-06 08:26:00",completado
1906,160,"2022-12-27 05:04:00",reembolsado
1907,168,"2021-11-25 09:04:00",completado
1908,351,"2022-09-23 15:29:00",completado
1909,269,"2022-03-07 03:37:00",completado
1910,274,"2023-03-11 07:47:00",cancelado
1911,423,"2023-03-08 19:39:00",completado
1912,314,"2022-07-01 03:27:00",completado
1913,440,"2023-04-02 04:45:00",completado
1914,107,"2021-11-12 16:12:00",cancelado
1915,50,"2021-04-10 01:09:00",completado
1916,386,"2022-11-06 07:00:00",completado
1917,218,"2023-05-07 23:29:00",completado
1918,46,"2023-04-17 05:34:00",completado
1919,388,"2023-10-31 06:14:00",completado
1920,183,"2022-12-16 12:03:00",completado
1921,439,"2023-10-01 17:06:00",completado
1922,471,"2023-03-13 14:37:00",completado
1923,159,"2023-09-16 17:57:00",completado
1924,110,"2023-09-28 17:00:00",completado
1925,412,"2023-07-09 06:14:00",completado
1926,468,"2022-12-12 15:40:00",completado
1927,301,"2023-06-11 21:21:00",cancelado
1928,301,"2022-01-08 15:53:00",completado
1929,494,"2023-08-09 02:08:00",completado
1930,147,"2023-04-24 16:49:00",completado
1931,292,"2023-11-28 13:11:00",completado
1932,53,"2022-08-15 04:33:00",completado
1933,109,"2022-10-18 18:25:00",completado
1934,120,"2023-06-01 20:39:00",reembolsado
1935,192,"2023-10-14 07:54:00",reembolsado
1936,96,"2023-01-30 21:34:00",completado
1937,292,"2023-08-11 05:55:00",reembolsado
1938,500,"2023-09-01 10:30:00",completado
1939,426,"2023-01-17 08:00:00",completado
1940,315,"2022-06-30 06:18:00",completado
1941,276,"2021-08-21 20:02:00",completado
1942,309,"2022-09-18 05:53:00",completado
1943,476,"2023-09-26 03:17:00",cancelado
1944,445,"2023-03-22 12:38:00",completado
1945,266,"2022-08-19 22:26:00",completado
1946,392,"2023-11-16 23:17:00",completado
1947,308,"2023-11-22 23:59:00",completado
1948,290,"2022-11-27 17:21:00",completado
1949,332,"2022-01-02 11:31:00",completado
1950,408,"2023-02-03 07:49:00",completado
1951,28,"2023-03-23 03:20:00",completado
1952,350,"2023-02-12 17:06:00",completado
1953,240,"2023-11-11 00:30:00",completado
1954,217,"2022-08-04 17:00:00",completado
1955,381,"2023-07-03 11:40:00",completado
1956,90,"2023-05-03 00:54:00",completado
1957,188,"2023-05-02 14:46:00",reembolsado
1958,172,"2022-12-08 16:44:00",completado
1959,152,"2023-01-24 12:23:00",completado
1960,292,"2023-11-18 08:13:00",completado
1961,225,"2022-07-04 21:17:00",completado
1962,156,"2022-10-28 01:33:00",reembolsado
1963,224,"2021-04-24 21:19:00",completado
1964,67,"2021-10-31 20:10:00",completado
1965,403,"2023-12-03 07:38:00",completado
1966,390,"2023-08-18 08:30:00",reembolsado
1967,212,"2023-09-04 16:37:00",completado
1968,357,"2023-10-24 03:47:00",completado
1969,37,"2023-10-03 08:00:00",cancelado
1970,485,"2023-05-07 11:18:00",completado
1971,224,"2021-06-11 02:20:00",completado
1972,174,"2023-08-31 09:13:00",cancelado
1973,19,"2023-03-21 07:29:00",completado
1974,404,"2023-09-18 15:28:00",completado
1975,469,"2023-11-13 18:05:00",completado
1976,112,"2022-09-02 12:21:00",completado
1977,185,"2022-11-10 00:53:00",completado
1978,468,"2022-06-15 10:23:00",completado
1979,44,"2022-06-30 07:42:00",completado
1980,399,"2023-03-25 20:27:00",completado
1981,7,"2023-12-01 16:37:00",cancelado
1982,364,"2023-09-06 21:40:00",completado
1983,64,"2023-09-28 02:51:00",completado
1984,457,"2021-04-03 09:52:00",completado
1985,437,"2022-12-16 11:39:00",completado
1986,334,"2022-08-16 21:15:00",completado
1987,270,"2023-05-20 10:17:00",completado
1988,366,"2022-09-09 19:55:00",completado
1989,409,"2023-04-04 18:54:00",completado
1990,372,"2023-11-02 05:24:00",completado
1991,243,"2023-04-03 01:14:00",completado
1992,113,"2023-12-12 02:34:00",completado
1993,413,"2023-10-22 11:05:00",completado
1994,365,"2023-08-27 22:44:00",completado
1995,139,"2022-12-01 16:58:00",completado
1996,464,"2023-10-11 11:48:00",completado
1997,161,"2023-04-24 02:48:00",completado
1998,315,"2022-12-03 15:20:00",completado
1999,355,"2023-12-06 08:10:00",completado
2000,130,"2023-06-10 06:29:00",completado
2001,292,"2023-09-14 22:09:00",reembolsado
2002,287,"2022-11-22 23:19:00",completado
2003,468,"2022-12-28 17:10:00",completado
2004,216,"2023-10-15 19:36:00",completado
2005,65,"2023-02-17 16:23:00",completado
2006,24,"2023-06-02 23:33:00",completado
2007,111,"2023-06-18 23:28:00",completado
2008,335,"2023-08-04 19:55:00",completado
2009,189,"2023-06-23 01:23:00",completado
2010,455,"2023-11-22 23:09:00",completado
2011,474,"2023-06-06 22:28:00",completado
2012,1,"2023-08-31 08:06:00",completado
2013,136,"2022-12-23 13:18:00",completado
2014,298,"2023-04-23 13:24:00",completado
2015,223,"2023-12-14 13:52:00",completado
2016,451,"2021-07-10 10:01:00",completado
2017,424,"2023-09-25 17:04:00",completado
2018,331,"2023-09-30 19:27:00",completado
2019,66,"2023-07-29 11:41:00",completado
2020,251,"2022-07-20 19:11:00",completado
2021,194,"2023-07-12 23:09:00",reembolsado
2022,97,"2022-01-25 23:00:00",completado
2023,45,"2021-10-26 00:18:00",completado
2024,472,"2023-11-28 15:29:00",completado
2025,120,"2022-12-07 19:42:00",completado
2026,190,"2021-12-07 05:56:00",completado
2027,75,"2023-08-22 12:23:00",completado
2028,89,"2022-10-05 05:05:00",completado
2029,457,"2022-01-15 18:02:00",completado
2030,2,"2023-03-30 17:32:00",completado
2031,9,"2022-11-21 13:53:00",reembolsado
2032,170,"2023-10-19 14:16:00",completado
2033,140,"2023-06-18 06:28:00",completado
2034,216,"2023-06-09 07:02:00",completado
2035,458,"2023-06-27 18:25:00",completado
2036,268,"2023-06-01 21:33:00",reembolsado
2037,229,"2023-04-18 15:28:00",completado
2038,422,"2023-08-16 07:12:00",completado
2039,230,"2023-03-10 23:49:00",completado
2040,132,"2023-02-08 00:21:00",completado
2041,122,"2021-06-16 17:23:00",completado
2042,324,"2022-04-27 09:13:00",completado
2043,433,"2022-02-09 16:43:00",completado
2044,399,"2023-07-30 13:58:00",completado
2045,192,"2023-08-07 20:52:00",completado
2046,226,"2023-06-09 15:53:00",completado
2047,245,"2023-09-09 20:40:00",completado
2048,414,"2022-02-25 20:33:00",completado
2049,383,"2023-12-16 14:10:00",completado
2050,250,"2023-03-12 23:19:00",completado
2051,173,"2023-09-26 00:37:00",completado
2052,349,"2022-11-08 20:24:00",completado
2053,390,"2022-09-28 03:30:00",completado
2054,141,"2023-09-12 13:10:00",completado
2055,202,"2023-12-13 16:35:00",completado
2056,9,"2023-11-28 16:32:00",completado
2057,273,"2023-11-18 20:31:00",reembolsado
2058,447,"2023-10-24 23:08:00",completado
2059,403,"2023-08-13 02:27:00",completado
2060,127,"2022-12-24 05:19:00",completado
2061,322,"2023-06-09 21:16:00",completado
2062,251,"2023-12-28 11:23:00",completado
2063,376,"2022-04-18 01:09:00",completado
2064,190,"2022-05-10 04:06:00",cancelado
2065,236,"2022-05-23 16:17:00",completado
2066,383,"2023-08-17 22:09:00",completado
2067,411,"2023-10-03 14:15:00",completado
2068,240,"2023-12-25 12:35:00",completado
2069,277,"2023-09-20 19:25:00",completado
2070,107,"2023-06-26 05:51:00",completado
2071,58,"2023-11-14 08:59:00",completado
2072,223,"2023-05-06 04:45:00",completado
2073,432,"2021-10-11 21:08:00",cancelado
2074,158,"2022-09-10 09:09:00",completado
2075,382,"2023-05-30 06:20:00",completado
2076,339,"2023-10-24 14:18:00",completado
2077,86,"2022-06-07 20:53:00",completado
2078,229,"2023-09-04 17:11:00",completado
2079,92,"2023-05-24 00:10:00",completado
2080,331,"2023-12-13 14:15:00",completado
2081,116,"2023-01-09 20:00:00",completado
2082,421,"2023-11-02 01:39:00",cancelado
2083,143,"2023-05-14 23:15:00",completado
2084,193,"2022-12-05 06:31:00",completado
2085,17,"2022-12-12 20:01:00",reembolsado
2086,382,"2023-04-05 08:27:00",completado
2087,250,"2023-09-05 11:03:00",completado
2088,40,"2023-01-22 21:34:00",completado
2089,249,"2022-08-28 11:17:00",completado
2090,23,"2023-11-22 15:18:00",completado
2091,267,"2023-11-09 22:00:00",completado
2092,111,"2023-06-01 14:51:00",completado
2093,32,"2023-02-22 23:03:00",completado
2094,373,"2023-04-28 19:05:00",completado
2095,282,"2022-11-11 15:49:00",completado
2096,211,"2023-03-13 01:09:00",completado
2097,248,"2022-02-12 00:48:00",completado
2098,387,"2022-12-13 09:21:00",reembolsado
2099,439,"2022-07-16 17:45:00",reembolsado
2100,11,"2021-04-13 08:26:00",completado
2101,151,"2023-03-10 13:43:00",completado
2102,140,"2022-09-10 12:28:00",completado
2103,236,"2023-01-31 19:38:00",completado
2104,199,"2023-06-08 23:59:00",cancelado
2105,345,"2023-09-22 11:38:00",completado
2106,372,"2023-03-19 00:47:00",reembolsado
2107,204,"2021-09-27 01:09:00",completado
2108,8,"2023-09-04 17:22:00",completado
2109,277,"2022-08-10 17:12:00",completado
2110,257,"2023-07-22 14:35:00",completado
2111,341,"2023-05-05 15:04:00",completado
2112,205,"2023-03-21 17:08:00",completado
2113,367,"2023-11-30 03:11:00",completado
2114,453,"2021-05-20 14:46:00",completado
2115,312,"2023-10-17 11:47:00",completado
2116,467,"2023-05-21 21:55:00",completado
2117,96,"2023-12-09 04:08:00",reembolsado
2118,89,"2023-06-09 00:54:00",completado
2119,414,"2023-10-05 01:31:00",completado
2120,413,"2023-04-08 14:21:00",cancelado
2121,373,"2023-08-21 03:13:00",completado
2122,228,"2023-04-14 16:12:00",completado
2123,106,"2023-04-15 00:30:00",completado
2124,132,"2022-04-24 01:42:00",reembolsado
2125,385,"2023-04-30 10:58:00",completado
2126,293,"2023-01-18 13:54:00",completado
2127,398,"2022-01-09 18:43:00",completado
2128,154,"2023-06-12 01:10:00",completado
2129,305,"2023-06-05 05:50:00",completado
2130,308,"2023-08-17 12:00:00",completado
2131,37,"2023-08-30 04:18:00",completado
2132,51,"2023-12-18 14:00:00",completado
2133,10,"2023-09-13 02:32:00",completado
2134,282,"2021-11-30 10:02:00",completado
2135,492,"2023-02-09 03:56:00",completado
2136,472,"2023-08-24 00:24:00",cancelado
2137,266,"2023-05-11 07:51:00",completado
2138,322,"2021-08-17 04:51:00",completado
2139,466,"2023-04-27 15:22:00",completado
2140,424,"2023-12-29 10:14:00",completado
2141,271,"2023-03-16 12:22:00",completado
2142,275,"2022-09-19 20:24:00",completado
2143,142,"2022-04-26 23:48:00",completado
2144,220,"2023-11-03 07:43:00",completado
2145,361,"2021-08-10 00:56:00",completado
2146,136,"2022-04-30 20:55:00",completado
2147,159,"2023-08-21 03:27:00",completado
2148,43,"2023-10-20 08:04:00",completado
2149,490,"2023-10-19 14:54:00",completado
2150,237,"2023-09-14 17:05:00",completado
2151,201,"2021-12-14 06:59:00",completado
2152,460,"2023-09-24 05:24:00",completado
2153,237,"2023-02-01 21:08:00",completado
2154,332,"2021-07-26 16:07:00",reembolsado
2155,234,"2023-03-23 10:32:00",completado
2156,336,"2022-11-11 02:19:00",completado
2157,481,"2023-03-20 12:36:00",completado
2158,74,"2023-01-23 21:01:00",completado
2159,231,"2023-02-11 22:40:00",completado
2160,39,"2023-12-29 18:47:00",reembolsado
2161,211,"2023-11-19 01:45:00",completado
2162,322,"2022-11-15 18:10:00",completado
2163,184,"2023-12-26 20:17:00",completado
2164,386,"2023-02-27 22:49:00",completado
2165,45,"2022-01-27 10:14:00",completado
2166,420,"2023-06-06 00:54:00",completado
2167,280,"2023-02-21 01:13:00",completado
2168,156,"2023-12-01 22:44:00",completado
2169,13,"2023-10-25 15:57:00",completado
2170,135,"2023-06-11 22:15:00",completado
2171,282,"2021-12-21 13:38:00",completado
2172,313,"2023-04-03 12:29:00",completado
2173,31,"2023-12-07 14:11:00",reembolsado
2174,96,"2022-11-08 00:43:00",completado
2175,175,"2023-07-31 14:56:00",reembolsado
2176,76,"2023-10-11 18:19:00",completado
2177,464,"2023-06-08 07:43:00",completado
2178,304,"2022-06-11 21:05:00",completado
2179,241,"2023-07-10 12:10:00",completado
2180,450,"2022-12-04 21:35:00",completado
2181,53,"2023-11-04 04:12:00",completado
2182,203,"2023-06-16 23:07:00",completado
2183,155,"2023-10-30 15:24:00",completado
2184,403,"2022-12-12 12:02:00",reembolsado
2185,434,"2023-12-15 05:20:00",completado
2186,444,"2023-05-15 03:27:00",completado
2187,54,"2023-02-18 04:45:00",completado
2188,288,"2023-12-16 00:13:00",completado
2189,298,"2023-07-20 11:29:00",completado
2190,123,"2022-10-19 15:56:00",completado
2191,68,"2021-06-21 21:22:00",completado
2192,494,"2022-12-22 15:36:00",completado
2193,359,"2021-04-09 20:20:00",completado
2194,261,"2023-08-25 14:44:00",completado
2195,379,"2021-12-26 22:28:00",completado
2196,208,"2022-09-20 13:41:00",completado
2197,203,"2023-05-02 02:19:00",completado
2198,345,"2023-12-13 20:18:00",reembolsado
2199,47,"2023-12-07 14:02:00",completado
2200,280,"2023-09-17 05:48:00",completado
2201,330,"2022-01-07 01:42:00",completado
2202,111,"2023-08-31 15:46:00",completado
2203,252,"2023-05-08 19:20:00",completado
2204,203,"2023-12-14 11:30:00",completado
2205,259,"2023-12-30 10:14:00",completado
2206,48,"2021-12-05 06:21:00",completado
2207,72,"2023-07-19 17:06:00",completado
2208,498,"2023-05-23 08:36:00",completado
2209,332,"2023-11-22 19:13:00",completado
2210,158,"2023-01-25 10:47:00",completado
2211,288,"2023-08-22 20:40:00",completado
2212,281,"2023-12-06 18:08:00",completado
2213,376,"2023-05-21 01:20:00",completado
2214,213,"2021-11-07 23:04:00",reembolsado
2215,447,"2022-06-13 13:26:00",completado
2216,64,"2023-06-19 13:24:00",completado
2217,343,"2022-05-13 12:15:00",reembolsado
2218,481,"2022-01-09 02:00:00",completado
2219,102,"2023-09-23 23:42:00",completado
2220,250,"2023-02-10 16:10:00",completado
2221,65,"2023-12-04 04:13:00",completado
2222,355,"2023-11-09 19:40:00",completado
2223,186,"2022-11-28 07:17:00",completado
2224,164,"2023-12-04 14:11:00",completado
2225,48,"2021-07-07 13:19:00",completado
2226,228,"2023-02-01 21:41:00",completado
2227,31,"2023-09-26 23:26:00",reembolsado
2228,41,"2022-12-05 17:53:00",completado
2229,351,"2023-11-20 16:35:00",completado
2230,208,"2022-12-26 05:35:00",completado
2231,363,"2023-05-05 14:44:00",completado
2232,412,"2023-09-01 06:44:00",completado
2233,312,"2023-03-14 13:24:00",completado
2234,316,"2022-08-13 15:41:00",completado
2235,409,"2022-11-28 22:13:00",completado
2236,46,"2023-01-22 09:54:00",completado
2237,18,"2022-10-15 05:49:00",completado
2238,60,"2023-07-19 23:05:00",completado
2239,498,"2023-06-19 22:07:00",completado
2240,105,"2023-07-01 08:17:00",completado
2241,102,"2023-12-29 08:52:00",completado
2242,88,"2022-03-29 01:52:00",completado
2243,234,"2023-09-06 17:08:00",completado
2244,367,"2023-11-29 03:05:00",cancelado
2245,2,"2023-08-12 07:35:00",cancelado
2246,318,"2023-01-22 06:42:00",completado
2247,188,"2021-06-17 23:54:00",completado
2248,339,"2022-12-08 23:04:00",completado
2249,362,"2023-01-10 10:32:00",completado
2250,336,"2022-09-17 17:40:00",completado
2251,278,"2023-08-07 12:10:00",completado
2252,267,"2023-10-29 20:35:00",completado
2253,116,"2023-10-20 10:37:00",completado
2254,287,"2022-05-17 22:36:00",completado
2255,297,"2023-10-01 00:22:00",completado
2256,330,"2022-09-07 09:31:00",completado
2257,300,"2023-09-07 22:00:00",completado
2258,126,"2021-12-18 09:49:00",completado
2259,404,"2023-07-16 11:18:00",completado
2260,289,"2023-02-28 12:41:00",completado
2261,198,"2022-12-31 09:22:00",completado
2262,427,"2023-05-05 16:32:00",completado
2263,106,"2022-08-02 16:19:00",completado
2264,194,"2023-12-07 07:49:00",completado
2265,315,"2022-12-28 20:17:00",completado
2266,39,"2023-06-30 06:18:00",completado
2267,391,"2022-12-26 14:31:00",completado
2268,330,"2022-10-05 13:13:00",completado
2269,417,"2023-04-28 08:03:00",reembolsado
2270,168,"2023-12-02 20:23:00",completado
2271,38,"2023-06-16 11:06:00",completado
2272,271,"2023-04-12 19:33:00",completado
2273,485,"2022-02-24 11:05:00",completado
2274,136,"2022-11-05 05:49:00",completado
2275,194,"2023-11-18 21:01:00",completado
2276,455,"2022-02-08 08:39:00",completado
2277,464,"2023-03-11 11:07:00",completado
2278,398,"2023-07-12 11:59:00",completado
2279,272,"2022-08-13 23:50:00",completado
2280,426,"2022-10-19 19:37:00",completado
2281,170,"2022-01-21 07:47:00",cancelado
2282,214,"2023-08-12 17:18:00",completado
2283,397,"2023-02-05 02:24:00",completado
2284,493,"2022-01-12 07:45:00",completado
2285,299,"2023-04-22 09:18:00",completado
2286,222,"2021-09-19 00:53:00",completado
2287,105,"2022-10-08 19:39:00",reembolsado
2288,478,"2021-10-09 11:09:00",completado
2289,189,"2023-08-28 16:08:00",completado
2290,413,"2023-04-01 11:51:00",completado
2291,237,"2023-07-28 07:24:00",cancelado
2292,149,"2023-02-07 08:41:00",completado
2293,143,"2022-08-07 08:42:00",completado
2294,124,"2022-12-29 14:40:00",completado
2295,387,"2021-11-11 00:58:00",completado
2296,236,"2022-10-03 18:12:00",completado
2297,442,"2022-07-10 03:38:00",completado
2298,87,"2023-10-14 21:46:00",completado
2299,324,"2023-05-02 14:55:00",completado
2300,185,"2022-10-18 21:11:00",completado
2301,127,"2022-03-10 15:22:00",completado
2302,210,"2022-12-29 11:56:00",completado
2303,291,"2023-10-17 17:37:00",completado
2304,161,"2023-12-17 19:15:00",completado
2305,270,"2022-11-16 19:10:00",completado
2306,138,"2022-10-15 20:42:00",completado
2307,381,"2023-12-02 08:01:00",cancelado
2308,273,"2023-03-08 15:31:00",completado
2309,329,"2023-05-15 06:09:00",completado
2310,142,"2022-11-09 00:18:00",completado
2311,267,"2022-10-02 09:18:00",completado
2312,401,"2023-02-14 09:55:00",completado
2313,46,"2022-11-06 14:32:00",completado
2314,152,"2023-03-24 07:52:00",completado
2315,312,"2023-11-11 16:43:00",completado
2316,167,"2023-04-12 07:22:00",completado
2317,437,"2023-10-20 15:40:00",completado
2318,272,"2023-10-03 18:13:00",completado
2319,301,"2021-11-10 06:13:00",completado
2320,58,"2022-08-02 11:15:00",completado
2321,323,"2023-08-25 23:09:00",completado
2322,120,"2023-05-26 18:20:00",completado
2323,293,"2023-06-06 05:50:00",completado
2324,495,"2023-05-22 05:06:00",completado
2325,451,"2021-10-15 22:20:00",completado
2326,269,"2023-09-14 20:37:00",completado
2327,381,"2023-11-22 05:27:00",completado
2328,202,"2022-07-04 04:26:00",completado
2329,196,"2023-09-14 07:53:00",completado
2330,17,"2023-01-15 02:13:00",completado
2331,433,"2021-08-11 17:26:00",cancelado
2332,269,"2023-03-08 22:30:00",completado
2333,154,"2023-11-05 05:44:00",completado
2334,200,"2022-04-19 11:55:00",completado
2335,102,"2023-02-05 15:02:00",completado
2336,137,"2023-02-27 18:24:00",completado
2337,421,"2022-05-05 09:20:00",completado
2338,127,"2021-12-26 05:36:00",completado
2339,321,"2023-03-11 22:55:00",completado
2340,366,"2023-08-28 00:37:00",cancelado
2341,351,"2021-06-27 10:46:00",completado
2342,123,"2023-02-28 00:05:00",completado
2343,48,"2021-01-04 17:37:00",completado
2344,119,"2023-08-03 08:16:00",completado
2345,201,"2023-07-13 18:25:00",reembolsado
2346,132,"2022-06-20 10:24:00",completado
2347,434,"2023-02-08 02:35:00",reembolsado
2348,375,"2023-10-03 14:46:00",completado
2349,35,"2022-09-20 11:55:00",completado
2350,292,"2023-08-06 02:27:00",completado
2351,169,"2022-11-22 00:48:00",completado
2352,322,"2022-03-21 09:14:00",completado
2353,110,"2022-07-12 20:21:00",completado
2354,326,"2022-11-23 13:54:00",completado
2355,87,"2022-12-25 14:42:00",completado
2356,137,"2023-10-05 22:23:00",completado
2357,324,"2023-12-28 01:13:00",completado
2358,399,"2023-10-01 09:42:00",completado
2359,168,"2021-05-07 10:53:00",completado
2360,476,"2023-05-08 15:47:00",completado
2361,428,"2023-04-12 04:45:00",completado
2362,278,"2022-02-06 13:01:00",completado
2363,48,"2022-09-07 12:55:00",cancelado
2364,371,"2023-09-29 00:14:00",completado
2365,241,"2023-02-24 16:31:00",completado
2366,409,"2023-07-17 10:54:00",completado
2367,3,"2023-02-26 15:39:00",completado
2368,236,"2022-05-26 16:23:00",completado
2369,421,"2022-07-24 21:42:00",completado
2370,13,"2023-05-01 04:48:00",completado
2371,117,"2022-12-04 02:54:00",completado
2372,144,"2023-06-11 21:16:00",completado
2373,289,"2022-03-13 12:53:00",completado
2374,37,"2021-06-10 06:58:00",completado
2375,185,"2023-03-15 21:41:00",completado
2376,185,"2022-10-13 20:04:00",completado
2377,76,"2023-03-20 19:38:00",reembolsado
2378,234,"2023-11-09 04:15:00",completado
2379,211,"2023-03-18 03:32:00",completado
2380,90,"2021-10-30 16:20:00",completado
2381,103,"2023-10-27 23:10:00",completado
2382,196,"2023-07-31 02:58:00",completado
2383,229,"2022-09-13 00:11:00",completado
2384,161,"2023-04-28 03:02:00",completado
2385,89,"2023-10-15 22:55:00",completado
2386,210,"2023-01-09 14:28:00",completado
2387,167,"2023-08-28 18:12:00",completado
2388,22,"2022-12-19 22:47:00",completado
2389,239,"2023-03-08 16:17:00",completado
2390,88,"2023-03-31 14:03:00",completado
2391,16,"2023-06-04 01:55:00",completado
2392,452,"2022-12-19 12:46:00",completado
2393,290,"2023-07-15 08:51:00",completado
2394,340,"2023-09-04 21:08:00",cancelado
2395,144,"2023-06-04 20:03:00",completado
2396,86,"2023-06-07 12:16:00",completado
2397,200,"2023-08-22 21:00:00",completado
2398,24,"2023-07-11 11:54:00",cancelado
2399,388,"2023-12-21 10:24:00",completado
2400,353,"2022-08-01 04:34:00",completado
2401,10,"2023-07-31 07:13:00",reembolsado
2402,385,"2023-07-10 19:32:00",reembolsado
2403,413,"2023-12-30 12:35:00",completado
2404,83,"2023-06-01 20:10:00",completado
2405,42,"2021-08-19 06:07:00",completado
2406,27,"2023-04-15 22:37:00",completado
2407,369,"2023-11-20 22:15:00",completado
2408,250,"2023-05-08 11:31:00",completado
2409,432,"2022-08-19 14:46:00",cancelado
2410,446,"2023-08-05 17:43:00",completado
2411,221,"2021-05-19 02:18:00",completado
2412,262,"2023-11-29 05:19:00",completado
2413,449,"2022-06-09 13:40:00",completado
2414,305,"2023-07-22 21:46:00",completado
2415,474,"2022-09-21 10:51:00",completado
2416,430,"2023-06-25 23:30:00",completado
2417,379,"2021-12-18 20:16:00",completado
2418,167,"2023-06-29 17:32:00",completado
2419,410,"2023-06-19 16:32:00",completado
2420,79,"2022-05-22 23:07:00",completado
2421,407,"2022-12-07 02:00:00",completado
2422,133,"2023-03-27 07:50:00",completado
2423,110,"2023-12-09 04:06:00",completado
2424,209,"2023-12-07 12:41:00",completado
2425,212,"2023-07-01 12:37:00",completado
2426,44,"2021-12-30 04:42:00",completado
2427,316,"2022-06-08 07:16:00",completado
2428,216,"2023-01-05 12:04:00",completado
2429,420,"2023-07-07 05:53:00",completado
2430,144,"2023-05-27 19:50:00",completado
2431,17,"2023-06-16 07:34:00",completado
2432,250,"2023-09-15 13:27:00",completado
2433,484,"2023-07-20 23:29:00",completado
2434,431,"2022-08-06 20:58:00",completado
2435,491,"2023-11-24 08:06:00",completado
2436,463,"2021-11-27 12:23:00",reembolsado
2437,412,"2023-12-21 08:50:00",completado
2438,368,"2023-04-09 00:57:00",completado
2439,293,"2023-05-01 01:04:00",completado
2440,135,"2023-05-14 08:38:00",completado
2441,126,"2023-12-03 01:26:00",cancelado
2442,360,"2023-01-06 21:17:00",completado
2443,458,"2023-08-20 11:32:00",completado
2444,128,"2023-03-10 11:38:00",completado
2445,173,"2022-12-09 01:42:00",completado
2446,303,"2023-03-07 09:16:00",completado
2447,330,"2022-02-21 07:46:00",completado
2448,433,"2021-08-22 18:42:00",completado
2449,98,"2023-06-30 09:42:00",completado
2450,45,"2022-07-09 05:33:00",completado
2451,328,"2022-06-07 01:10:00",completado
2452,251,"2022-08-28 01:24:00",completado
2453,9,"2023-07-02 10:03:00",cancelado
2454,192,"2022-10-05 18:41:00",completado
2455,119,"2022-09-17 07:21:00",reembolsado
2456,150,"2022-05-27 06:39:00",completado
2457,295,"2023-07-26 13:25:00",completado
2458,261,"2023-10-16 18:48:00",completado
2459,6,"2023-11-19 08:12:00",reembolsado
2460,263,"2021-09-26 05:45:00",cancelado
2461,419,"2023-12-06 21:51:00",completado
2462,436,"2022-05-19 17:27:00",completado
2463,361,"2023-12-15 18:49:00",completado
2464,22,"2022-01-18 04:10:00",completado
2465,320,"2023-09-08 18:36:00",completado
2466,248,"2022-11-14 19:45:00",completado
2467,391,"2023-11-11 02:55:00",completado
2468,399,"2023-11-25 03:56:00",completado
2469,30,"2023-03-02 08:38:00",completado
2470,412,"2023-11-04 11:58:00",completado
2471,382,"2023-06-02 07:33:00",completado
2472,371,"2023-11-23 01:49:00",completado
2473,223,"2022-10-25 23:25:00",reembolsado
2474,80,"2022-08-03 15:29:00",completado
2475,301,"2023-09-17 12:05:00",completado
2476,121,"2022-10-11 09:13:00",cancelado
2477,266,"2023-06-18 15:20:00",completado
2478,4,"2023-11-14 05:36:00",completado
2479,226,"2021-04-12 20:10:00",completado
2480,295,"2023-06-11 19:04:00",completado
2481,363,"2023-02-12 04:55:00",completado
2482,364,"2023-08-08 10:35:00",completado
2483,380,"2021-11-24 10:50:00",completado
2484,498,"2023-05-25 09:47:00",completado
2485,240,"2022-10-13 22:32:00",completado
2486,349,"2022-01-22 09:03:00",completado
2487,405,"2023-01-16 14:24:00",completado
2488,39,"2022-08-20 18:10:00",completado
2489,180,"2023-05-10 20:29:00",completado
2490,428,"2023-05-05 07:14:00",completado
2491,316,"2022-01-10 14:03:00",completado
2492,328,"2022-10-06 16:55:00",completado
2493,493,"2023-04-15 16:16:00",completado
2494,453,"2021-06-04 15:04:00",completado
2495,350,"2023-12-03 12:55:00",completado
2496,456,"2022-09-26 03:56:00",completado
2497,330,"2023-03-22 11:16:00",completado
2498,211,"2023-06-21 16:10:00",completado
2499,428,"2022-12-03 14:06:00",completado
2500,201,"2023-12-07 15:22:00",completado
2501,299,"2023-09-08 12:32:00",completado
2502,278,"2023-05-20 02:17:00",completado
2503,143,"2023-01-09 19:07:00",completado
2504,361,"2023-06-15 17:19:00",completado
2505,370,"2023-06-16 05:57:00",cancelado
2506,461,"2023-07-11 04:47:00",completado
2507,141,"2022-03-01 13:55:00",completado
2508,214,"2023-10-15 04:16:00",reembolsado
2509,10,"2023-11-21 06:44:00",completado
2510,423,"2022-10-19 13:08:00",cancelado
2511,349,"2023-08-28 06:48:00",completado
2512,209,"2023-08-25 10:03:00",completado
2513,346,"2023-08-20 17:25:00",completado
2514,51,"2022-09-17 11:00:00",completado
2515,92,"2023-12-13 04:04:00",completado
2516,110,"2023-03-09 10:14:00",completado
2517,270,"2022-07-27 19:50:00",completado
2518,62,"2023-01-11 22:47:00",reembolsado
2519,132,"2022-04-22 00:38:00",completado
2520,479,"2023-07-19 07:01:00",reembolsado
2521,430,"2023-06-29 01:56:00",completado
2522,406,"2021-12-21 10:41:00",completado
2523,197,"2023-06-07 04:26:00",completado
2524,320,"2022-11-04 04:49:00",completado
2525,421,"2023-08-25 14:33:00",completado
2526,46,"2023-03-02 18:34:00",completado
2527,480,"2022-07-09 06:44:00",completado
2528,174,"2021-04-28 05:02:00",completado
2529,374,"2023-08-06 18:08:00",completado
2530,487,"2022-05-11 20:11:00",completado
2531,17,"2022-04-23 23:48:00",completado
2532,402,"2023-03-23 20:59:00",completado
2533,260,"2023-03-30 21:26:00",completado
2534,24,"2023-07-22 15:34:00",completado
2535,411,"2023-07-29 05:03:00",reembolsado
2536,479,"2023-01-01 07:39:00",completado
2537,5,"2023-09-14 08:08:00",completado
2538,301,"2022-01-01 13:39:00",completado
2539,94,"2023-05-15 00:00:00",completado
2540,183,"2022-05-03 02:47:00",completado
2541,123,"2023-01-11 12:50:00",completado
2542,157,"2023-04-04 11:21:00",completado
2543,444,"2022-10-07 00:24:00",reembolsado
2544,27,"2023-08-30 12:00:00",completado
2545,242,"2023-07-15 08:30:00",completado
2546,168,"2021-08-01 19:39:00",reembolsado
2547,443,"2023-12-17 04:06:00",completado
2548,47,"2023-12-07 14:03:00",completado
2549,440,"2023-04-02 03:44:00",completado
2550,399,"2023-10-08 11:06:00",completado
2551,400,"2023-09-13 21:57:00",cancelado
2552,473,"2022-10-14 15:47:00",completado
2553,432,"2021-11-27 03:17:00",completado
2554,422,"2023-07-08 23:46:00",completado
2555,477,"2022-07-22 08:24:00",completado
2556,227,"2021-07-13 17:36:00",completado
2557,218,"2023-05-11 00:42:00",completado
2558,57,"2023-07-03 16:38:00",completado
2559,217,"2023-10-20 03:03:00",completado
2560,160,"2023-02-28 01:40:00",completado
2561,212,"2023-10-24 12:25:00",completado
2562,384,"2023-06-10 16:11:00",reembolsado
2563,150,"2022-01-12 09:47:00",completado
2564,271,"2023-03-09 11:04:00",completado
2565,137,"2023-10-31 07:03:00",completado
2566,144,"2022-05-20 13:52:00",completado
2567,276,"2021-12-19 11:46:00",completado
2568,209,"2023-05-16 10:31:00",completado
2569,370,"2023-08-21 18:37:00",completado
2570,107,"2022-04-20 15:25:00",completado
2571,457,"2023-01-07 12:39:00",completado
2572,431,"2023-10-13 17:00:00",completado
2573,281,"2023-12-01 15:33:00",completado
2574,7,"2023-05-06 17:04:00",completado
2575,88,"2022-08-11 23:59:00",cancelado
2576,295,"2023-04-05 15:03:00",completado
2577,39,"2023-03-28 12:59:00",completado
2578,449,"2023-02-16 16:56:00",completado
2579,31,"2023-03-15 06:57:00",completado
2580,26,"2023-08-14 15:56:00",completado
2581,190,"2023-05-02 09:46:00",completado
2582,294,"2023-10-06 04:32:00",completado
2583,113,"2023-12-11 01:32:00",completado
2584,262,"2022-09-15 14:41:00",completado
2585,423,"2022-08-28 02:07:00",completado
2586,429,"2022-06-27 20:04:00",completado
2587,413,"2023-03-21 08:11:00",completado
2588,197,"2023-04-16 11:26:00",completado
2589,173,"2023-04-08 06:01:00",completado
2590,10,"2023-08-04 09:28:00",completado
2591,400,"2023-03-17 17:51:00",cancelado
2592,436,"2022-04-28 13:46:00",completado
2593,155,"2022-10-26 23:48:00",completado
2594,159,"2023-07-17 08:00:00",completado
2595,110,"2022-07-07 19:12:00",completado
2596,472,"2023-11-18 10:42:00",completado
2597,75,"2023-07-11 12:03:00",completado
2598,482,"2022-12-21 09:41:00",completado
2599,272,"2023-03-29 11:36:00",completado
2600,20,"2023-04-23 10:52:00",cancelado
2601,415,"2023-11-24 21:56:00",completado
2602,499,"2023-01-22 15:13:00",completado
2603,448,"2023-09-02 00:56:00",completado
2604,136,"2023-07-01 21:13:00",completado
2605,27,"2023-07-05 11:21:00",completado
2606,465,"2022-09-23 14:06:00",completado
2607,109,"2022-04-29 18:58:00",completado
2608,283,"2023-07-19 08:23:00",reembolsado
2609,483,"2022-12-22 19:25:00",completado
2610,452,"2023-04-25 18:23:00",completado
2611,30,"2023-01-08 02:32:00",completado
2612,498,"2023-08-24 07:09:00",reembolsado
2613,328,"2023-11-22 20:17:00",completado
2614,6,"2023-12-24 20:24:00",completado
2615,458,"2023-04-30 00:03:00",reembolsado
2616,207,"2022-11-10 15:01:00",reembolsado
2617,133,"2023-04-22 16:28:00",completado
2618,254,"2023-12-18 09:58:00",completado
2619,388,"2023-08-28 19:49:00",completado
2620,483,"2022-04-03 04:17:00",completado
2621,402,"2022-12-08 20:32:00",reembolsado
2622,107,"2022-07-30 05:06:00",completado
2623,67,"2022-08-23 15:59:00",cancelado
2624,266,"2022-06-30 12:27:00",completado
2625,124,"2022-02-18 08:41:00",completado
2626,252,"2023-05-28 03:39:00",completado
2627,337,"2023-07-25 21:10:00",completado
2628,41,"2023-07-19 21:02:00",completado
2629,41,"2023-03-23 07:21:00",completado
2630,334,"2023-08-02 01:52:00",completado
2631,210,"2023-02-14 00:18:00",completado
2632,386,"2023-03-27 02:30:00",completado
2633,194,"2023-10-14 02:28:00",completado
2634,47,"2022-01-19 21:50:00",completado
2635,351,"2023-10-03 11:35:00",completado
2636,284,"2023-05-31 14:34:00",completado
2637,395,"2023-11-06 02:46:00",completado
2638,332,"2023-05-07 20:58:00",completado
2639,33,"2023-09-30 03:06:00",completado
2640,119,"2023-04-02 13:50:00",completado
2641,116,"2023-06-04 16:03:00",completado
2642,167,"2023-05-05 17:11:00",completado
2643,73,"2023-06-10 05:00:00",completado
2644,85,"2023-10-31 13:27:00",completado
2645,293,"2022-01-02 17:49:00",completado
2646,450,"2022-09-19 05:40:00",completado
2647,432,"2022-08-14 14:41:00",completado
2648,321,"2023-05-08 08:46:00",completado
2649,425,"2022-03-19 02:32:00",completado
2650,23,"2023-09-09 04:21:00",completado
2651,461,"2023-11-19 12:56:00",completado
2652,174,"2021-08-04 17:07:00",completado
2653,236,"2022-05-26 16:22:00",completado
2654,483,"2022-06-23 16:29:00",completado
2655,196,"2021-02-06 20:13:00",completado
2656,104,"2021-11-16 09:55:00",completado
2657,159,"2023-06-10 13:27:00",completado
2658,481,"2022-08-03 06:02:00",completado
2659,386,"2022-06-29 14:47:00",completado
2660,179,"2023-05-17 14:48:00",completado
2661,64,"2022-05-20 09:52:00",completado
2662,420,"2022-04-12 00:44:00",completado
2663,286,"2023-06-10 16:05:00",completado
2664,339,"2023-05-23 19:50:00",completado
2665,498,"2023-11-25 06:47:00",completado
2666,160,"2023-04-20 17:36:00",completado
2667,221,"2021-06-26 07:05:00",completado
2668,412,"2023-08-11 20:57:00",completado
2669,182,"2023-12-20 19:05:00",reembolsado
2670,114,"2023-10-26 21:46:00",completado
2671,389,"2022-08-13 23:08:00",completado
2672,430,"2023-08-07 00:04:00",completado
2673,187,"2022-11-29 21:16:00",completado
2674,309,"2023-02-13 03:57:00",completado
2675,380,"2023-08-20 23:22:00",completado
2676,190,"2022-01-05 09:43:00",completado
2677,147,"2023-06-08 02:44:00",completado
2678,301,"2022-07-02 17:44:00",completado
2679,93,"2023-10-21 23:13:00",completado
2680,483,"2021-12-10 11:11:00",completado
2681,105,"2021-11-29 01:48:00",completado
2682,139,"2022-04-25 07:51:00",completado
2683,372,"2022-12-10 02:38:00",completado
2684,45,"2022-06-05 01:51:00",reembolsado
2685,316,"2022-05-06 03:33:00",completado
2686,350,"2023-09-13 11:17:00",completado
2687,446,"2023-08-10 20:16:00",completado
2688,118,"2023-07-18 17:33:00",completado
2689,493,"2021-10-06 18:29:00",reembolsado
2690,105,"2022-12-20 05:28:00",completado
2691,154,"2023-12-25 23:01:00",completado
2692,102,"2023-03-17 05:36:00",completado
2693,166,"2022-05-13 14:41:00",completado
2694,208,"2022-07-13 01:34:00",completado
2695,283,"2021-09-28 14:53:00",completado
2696,137,"2023-02-05 10:00:00",completado
2697,496,"2021-03-31 03:41:00",cancelado
2698,249,"2022-12-01 02:52:00",completado
2699,129,"2023-06-02 00:56:00",completado
2700,366,"2023-09-14 03:05:00",cancelado
2701,83,"2023-08-15 10:45:00",completado
2702,317,"2022-05-19 07:31:00",completado
2703,339,"2022-11-04 19:18:00",completado
2704,79,"2022-10-03 19:38:00",completado
2705,488,"2023-06-04 15:04:00",completado
2706,153,"2023-07-14 02:19:00",completado
2707,295,"2023-04-22 23:21:00",completado
2708,279,"2022-09-30 01:16:00",completado
2709,394,"2023-06-17 15:29:00",completado
2710,219,"2023-08-29 04:46:00",completado
2711,256,"2023-02-17 05:04:00",completado
2712,452,"2022-12-31 15:20:00",reembolsado
2713,421,"2022-12-29 23:25:00",completado
2714,264,"2022-10-05 15:31:00",completado
2715,278,"2023-02-24 15:13:00",completado
2716,71,"2022-03-02 07:10:00",reembolsado
2717,195,"2023-05-10 15:37:00",completado
2718,246,"2023-02-26 08:12:00",cancelado
2719,485,"2022-09-29 22:37:00",completado
2720,149,"2023-11-29 15:33:00",completado
2721,368,"2023-05-04 11:56:00",completado
2722,466,"2023-04-12 10:24:00",completado
2723,151,"2022-01-24 10:19:00",completado
2724,244,"2023-09-16 01:15:00",completado
2725,33,"2023-06-18 09:49:00",completado
2726,354,"2023-02-26 06:06:00",completado
2727,303,"2023-05-29 10:54:00",completado
2728,495,"2023-12-12 15:24:00",completado
2729,94,"2021-12-10 20:56:00",completado
2730,137,"2023-10-25 05:38:00",completado
2731,339,"2023-12-16 21:30:00",completado
2732,197,"2022-12-26 01:11:00",completado
2733,57,"2023-02-28 07:36:00",completado
2734,260,"2023-02-09 15:16:00",completado
2735,64,"2022-11-22 09:21:00",completado
2736,483,"2022-12-05 16:55:00",reembolsado
2737,491,"2023-08-01 01:08:00",completado
2738,55,"2023-09-19 09:24:00",completado
2739,28,"2023-03-20 02:13:00",completado
2740,136,"2023-08-09 04:27:00",completado
2741,500,"2022-05-13 04:33:00",completado
2742,115,"2022-05-08 14:19:00",completado
2743,442,"2022-04-20 15:31:00",completado
2744,420,"2022-04-18 01:55:00",completado
2745,203,"2023-10-25 11:15:00",completado
2746,241,"2023-02-22 16:28:00",completado
2747,312,"2023-09-04 02:08:00",completado
2748,468,"2022-06-08 08:09:00",reembolsado
2749,433,"2023-09-22 20:39:00",completado
2750,433,"2023-04-02 22:35:00",completado
2751,245,"2023-05-22 04:45:00",completado
2752,123,"2023-08-04 16:23:00",completado
2753,120,"2023-05-07 13:21:00",completado
2754,358,"2022-11-16 15:32:00",completado
2755,453,"2023-04-24 01:59:00",completado
2756,298,"2023-11-03 14:24:00",completado
2757,26,"2023-12-19 17:47:00",completado
2758,160,"2023-09-14 15:03:00",completado
2759,414,"2023-08-09 17:11:00",completado
2760,86,"2023-12-06 08:56:00",completado
2761,375,"2023-12-22 15:17:00",completado
2762,451,"2022-06-08 05:56:00",cancelado
2763,104,"2023-07-19 07:14:00",completado
2764,63,"2023-12-20 09:04:00",completado
2765,413,"2023-03-12 04:36:00",completado
2766,246,"2023-02-18 05:43:00",completado
2767,263,"2022-06-01 12:16:00",completado
2768,5,"2023-01-31 01:26:00",cancelado
2769,347,"2023-06-07 11:23:00",completado
2770,116,"2023-12-28 06:24:00",completado
2771,37,"2022-10-09 14:21:00",completado
2772,26,"2022-09-23 19:29:00",cancelado
2773,23,"2022-01-10 14:30:00",completado
2774,72,"2022-01-23 21:40:00",completado
2775,348,"2021-10-23 04:07:00",completado
2776,277,"2023-07-20 11:59:00",completado
2777,116,"2023-04-30 06:06:00",completado
2778,362,"2022-11-16 01:54:00",completado
2779,397,"2021-01-14 15:07:00",completado
2780,409,"2023-09-23 21:53:00",completado
2781,332,"2022-12-23 05:07:00",cancelado
2782,219,"2023-04-28 15:02:00",completado
2783,118,"2023-12-05 01:24:00",completado
2784,194,"2023-10-25 08:38:00",completado
2785,30,"2022-09-05 11:51:00",completado
2786,466,"2023-02-27 19:36:00",completado
2787,140,"2023-03-04 05:58:00",completado
2788,100,"2023-07-23 07:17:00",completado
2789,224,"2022-12-19 19:15:00",completado
2790,255,"2023-01-03 06:38:00",completado
2791,338,"2023-07-28 04:58:00",completado
2792,27,"2023-05-16 12:09:00",completado
2793,160,"2023-11-09 09:16:00",completado
2794,12,"2023-08-04 22:52:00",completado
2795,96,"2023-07-25 18:45:00",completado
2796,41,"2022-06-11 19:51:00",completado
2797,4,"2023-05-16 07:42:00",reembolsado
2798,308,"2021-08-18 03:13:00",completado
2799,421,"2023-09-03 16:50:00",completado
2800,97,"2023-06-28 12:09:00",completado
2801,385,"2023-07-11 19:33:00",completado
2802,157,"2023-12-23 00:08:00",completado
2803,490,"2023-09-20 00:23:00",completado
2804,303,"2023-12-11 22:49:00",completado
2805,425,"2022-08-04 19:38:00",completado
2806,133,"2023-06-05 06:10:00",completado
2807,10,"2023-12-02 10:31:00",completado
2808,399,"2023-12-24 12:40:00",completado
2809,114,"2022-10-02 09:47:00",completado
2810,255,"2023-11-23 05:22:00",completado
2811,147,"2023-05-17 21:47:00",completado
2812,270,"2022-11-03 16:40:00",completado
2813,441,"2023-05-18 01:06:00",completado
2814,127,"2021-09-21 17:18:00",reembolsado
2815,190,"2022-02-03 14:32:00",completado
2816,180,"2023-05-13 21:38:00",completado
2817,23,"2023-01-04 17:55:00",completado
2818,488,"2023-04-21 08:44:00",completado
2819,397,"2021-05-01 02:17:00",completado
2820,429,"2023-04-03 04:15:00",reembolsado
2821,327,"2022-12-16 18:15:00",completado
2822,192,"2023-10-31 10:26:00",completado
2823,336,"2023-12-23 22:42:00",completado
2824,61,"2023-09-12 02:49:00",completado
2825,321,"2023-06-12 14:53:00",completado
2826,499,"2023-04-05 08:21:00",completado
2827,364,"2023-04-22 15:43:00",completado
2828,358,"2022-01-21 00:25:00",completado
2829,265,"2023-12-16 01:31:00",completado
2830,25,"2023-04-05 18:14:00",reembolsado
2831,481,"2023-07-24 05:41:00",completado
2832,226,"2022-07-30 03:12:00",completado
2833,397,"2023-06-18 17:06:00",completado
2834,447,"2021-12-14 16:34:00",completado
2835,80,"2022-06-11 05:42:00",completado
2836,12,"2023-06-27 10:38:00",completado
2837,107,"2021-09-20 08:49:00",completado
2838,472,"2023-12-17 22:52:00",completado
2839,194,"2023-09-06 05:46:00",completado
2840,267,"2023-01-12 06:17:00",completado
2841,491,"2023-05-24 17:11:00",completado
2842,411,"2023-08-18 15:55:00",completado
2843,121,"2022-09-15 03:15:00",completado
2844,165,"2023-11-20 07:56:00",reembolsado
2845,398,"2023-10-10 01:39:00",completado
2846,184,"2023-01-17 09:00:00",completado
2847,90,"2023-03-23 18:49:00",completado
2848,179,"2023-05-22 15:55:00",completado
2849,398,"2022-12-21 02:57:00",completado
2850,487,"2022-12-15 00:21:00",completado
2851,18,"2021-10-23 02:24:00",completado
2852,489,"2022-08-14 11:27:00",completado
2853,114,"2021-11-26 10:04:00",completado
2854,210,"2023-12-30 17:43:00",completado
2855,245,"2023-05-16 03:35:00",completado
2856,399,"2023-10-08 11:06:00",reembolsado
2857,490,"2023-04-30 04:46:00",completado
2858,136,"2023-11-29 23:57:00",completado
2859,59,"2023-10-15 00:26:00",completado
2860,252,"2023-05-12 21:33:00",completado
2861,117,"2023-08-07 11:55:00",completado
2862,194,"2023-12-06 06:43:00",completado
2863,456,"2021-03-06 11:15:00",completado
2864,413,"2023-05-14 03:41:00",completado
2865,500,"2021-05-29 12:17:00",completado
2866,76,"2022-11-13 13:17:00",completado
2867,132,"2022-10-12 04:48:00",completado
2868,181,"2023-07-19 01:20:00",completado
2869,291,"2023-09-03 21:49:00",completado
2870,266,"2023-03-13 19:31:00",completado
2871,10,"2023-12-16 16:37:00",cancelado
2872,228,"2023-03-20 09:57:00",completado
2873,235,"2023-10-10 23:48:00",completado
2874,268,"2023-12-03 22:59:00",completado
2875,372,"2023-06-25 23:54:00",completado
2876,193,"2023-06-03 22:44:00",completado
2877,7,"2023-11-10 11:45:00",completado
2878,82,"2022-10-30 14:46:00",reembolsado
2879,406,"2023-01-13 14:13:00",completado
2880,263,"2023-02-07 18:50:00",completado
2881,170,"2023-10-02 12:52:00",completado
2882,242,"2023-01-24 03:08:00",completado
2883,281,"2023-09-18 21:59:00",completado
2884,399,"2023-06-25 01:54:00",completado
2885,401,"2023-09-05 10:51:00",cancelado
2886,492,"2022-12-30 22:52:00",completado
2887,230,"2022-12-27 13:59:00",completado
2888,29,"2023-06-03 06:22:00",cancelado
2889,288,"2023-07-20 05:57:00",completado
2890,263,"2023-05-25 07:15:00",completado
2891,108,"2023-03-05 11:08:00",completado
2892,4,"2023-06-16 18:51:00",completado
2893,224,"2022-06-19 22:19:00",completado
2894,461,"2023-12-16 23:04:00",completado
2895,27,"2023-12-12 11:39:00",completado
2896,134,"2023-04-29 09:54:00",completado
2897,492,"2023-08-01 04:22:00",completado
2898,26,"2022-07-13 04:44:00",completado
2899,119,"2021-12-15 13:37:00",completado
2900,76,"2023-12-18 10:12:00",completado
2901,421,"2023-03-20 12:51:00",completado
2902,111,"2023-11-18 09:32:00",reembolsado
2903,399,"2023-03-12 15:40:00",reembolsado
2904,115,"2022-03-24 08:07:00",completado
2905,87,"2023-12-03 06:27:00",completado
2906,15,"2023-08-26 16:19:00",completado
2907,139,"2023-12-11 01:17:00",completado
2908,26,"2022-09-25 19:34:00",reembolsado
2909,285,"2023-02-19 18:50:00",completado
2910,245,"2022-06-11 02:36:00",completado
2911,340,"2023-04-26 17:55:00",completado
2912,386,"2022-06-11 11:20:00",completado
2913,417,"2023-11-20 03:56:00",completado
2914,364,"2023-11-15 01:48:00",completado
2915,321,"2023-06-28 17:24:00",completado
2916,421,"2022-11-17 16:10:00",completado
2917,176,"2023-10-02 23:08:00",completado
2918,170,"2022-10-25 17:05:00",completado
2919,371,"2023-08-19 06:51:00",completado
2920,395,"2023-10-06 18:26:00",completado
2921,435,"2023-09-29 20:30:00",completado
2922,133,"2023-10-11 01:02:00",cancelado
2923,451,"2022-10-03 20:41:00",completado
2924,246,"2023-03-19 15:28:00",completado
2925,254,"2023-05-17 15:24:00",reembolsado
2926,297,"2023-10-11 06:27:00",completado
2927,325,"2022-01-21 21:03:00",completado
2928,294,"2023-10-17 07:06:00",completado
2929,10,"2023-12-06 12:50:00",completado
2930,107,"2022-03-11 09:22:00",completado
2931,109,"2022-11-13 22:06:00",completado
2932,453,"2023-10-23 22:55:00",completado
2933,108,"2022-12-04 14:19:00",reembolsado
2934,235,"2023-07-08 02:35:00",completado
2935,168,"2021-08-26 22:10:00",completado
2936,374,"2023-05-07 13:47:00",completado
2937,247,"2023-07-18 22:33:00",completado
2938,386,"2021-09-14 23:38:00",completado
2939,321,"2022-04-28 14:42:00",completado
2940,312,"2023-08-03 19:52:00",reembolsado
2941,279,"2023-07-01 00:54:00",completado
2942,400,"2022-02-01 02:15:00",completado
2943,299,"2023-08-02 22:03:00",completado
2944,197,"2023-06-11 04:35:00",completado
2945,381,"2023-01-10 07:09:00",completado
2946,23,"2023-07-02 18:35:00",completado
2947,63,"2023-06-03 00:46:00",completado
2948,423,"2023-03-18 21:01:00",completado
2949,299,"2023-07-08 13:25:00",completado
2950,383,"2022-04-18 04:07:00",cancelado
2951,27,"2023-07-05 11:19:00",completado
2952,365,"2023-03-11 09:34:00",completado
2953,95,"2023-01-27 16:29:00",completado
2954,216,"2023-10-13 18:28:00",cancelado
2955,335,"2023-07-09 06:30:00",completado
2956,484,"2023-12-15 23:00:00",completado
2957,319,"2022-10-28 20:31:00",reembolsado
2958,283,"2022-05-04 20:20:00",completado
2959,253,"2022-12-11 11:11:00",completado
2960,299,"2023-10-10 23:39:00",completado
2961,119,"2023-06-15 00:53:00",completado
2962,324,"2023-11-18 19:10:00",completado
2963,242,"2022-04-26 04:35:00",completado
2964,374,"2023-03-11 19:25:00",completado
2965,485,"2022-08-05 13:58:00",completado
2966,366,"2022-07-24 12:38:00",completado
2967,331,"2023-10-29 12:32:00",completado
2968,429,"2023-02-25 21:55:00",completado
2969,146,"2022-11-01 07:53:00",completado
2970,137,"2023-11-04 08:18:00",completado
2971,461,"2023-09-14 08:52:00",completado
2972,151,"2022-09-07 14:29:00",completado
2973,39,"2023-09-10 20:52:00",completado
2974,461,"2023-11-21 13:08:00",completado
2975,430,"2023-12-25 06:30:00",completado
2976,117,"2022-04-17 20:15:00",reembolsado
2977,463,"2023-09-03 11:54:00",completado
2978,100,"2022-07-10 18:06:00",completado
2979,465,"2022-07-01 22:12:00",completado
2980,93,"2023-12-18 08:51:00",completado
2981,419,"2023-11-10 06:02:00",reembolsado
2982,228,"2023-09-29 14:34:00",completado
2983,479,"2023-08-13 10:34:00",completado
2984,438,"2023-04-30 07:51:00",reembolsado
2985,411,"2023-10-23 01:08:00",completado
2986,126,"2023-11-11 22:49:00",completado
2987,127,"2023-04-01 18:38:00",completado
2988,30,"2022-10-25 17:55:00",completado
2989,279,"2022-08-26 19:09:00",completado
2990,119,"2023-04-08 14:00:00",completado
2991,408,"2022-08-27 04:58:00",completado
2992,383,"2023-09-09 01:45:00",completado
2993,180,"2023-04-10 14:19:00",completado
2994,424,"2022-10-26 04:59:00",completado
2995,333,"2023-04-19 06:55:00",completado
2996,107,"2021-11-25 18:33:00",completado
2997,459,"2023-03-13 16:01:00",completado
2998,358,"2022-06-10 18:46:00",completado
2999,479,"2023-04-30 21:16:00",completado
3000,352,"2023-10-11 20:54:00",completado
3001,202,"2023-06-21 20:52:00",completado
3002,426,"2022-04-02 14:20:00",completado
3003,299,"2023-05-26 22:34:00",completado
3004,71,"2022-09-30 16:06:00",completado
3005,361,"2022-11-15 13:10:00",completado
3006,281,"2023-09-08 16:58:00",completado
3007,41,"2022-12-30 20:27:00",completado
3008,187,"2023-11-17 13:57:00",completado
3009,398,"2022-12-08 00:35:00",completado
3010,274,"2022-04-23 01:58:00",completado
3011,86,"2022-05-26 19:40:00",completado
3012,181,"2023-05-23 09:26:00",completado
3013,429,"2023-09-04 11:52:00",cancelado
3014,72,"2022-01-26 21:44:00",completado
3015,276,"2022-07-20 14:39:00",completado
3016,103,"2022-06-08 20:20:00",completado
3017,487,"2022-07-16 04:44:00",completado
3018,302,"2023-05-01 15:56:00",completado
3019,10,"2023-10-30 21:04:00",completado
3020,185,"2022-05-17 19:32:00",completado
3021,70,"2023-10-21 04:10:00",completado
3022,461,"2023-04-24 20:49:00",completado
3023,362,"2022-06-12 23:11:00",cancelado
3024,80,"2023-09-05 15:43:00",completado
3025,454,"2023-06-21 01:50:00",cancelado
3026,358,"2022-10-23 12:58:00",completado
3027,2,"2023-09-25 20:54:00",cancelado
3028,493,"2023-08-28 09:21:00",completado
3029,275,"2023-12-24 07:34:00",completado
3030,137,"2023-11-27 16:45:00",completado
3031,203,"2023-12-09 08:04:00",completado
3032,251,"2023-04-03 14:07:00",completado
3033,67,"2023-05-29 07:20:00",completado
3034,492,"2022-10-21 12:05:00",completado
3035,35,"2023-09-13 18:31:00",completado
3036,440,"2023-04-04 04:51:00",reembolsado
3037,133,"2023-03-21 05:27:00",completado
3038,384,"2023-08-10 14:12:00",completado
3039,39,"2023-04-17 16:42:00",reembolsado
3040,470,"2023-10-29 19:15:00",completado
3041,223,"2023-09-27 01:42:00",completado
3042,376,"2023-02-18 09:18:00",completado
3043,459,"2022-08-15 20:57:00",reembolsado
3044,450,"2023-01-15 06:10:00",completado
3045,203,"2023-11-11 19:40:00",completado
3046,57,"2023-08-07 01:19:00",reembolsado
3047,166,"2023-09-24 06:52:00",completado
3048,10,"2023-11-08 01:46:00",completado
3049,387,"2021-12-20 06:59:00",completado
3050,195,"2023-11-01 06:44:00",reembolsado
3051,473,"2022-09-30 13:25:00",completado
3052,219,"2023-08-28 03:40:00",completado
3053,480,"2023-08-28 05:43:00",completado
3054,440,"2023-10-05 08:21:00",completado
3055,27,"2023-05-06 07:22:00",completado
3056,348,"2023-03-24 14:45:00",cancelado
3057,384,"2023-12-29 16:24:00",cancelado
3058,42,"2021-08-13 06:00:00",completado
3059,390,"2023-11-17 05:25:00",completado
3060,178,"2023-01-23 22:51:00",completado
3061,196,"2023-09-12 07:52:00",completado
3062,401,"2023-01-24 04:01:00",completado
3063,70,"2022-09-16 23:22:00",cancelado
3064,44,"2023-01-27 15:28:00",completado
3065,191,"2023-10-03 01:49:00",completado
3066,46,"2023-07-02 22:48:00",completado
3067,177,"2023-10-27 11:38:00",reembolsado
3068,319,"2022-07-26 08:21:00",completado
3069,179,"2021-10-12 04:45:00",completado
3070,173,"2022-09-27 08:29:00",completado
3071,202,"2021-12-30 06:32:00",completado
3072,6,"2023-01-18 23:56:00",completado
3073,45,"2023-09-29 07:45:00",completado
3074,11,"2022-07-21 11:54:00",completado
3075,278,"2023-05-03 00:51:00",completado
3076,461,"2023-09-24 12:39:00",completado
3077,237,"2022-06-10 00:47:00",completado
3078,467,"2023-02-13 21:32:00",completado
3079,430,"2023-12-15 01:28:00",completado
3080,100,"2023-03-25 12:43:00",completado
3081,349,"2023-11-27 17:48:00",completado
3082,201,"2022-01-22 11:01:00",completado
3083,201,"2023-10-20 08:03:00",completado
3084,459,"2023-01-19 05:00:00",completado
3085,353,"2021-08-25 09:45:00",completado
3086,19,"2022-11-04 13:08:00",cancelado
3087,317,"2023-05-24 07:38:00",completado
3088,2,"2022-12-04 07:26:00",completado
3089,470,"2022-12-27 22:04:00",completado
3090,33,"2023-01-05 05:37:00",completado
3091,221,"2021-12-05 01:30:00",completado
3092,30,"2021-12-26 06:28:00",completado
3093,481,"2021-09-07 10:00:00",completado
3094,288,"2023-05-01 17:21:00",completado
3095,226,"2023-03-26 07:18:00",completado
3096,489,"2023-09-26 09:21:00",reembolsado
3097,186,"2022-11-15 03:38:00",completado
3098,430,"2023-08-24 09:47:00",completado
3099,457,"2021-10-26 09:17:00",completado
3100,52,"2023-04-02 15:43:00",completado
3101,449,"2023-09-08 08:23:00",completado
3102,389,"2023-05-08 22:42:00",completado
3103,232,"2023-05-13 14:18:00",completado
3104,183,"2023-12-14 19:03:00",completado
3105,459,"2023-10-07 12:00:00",completado
3106,395,"2022-09-29 01:04:00",completado
3107,211,"2023-07-31 07:01:00",completado
3108,178,"2023-12-24 21:31:00",completado
3109,113,"2023-03-19 14:20:00",reembolsado
3110,281,"2023-09-24 01:34:00",completado
3111,165,"2023-12-26 22:42:00",completado
3112,289,"2022-02-01 07:53:00",completado
3113,10,"2023-04-09 09:40:00",completado
3114,297,"2023-09-09 11:59:00",completado
3115,93,"2022-11-20 20:48:00",completado
3116,375,"2023-06-22 07:00:00",completado
3117,427,"2022-12-04 14:40:00",completado
3118,457,"2021-03-17 07:32:00",completado
3119,361,"2022-11-13 13:07:00",completado
3120,310,"2023-10-29 05:36:00",completado
3121,66,"2023-06-15 21:02:00",completado
3122,180,"2023-02-27 05:42:00",completado
3123,352,"2023-01-04 07:14:00",completado
3124,4,"2023-05-21 08:01:00",cancelado
3125,438,"2022-10-14 16:35:00",completado
3126,480,"2023-12-09 23:56:00",completado
3127,180,"2023-10-19 06:47:00",completado
3128,333,"2023-02-11 12:46:00",completado
3129,97,"2023-09-09 20:41:00",reembolsado
3130,92,"2023-03-08 19:51:00",completado
3131,38,"2023-03-07 19:09:00",completado
3132,389,"2023-09-19 22:03:00",completado
3133,276,"2021-10-15 03:18:00",completado
3134,470,"2022-10-27 13:27:00",completado
3135,124,"2023-11-12 21:44:00",cancelado
3136,281,"2023-09-15 19:39:00",completado
3137,252,"2023-12-06 02:47:00",completado
3138,31,"2022-08-10 09:39:00",completado
3139,289,"2023-02-10 10:14:00",reembolsado
3140,124,"2022-12-30 14:41:00",completado
3141,161,"2023-05-20 12:37:00",completado
3142,268,"2023-10-19 05:45:00",completado
3143,239,"2023-11-17 20:42:00",cancelado
3144,22,"2022-04-11 14:04:00",completado
3145,92,"2023-07-27 00:31:00",completado
3146,136,"2023-09-30 12:04:00",completado
3147,207,"2023-04-25 21:31:00",cancelado
3148,495,"2023-10-16 10:03:00",completado
3149,31,"2022-12-04 09:05:00",completado
3150,189,"2023-02-09 18:47:00",completado
3151,318,"2023-04-21 06:04:00",completado
3152,306,"2022-01-18 18:54:00",completado
3153,309,"2022-12-20 19:25:00",completado
3154,70,"2021-10-02 00:49:00",completado
3155,147,"2023-09-10 00:47:00",completado
3156,295,"2023-08-30 03:01:00",completado
3157,122,"2023-04-24 01:57:00",completado
3158,223,"2023-04-30 03:35:00",completado
3159,302,"2023-10-25 22:30:00",reembolsado
3160,457,"2021-09-18 05:28:00",completado
3161,349,"2022-08-03 08:17:00",reembolsado
3162,118,"2023-02-27 09:39:00",completado
3163,280,"2023-04-28 18:18:00",completado
3164,197,"2023-12-02 10:29:00",reembolsado
3165,423,"2023-01-13 07:31:00",completado
3166,215,"2023-06-01 15:54:00",reembolsado
3167,175,"2023-12-07 10:31:00",completado
3168,355,"2023-08-19 02:13:00",completado
3169,28,"2023-06-08 21:34:00",completado
3170,407,"2022-12-26 05:31:00",reembolsado
3171,126,"2022-03-24 00:33:00",completado
3172,358,"2023-07-03 21:59:00",completado
3173,419,"2023-08-14 02:37:00",completado
3174,217,"2023-07-09 08:32:00",completado
3175,466,"2023-04-14 10:30:00",completado
3176,302,"2023-08-16 15:42:00",completado
3177,2,"2023-03-15 12:45:00",completado
3178,3,"2022-10-02 12:43:00",reembolsado
3179,125,"2023-11-28 18:08:00",completado
3180,264,"2023-06-01 15:17:00",completado
3181,289,"2023-06-11 02:15:00",completado
3182,276,"2023-04-10 23:41:00",completado
3183,292,"2023-07-16 15:26:00",completado
3184,186,"2023-08-29 11:10:00",reembolsado
3185,444,"2021-11-01 05:40:00",completado
3186,73,"2022-06-30 23:07:00",completado
3187,62,"2023-03-29 07:24:00",cancelado
3188,408,"2023-02-08 07:58:00",completado
3189,45,"2023-08-30 03:08:00",completado
3190,463,"2023-08-03 07:02:00",completado
3191,86,"2021-06-09 04:35:00",reembolsado
3192,219,"2023-03-22 04:02:00",completado
3193,76,"2023-11-28 05:22:00",completado
3194,3,"2023-07-26 18:37:00",completado
3195,236,"2023-09-03 14:34:00",completado
3196,324,"2022-09-06 04:42:00",completado
3197,105,"2023-03-04 15:20:00",completado
3198,457,"2023-06-07 06:53:00",completado
3199,478,"2022-04-08 12:45:00",completado
3200,28,"2022-11-11 21:51:00",completado
3201,446,"2023-08-04 16:39:00",completado
3202,196,"2023-11-26 15:24:00",reembolsado
3203,139,"2022-09-19 05:55:00",completado
3204,253,"2023-06-07 20:19:00",completado
3205,32,"2022-03-12 22:05:00",completado
3206,479,"2021-11-12 05:30:00",completado
3207,321,"2023-02-07 16:53:00",completado
3208,226,"2021-11-01 20:28:00",completado
3209,442,"2022-08-19 09:41:00",completado
3210,275,"2023-11-17 00:20:00",completado
3211,319,"2022-10-04 17:58:00",completado
3212,12,"2023-04-18 11:31:00",completado
3213,398,"2021-12-25 15:16:00",completado
3214,95,"2023-08-03 15:46:00",reembolsado
3215,181,"2023-10-26 03:16:00",completado
3216,357,"2023-11-06 11:12:00",completado
3217,361,"2022-08-14 01:54:00",completado
3218,237,"2023-12-29 13:52:00",completado
3219,469,"2023-07-21 17:32:00",completado
3220,388,"2023-06-24 08:17:00",completado
3221,118,"2023-04-13 19:33:00",reembolsado
3222,381,"2023-04-09 09:01:00",completado
3223,223,"2022-07-17 08:40:00",completado
3224,309,"2023-07-28 04:28:00",completado
3225,146,"2023-01-15 23:50:00",completado
3226,310,"2023-12-15 21:41:00",completado
3227,332,"2022-05-05 01:09:00",completado
3228,446,"2023-10-15 10:19:00",completado
3229,412,"2023-06-22 22:50:00",completado
3230,241,"2023-04-13 23:48:00",completado
3231,13,"2023-12-27 20:17:00",completado
3232,244,"2023-10-18 12:10:00",completado
3233,396,"2023-02-10 16:46:00",completado
3234,304,"2023-06-22 17:31:00",completado
3235,141,"2023-08-19 10:37:00",reembolsado
3236,11,"2021-02-07 00:04:00",completado
3237,357,"2023-10-31 08:37:00",completado
3238,15,"2023-10-25 05:03:00",completado
3239,357,"2023-11-22 21:05:00",completado
3240,135,"2023-10-27 20:59:00",completado
3241,161,"2023-08-19 22:54:00",completado
3242,94,"2023-03-16 15:23:00",completado
3243,278,"2023-01-12 09:13:00",completado
3244,257,"2023-07-19 14:29:00",completado
3245,331,"2023-12-05 09:25:00",reembolsado
3246,115,"2023-07-08 05:50:00",reembolsado
3247,297,"2023-10-23 12:41:00",completado
3248,136,"2023-12-18 02:31:00",completado
3249,7,"2023-04-18 13:20:00",completado
3250,111,"2023-07-30 21:35:00",completado
3251,395,"2023-03-21 19:39:00",completado
3252,316,"2023-10-26 18:08:00",completado
3253,203,"2023-08-05 22:26:00",completado
3254,10,"2023-04-04 07:17:00",completado
3255,313,"2022-07-27 00:58:00",completado
3256,209,"2023-01-26 07:37:00",completado
3257,426,"2022-03-22 12:01:00",completado
3258,22,"2021-06-27 03:31:00",completado
3259,448,"2023-04-13 12:12:00",reembolsado
3260,12,"2023-05-31 01:04:00",completado
3261,255,"2022-01-22 03:20:00",completado
3262,270,"2023-07-13 21:20:00",cancelado
3263,25,"2023-07-03 02:12:00",completado
3264,67,"2022-08-31 16:12:00",reembolsado
3265,422,"2023-02-20 19:34:00",completado
3266,98,"2023-06-20 04:53:00",completado
3267,246,"2023-10-19 12:15:00",completado
3268,210,"2023-10-24 22:13:00",completado
3269,279,"2022-09-01 20:22:00",completado
3270,102,"2023-03-04 00:47:00",completado
3271,349,"2022-11-29 22:51:00",completado
3272,318,"2023-01-28 08:02:00",completado
3273,337,"2022-10-08 22:30:00",completado
3274,309,"2023-07-02 00:45:00",completado
3275,270,"2023-04-05 00:32:00",completado
3276,246,"2023-06-07 17:14:00",completado
3277,390,"2023-06-02 14:12:00",completado
3278,53,"2022-10-01 14:23:00",completado
3279,240,"2023-01-04 19:18:00",completado
3280,24,"2023-04-24 10:11:00",completado
3281,415,"2023-07-13 18:25:00",reembolsado
3282,431,"2022-07-19 16:14:00",reembolsado
3283,290,"2023-05-25 18:19:00",completado
3284,220,"2022-07-14 03:46:00",completado
3285,105,"2023-03-08 16:25:00",completado
3286,414,"2022-06-28 12:29:00",completado
3287,299,"2023-12-07 20:29:00",reembolsado
3288,114,"2022-07-16 21:35:00",completado
3289,111,"2023-08-29 13:33:00",cancelado
3290,363,"2023-09-24 07:57:00",completado
3291,487,"2022-11-17 21:42:00",completado
3292,166,"2023-02-18 16:47:00",completado
3293,107,"2022-01-05 00:40:00",completado
3294,345,"2022-06-30 09:27:00",completado
3295,421,"2023-05-06 20:16:00",completado
3296,436,"2023-03-05 00:31:00",completado
3297,16,"2023-09-12 09:55:00",completado
3298,455,"2022-11-30 10:55:00",completado
3299,389,"2022-12-25 23:27:00",completado
3300,37,"2022-08-29 09:28:00",completado
3301,479,"2023-10-18 18:01:00",completado
3302,402,"2023-10-17 21:49:00",completado
3303,73,"2023-04-15 21:23:00",completado
3304,8,"2023-11-20 12:55:00",cancelado
3305,411,"2023-11-02 06:07:00",completado
3306,263,"2022-11-04 06:43:00",completado
3307,467,"2023-05-19 21:49:00",completado
3308,256,"2023-11-12 23:08:00",completado
3309,147,"2022-11-23 04:15:00",completado
3310,8,"2023-01-12 06:34:00",cancelado
3311,450,"2022-09-06 03:12:00",completado
3312,159,"2023-06-05 10:57:00",completado
3313,133,"2023-09-04 13:48:00",completado
3314,326,"2022-10-26 07:51:00",completado
3315,421,"2022-09-20 07:26:00",completado
3316,357,"2023-07-30 23:16:00",completado
3317,140,"2022-10-06 19:35:00",reembolsado
3318,459,"2022-06-14 07:36:00",completado
3319,56,"2023-04-18 06:12:00",completado
3320,118,"2023-07-27 19:57:00",completado
3321,463,"2022-10-13 11:06:00",cancelado
3322,293,"2022-12-21 10:18:00",completado
3323,373,"2023-06-25 23:15:00",completado
3324,299,"2023-07-25 19:34:00",completado
3325,496,"2022-07-05 09:32:00",reembolsado
3326,97,"2022-12-05 12:44:00",completado
3327,317,"2022-12-30 03:30:00",reembolsado
3328,303,"2023-10-09 03:19:00",completado
3329,22,"2023-04-23 13:38:00",completado
3330,356,"2023-01-23 10:34:00",completado
3331,484,"2023-07-11 21:12:00",completado
3332,48,"2023-12-07 14:06:00",completado
3333,5,"2022-05-11 12:45:00",completado
3334,339,"2023-02-26 09:52:00",completado
3335,292,"2023-09-10 20:42:00",cancelado
3336,485,"2022-08-22 16:30:00",completado
3337,89,"2022-07-12 14:24:00",completado
3338,295,"2023-09-15 10:15:00",reembolsado
3339,418,"2023-08-10 10:56:00",completado
3340,35,"2022-09-29 13:17:00",completado
3341,381,"2023-03-19 03:51:00",completado
3342,299,"2023-10-09 23:34:00",completado
3343,289,"2021-11-12 20:54:00",completado
3344,428,"2022-12-23 16:31:00",completado
3345,352,"2023-03-28 08:55:00",completado
3346,45,"2023-06-24 20:46:00",completado
3347,363,"2021-12-29 02:46:00",completado
3348,463,"2022-03-23 05:32:00",cancelado
3349,497,"2023-10-10 13:00:00",completado
3350,230,"2022-08-28 20:00:00",completado
3351,392,"2023-05-17 04:00:00",completado
3352,459,"2022-06-17 08:43:00",completado
3353,16,"2023-08-15 00:15:00",completado
3354,228,"2023-01-31 20:35:00",completado
3355,263,"2022-03-11 02:26:00",completado
3356,242,"2023-08-01 11:01:00",completado
3357,242,"2023-12-26 12:36:00",completado
3358,143,"2022-09-11 16:08:00",completado
3359,290,"2022-12-13 21:08:00",completado
3360,196,"2023-05-09 17:14:00",cancelado
3361,272,"2022-12-10 18:21:00",completado
3362,136,"2022-10-29 03:35:00",completado
3363,350,"2023-10-22 23:32:00",completado
3364,381,"2023-12-04 09:06:00",completado
3365,62,"2022-07-20 03:08:00",completado
3366,397,"2022-02-05 09:00:00",completado
3367,110,"2022-11-05 14:40:00",completado
3368,378,"2022-01-29 16:50:00",completado
3369,460,"2023-11-06 02:17:00",completado
3370,396,"2023-08-24 01:14:00",cancelado
3371,208,"2023-01-20 09:20:00",completado
3372,185,"2022-01-21 00:01:00",completado
3373,316,"2022-03-22 22:36:00",completado
3374,315,"2022-11-11 11:29:00",completado
3375,120,"2023-06-16 00:24:00",completado
3376,410,"2022-11-10 13:16:00",completado
3377,309,"2023-03-28 09:06:00",completado
3378,469,"2023-12-14 00:16:00",completado
3379,136,"2023-01-28 19:25:00",completado
3380,465,"2022-04-16 08:37:00",completado
3381,209,"2023-05-14 09:28:00",completado
3382,181,"2023-05-21 08:19:00",completado
3383,328,"2021-07-15 09:43:00",reembolsado
3384,269,"2022-10-26 06:38:00",reembolsado
3385,332,"2023-12-09 21:36:00",completado
3386,47,"2022-09-05 03:15:00",completado
3387,321,"2022-02-20 02:35:00",reembolsado
3388,152,"2023-09-27 19:52:00",reembolsado
3389,243,"2023-06-28 12:17:00",completado
3390,349,"2023-12-04 18:57:00",completado
3391,309,"2023-02-04 02:41:00",completado
3392,475,"2022-12-25 23:11:00",cancelado
3393,370,"2023-10-01 17:48:00",completado
3394,92,"2023-03-13 21:14:00",completado
3395,331,"2023-12-16 16:34:00",completado
3396,461,"2023-09-22 11:28:00",completado
3397,451,"2023-01-26 11:26:00",completado
3398,158,"2023-06-17 12:36:00",completado
3399,470,"2022-04-26 11:33:00",completado
3400,443,"2023-09-07 03:30:00",completado
3401,281,"2023-11-19 08:19:00",completado
3402,176,"2023-10-30 14:47:00",completado
3403,109,"2023-03-28 17:33:00",completado
3404,116,"2022-12-01 09:54:00",completado
3405,218,"2022-10-24 17:39:00",cancelado
3406,92,"2023-03-20 23:39:00",completado
3407,85,"2023-07-05 18:33:00",completado
3408,244,"2023-05-18 09:53:00",completado
3409,282,"2022-07-16 21:29:00",completado
3410,23,"2022-07-08 15:11:00",cancelado
3411,180,"2023-07-05 08:41:00",completado
3412,414,"2022-07-21 16:02:00",reembolsado
3413,443,"2023-02-14 01:14:00",completado
3414,492,"2023-01-18 00:22:00",completado
3415,37,"2022-04-14 17:32:00",completado
3416,211,"2023-07-26 05:39:00",completado
3417,92,"2023-06-23 11:12:00",completado
3418,134,"2023-10-01 10:15:00",completado
3419,443,"2023-09-14 05:52:00",completado
3420,140,"2023-12-23 02:30:00",completado
3421,146,"2023-05-31 04:10:00",completado
3422,135,"2023-09-19 01:31:00",completado
3423,465,"2022-06-05 17:18:00",completado
3424,359,"2021-06-15 05:49:00",reembolsado
3425,406,"2022-03-27 23:02:00",completado
3426,408,"2023-02-02 06:46:00",cancelado
3427,469,"2023-03-08 12:10:00",reembolsado
3428,361,"2022-05-07 12:30:00",cancelado
3429,104,"2023-03-12 11:35:00",completado
3430,380,"2023-02-02 21:29:00",completado
3431,358,"2022-11-09 14:23:00",completado
3432,261,"2023-05-31 16:16:00",completado
3433,262,"2022-03-24 13:05:00",completado
3434,138,"2023-01-23 09:00:00",completado
3435,466,"2023-10-12 01:59:00",completado
3436,46,"2023-11-11 05:29:00",completado
3437,129,"2023-04-18 07:57:00",completado
3438,351,"2022-09-24 15:31:00",reembolsado
3439,283,"2023-11-13 00:20:00",completado
3440,155,"2022-02-09 03:37:00",completado
3441,316,"2021-12-02 09:15:00",completado
3442,322,"2022-12-01 20:35:00",completado
3443,437,"2023-05-11 23:17:00",completado
3444,486,"2023-07-24 07:35:00",cancelado
3445,442,"2022-12-21 02:56:00",completado
3446,51,"2022-11-03 21:50:00",completado
3447,271,"2022-12-24 17:49:00",completado
3448,447,"2023-01-04 13:51:00",completado
3449,146,"2023-01-15 23:50:00",completado
3450,470,"2023-10-06 15:37:00",completado
3451,148,"2023-09-01 02:05:00",completado
3452,416,"2022-04-21 01:23:00",completado
3453,337,"2022-05-26 00:28:00",completado
3454,466,"2023-10-02 22:22:00",completado
3455,112,"2021-08-21 08:45:00",completado
3456,96,"2023-03-29 12:16:00",completado
3457,382,"2023-08-25 15:31:00",completado
3458,390,"2023-07-07 22:40:00",completado
3459,103,"2022-05-07 15:28:00",completado
3460,6,"2023-10-31 02:00:00",completado
3461,406,"2022-05-02 04:56:00",completado
3462,353,"2023-11-09 14:14:00",completado
3463,437,"2022-09-11 11:18:00",completado
3464,242,"2022-05-24 09:28:00",completado
3465,349,"2023-03-20 11:16:00",completado
3466,337,"2023-10-31 13:05:00",completado
3467,120,"2022-12-28 01:46:00",completado
3468,162,"2022-06-12 21:56:00",cancelado
3469,348,"2022-02-22 17:37:00",completado
3470,365,"2023-12-21 15:23:00",cancelado
3471,251,"2023-01-25 02:02:00",completado
3472,407,"2023-10-02 23:17:00",completado
3473,264,"2022-08-02 02:10:00",reembolsado
3474,142,"2022-12-06 03:54:00",completado
3475,250,"2023-07-03 22:38:00",completado
3476,108,"2023-07-29 21:16:00",reembolsado
3477,335,"2023-08-14 00:53:00",completado
3478,471,"2023-09-27 08:15:00",completado
3479,442,"2023-09-30 19:22:00",completado
3480,128,"2022-12-20 10:08:00",completado
3481,3,"2023-03-08 17:58:00",completado
3482,480,"2022-04-03 14:43:00",completado
3483,447,"2021-11-23 13:06:00",completado
3484,16,"2023-11-26 10:27:00",completado
3485,34,"2023-10-22 02:55:00",completado
3486,302,"2023-11-03 02:13:00",completado
3487,10,"2023-04-11 10:48:00",completado
3488,133,"2023-07-29 00:28:00",completado
3489,245,"2023-12-08 09:02:00",completado
3490,496,"2023-10-31 17:49:00",completado
3491,488,"2022-01-02 02:28:00",reembolsado
3492,464,"2022-10-31 07:49:00",completado
3493,432,"2021-12-19 06:50:00",completado
3494,369,"2023-08-14 22:20:00",completado
3495,175,"2023-12-05 09:14:00",completado
3496,45,"2022-02-23 13:46:00",completado
3497,88,"2022-08-29 02:31:00",reembolsado
3498,142,"2021-08-14 16:02:00",completado
3499,158,"2022-05-29 14:37:00",completado
3500,48,"2021-05-05 06:04:00",completado
3501,108,"2022-10-05 00:46:00",completado
3502,447,"2023-10-16 22:58:00",reembolsado
3503,324,"2022-06-02 14:10:00",cancelado
3504,65,"2023-05-25 04:59:00",completado
3505,443,"2022-09-18 12:28:00",completado
3506,363,"2022-02-28 09:06:00",completado
3507,375,"2023-12-24 16:24:00",completado
3508,69,"2023-11-05 05:17:00",completado
3509,162,"2023-07-27 21:07:00",completado
3510,296,"2023-06-05 06:38:00",completado
3511,457,"2022-02-07 21:32:00",cancelado
3512,137,"2023-03-08 21:59:00",completado
3513,212,"2023-06-18 07:37:00",reembolsado
3514,252,"2023-05-23 01:19:00",completado
3515,342,"2022-06-20 08:29:00",completado
3516,290,"2023-06-04 20:47:00",completado
3517,450,"2023-06-18 14:04:00",completado
3518,83,"2023-10-07 20:37:00",reembolsado
3519,26,"2022-12-21 14:55:00",completado
3520,118,"2023-02-15 06:09:00",completado
3521,264,"2022-10-25 19:16:00",completado
3522,297,"2023-09-17 16:52:00",completado
3523,313,"2022-11-22 17:03:00",completado
3524,447,"2021-12-19 16:39:00",completado
3525,308,"2021-08-24 04:20:00",completado
3526,192,"2023-08-14 21:05:00",completado
3527,357,"2023-10-02 14:25:00",completado
3528,421,"2022-03-11 23:40:00",reembolsado
3529,461,"2023-06-24 21:29:00",completado
3530,127,"2023-12-09 02:41:00",completado
3531,323,"2023-03-16 07:29:00",completado
3532,250,"2022-10-13 15:36:00",cancelado
3533,280,"2023-04-09 13:23:00",completado
3534,105,"2021-12-27 04:32:00",completado
3535,60,"2023-06-10 02:16:00",cancelado
3536,272,"2022-11-25 15:56:00",completado
3537,214,"2023-04-14 22:40:00",completado
3538,423,"2023-05-01 06:44:00",completado
3539,266,"2022-08-25 23:38:00",completado
3540,234,"2023-08-21 14:35:00",completado
3541,440,"2023-02-06 12:52:00",completado
3542,466,"2023-06-12 07:17:00",completado
3543,375,"2023-08-14 23:57:00",completado
3544,116,"2023-07-20 06:32:00",completado
3545,327,"2022-03-03 01:41:00",completado
3546,351,"2022-05-27 01:57:00",completado
3547,132,"2023-07-26 03:20:00",completado
3548,176,"2023-09-16 15:38:00",completado
3549,368,"2023-07-28 23:38:00",completado
3550,458,"2023-11-27 19:19:00",reembolsado
3551,163,"2023-05-11 15:05:00",completado
3552,421,"2022-12-25 22:17:00",completado
3553,439,"2022-10-24 09:47:00",completado
3554,209,"2023-04-08 01:50:00",completado
3555,157,"2022-11-06 14:31:00",completado
3556,444,"2022-02-05 17:51:00",completado
3557,36,"2022-09-06 23:48:00",reembolsado
3558,431,"2022-07-17 15:09:00",completado
3559,47,"2023-10-13 07:44:00",completado
3560,12,"2023-02-10 14:34:00",completado
3561,75,"2023-10-27 00:06:00",completado
3562,408,"2022-03-14 01:00:00",completado
3563,25,"2023-09-15 05:08:00",cancelado
3564,295,"2023-07-19 10:55:00",completado
3565,467,"2022-12-09 05:34:00",completado
3566,304,"2023-12-10 00:11:00",completado
3567,277,"2022-08-20 18:26:00",completado
3568,75,"2023-11-07 07:19:00",completado
3569,365,"2023-06-13 19:46:00",completado
3570,10,"2023-04-27 16:01:00",completado
3571,398,"2022-07-27 02:36:00",reembolsado
3572,44,"2023-04-14 02:33:00",completado
3573,437,"2023-08-31 03:23:00",completado
3574,236,"2023-05-20 16:37:00",completado
3575,459,"2023-03-24 19:27:00",completado
3576,136,"2022-05-30 01:50:00",cancelado
3577,108,"2022-09-02 17:23:00",completado
3578,211,"2023-10-29 17:18:00",completado
3579,418,"2023-06-04 23:32:00",completado
3580,141,"2023-02-10 09:05:00",completado
3581,317,"2023-11-28 20:21:00",completado
3582,404,"2023-06-26 02:40:00",completado
3583,489,"2023-07-10 19:53:00",completado
3584,182,"2023-11-10 10:27:00",completado
3585,473,"2022-03-24 11:40:00",completado
3586,57,"2023-07-25 22:42:00",completado
3587,314,"2022-03-10 12:44:00",completado
3588,223,"2022-12-25 08:07:00",completado
3589,70,"2022-11-26 08:06:00",completado
3590,259,"2022-11-25 06:40:00",completado
3591,335,"2023-07-07 04:18:00",completado
3592,481,"2021-12-07 22:13:00",completado
3593,462,"2023-03-02 10:16:00",cancelado
3594,465,"2023-07-05 19:55:00",completado
3595,300,"2023-07-18 21:30:00",completado
3596,408,"2023-10-21 01:37:00",completado
3597,239,"2023-10-24 11:59:00",completado
3598,35,"2023-12-25 17:43:00",reembolsado
3599,122,"2021-11-21 12:48:00",completado
3600,27,"2023-10-25 13:39:00",completado
3601,331,"2023-12-28 22:47:00",completado
3602,394,"2022-12-23 21:44:00",cancelado
3603,413,"2023-11-25 00:18:00",completado
3604,65,"2023-04-01 08:18:00",completado
3605,189,"2022-07-23 20:22:00",reembolsado
3606,461,"2023-12-06 19:19:00",completado
3607,121,"2023-08-29 04:37:00",completado
3608,90,"2023-06-26 07:20:00",completado
3609,299,"2023-09-15 14:59:00",completado
3610,249,"2022-04-12 15:33:00",completado
3611,422,"2022-11-26 01:21:00",completado
3612,82,"2022-06-09 15:30:00",completado
3613,355,"2023-08-19 03:17:00",completado
3614,179,"2021-10-03 03:32:00",completado
3615,16,"2023-11-10 05:30:00",completado
3616,158,"2022-03-21 01:16:00",completado
3617,448,"2022-10-29 17:23:00",completado
3618,458,"2022-12-18 06:17:00",completado
3619,175,"2023-09-10 11:56:00",completado
3620,332,"2023-12-23 23:53:00",completado
3621,287,"2022-03-03 11:43:00",completado
3622,463,"2022-01-01 17:21:00",completado
3623,430,"2023-08-24 09:48:00",completado
3624,397,"2022-07-23 04:24:00",completado
3625,347,"2023-09-03 22:53:00",completado
3626,78,"2023-08-25 09:42:00",completado
3627,398,"2022-05-07 13:11:00",completado
3628,314,"2021-11-20 21:05:00",completado
3629,308,"2023-07-19 09:26:00",completado
3630,229,"2022-06-04 05:46:00",completado
3631,194,"2023-12-09 08:01:00",completado
3632,125,"2023-06-24 10:51:00",completado
3633,214,"2023-11-12 09:07:00",completado
3634,432,"2022-10-15 22:12:00",completado
3635,173,"2023-09-07 19:45:00",completado
3636,388,"2023-11-26 21:54:00",completado
3637,40,"2022-09-03 02:10:00",completado
3638,291,"2023-06-05 01:46:00",completado
3639,159,"2023-06-01 08:36:00",completado
3640,275,"2023-03-10 03:03:00",reembolsado
3641,414,"2022-10-24 04:17:00",completado
3642,390,"2022-10-05 05:50:00",completado
3643,397,"2023-05-05 12:15:00",completado
3644,162,"2022-05-05 14:43:00",completado
3645,239,"2023-06-12 05:13:00",completado
3646,171,"2023-10-08 17:23:00",completado
3647,332,"2023-04-29 19:49:00",completado
3648,349,"2022-01-12 08:50:00",completado
3649,41,"2022-07-06 22:25:00",completado
3650,351,"2021-04-05 00:59:00",completado
3651,106,"2023-05-14 06:39:00",completado
3652,43,"2023-06-04 15:54:00",completado
3653,196,"2022-09-19 15:26:00",completado
3654,216,"2023-01-07 12:10:00",completado
3655,332,"2022-01-12 12:44:00",completado
3656,24,"2023-05-10 15:07:00",completado
3657,373,"2023-11-29 03:02:00",reembolsado
3658,9,"2023-02-18 07:08:00",completado
3659,213,"2023-05-05 13:33:00",completado
3660,139,"2021-11-19 07:32:00",completado
3661,401,"2022-11-19 12:08:00",completado
3662,45,"2022-02-17 13:40:00",completado
3663,187,"2023-05-20 04:57:00",completado
3664,449,"2022-08-12 02:02:00",completado
3665,166,"2022-06-26 22:06:00",completado
3666,23,"2022-12-13 14:19:00",completado
3667,345,"2021-04-14 07:25:00",completado
3668,133,"2023-07-06 17:07:00",completado
3669,412,"2023-09-15 12:53:00",completado
3670,86,"2022-09-28 09:11:00",completado
3671,461,"2023-05-31 11:39:00",completado
3672,272,"2023-07-13 05:46:00",completado
3673,373,"2023-09-18 16:45:00",completado
3674,429,"2023-09-19 14:25:00",completado
3675,372,"2023-06-18 21:38:00",completado
3676,258,"2023-10-26 22:31:00",completado
3677,70,"2021-07-21 14:03:00",reembolsado
3678,445,"2023-12-25 07:30:00",completado
3679,224,"2023-06-28 18:20:00",completado
3680,351,"2023-12-23 20:20:00",completado
3681,393,"2023-04-15 10:52:00",completado
3682,250,"2023-04-01 03:04:00",cancelado
3683,131,"2022-11-29 15:45:00",reembolsado
3684,453,"2023-08-31 16:48:00",completado
3685,455,"2022-02-13 08:47:00",reembolsado
3686,324,"2022-10-28 12:02:00",completado
3687,275,"2022-08-31 17:46:00",completado
3688,121,"2023-08-01 22:32:00",completado
3689,350,"2023-01-03 04:47:00",completado
3690,477,"2021-10-04 19:36:00",completado
3691,101,"2022-12-03 05:59:00",completado
3692,94,"2023-01-19 07:53:00",completado
3693,304,"2022-10-24 22:32:00",completado
3694,480,"2023-06-21 18:36:00",completado
3695,88,"2023-05-26 23:43:00",completado
3696,483,"2022-09-17 05:48:00",completado
3697,70,"2022-10-04 01:48:00",reembolsado
3698,316,"2023-02-03 11:26:00",completado
3699,463,"2023-09-24 15:29:00",completado
3700,135,"2023-09-21 01:39:00",completado
3701,356,"2023-01-16 08:21:00",completado
3702,281,"2023-08-02 19:14:00",completado
3703,232,"2022-09-30 16:45:00",completado
3704,322,"2023-08-15 07:56:00",completado
3705,496,"2021-06-19 12:23:00",completado
3706,18,"2023-04-10 07:28:00",completado
3707,346,"2022-10-12 23:10:00",cancelado
3708,396,"2023-12-21 12:37:00",reembolsado
3709,494,"2021-12-26 07:23:00",cancelado
3710,372,"2022-12-03 00:21:00",completado
3711,1,"2022-05-30 21:14:00",completado
3712,294,"2023-07-02 23:20:00",completado
3713,170,"2021-08-10 11:03:00",completado
3714,419,"2023-09-16 22:12:00",completado
3715,355,"2023-08-18 02:09:00",completado
3716,44,"2023-04-11 02:28:00",cancelado
3717,54,"2021-10-27 21:40:00",completado
3718,420,"2022-10-12 07:27:00",completado
3719,238,"2023-05-09 05:28:00",completado
3720,277,"2022-09-21 22:09:00",completado
3721,55,"2023-11-12 14:42:00",completado
3722,336,"2022-05-16 21:53:00",completado
3723,210,"2023-06-04 07:57:00",completado
3724,236,"2022-10-17 21:42:00",completado
3725,180,"2023-11-27 15:19:00",completado
3726,417,"2023-08-14 06:09:00",completado
3727,195,"2023-06-20 01:18:00",completado
3728,24,"2023-06-16 03:22:00",reembolsado
3729,245,"2022-09-20 17:18:00",completado
3730,88,"2023-04-02 14:06:00",completado
3731,296,"2023-05-30 03:08:00",completado
3732,350,"2023-01-31 13:23:00",completado
3733,175,"2023-11-22 02:01:00",completado
3734,472,"2023-04-22 23:20:00",reembolsado
3735,89,"2022-10-02 05:01:00",completado
3736,77,"2023-06-13 18:59:00",reembolsado
3737,262,"2022-11-26 00:35:00",completado
3738,106,"2023-01-18 05:02:00",completado
3739,64,"2023-02-06 19:11:00",reembolsado
3740,339,"2022-09-25 14:23:00",completado
3741,97,"2022-09-26 04:15:00",completado
3742,330,"2022-11-14 18:11:00",completado
3743,101,"2023-08-05 04:42:00",completado
3744,233,"2023-08-16 03:16:00",completado
3745,319,"2022-12-31 04:00:00",completado
3746,93,"2022-10-15 14:47:00",completado
3747,369,"2023-11-11 18:27:00",cancelado
3748,178,"2023-07-25 00:36:00",completado
3749,331,"2023-08-29 01:05:00",completado
3750,45,"2023-01-14 02:27:00",completado
3751,100,"2023-11-09 01:30:00",completado
3752,408,"2022-04-05 05:39:00",completado
3753,282,"2022-03-24 03:16:00",completado
3754,421,"2022-06-08 14:20:00",completado
3755,41,"2023-04-06 08:40:00",completado
3756,395,"2022-10-14 05:43:00",cancelado
3757,88,"2022-04-03 01:02:00",completado
3758,40,"2022-01-09 19:28:00",completado
3759,403,"2023-05-01 00:34:00",completado
3760,235,"2023-11-03 10:55:00",completado
3761,187,"2023-08-01 17:22:00",completado
3762,49,"2023-10-27 07:46:00",completado
3763,232,"2022-06-30 21:16:00",completado
3764,224,"2023-10-18 07:44:00",completado
3765,479,"2023-10-06 16:46:00",completado
3766,93,"2023-09-07 17:00:00",completado
3767,273,"2023-07-17 07:44:00",completado
3768,281,"2023-11-22 09:37:00",completado
3769,265,"2023-07-04 23:36:00",cancelado
3770,377,"2023-06-06 18:02:00",completado
3771,38,"2023-09-24 03:01:00",completado
3772,204,"2022-09-17 02:05:00",completado
3773,439,"2023-09-07 13:22:00",completado
3774,264,"2022-05-28 13:45:00",reembolsado
3775,305,"2023-11-25 16:38:00",completado
3776,198,"2022-06-25 02:50:00",completado
3777,413,"2023-04-26 20:31:00",completado
3778,5,"2022-08-12 01:07:00",completado
3779,276,"2023-02-23 17:39:00",completado
3780,262,"2021-09-26 11:20:00",completado
3781,332,"2021-12-11 08:03:00",completado
3782,110,"2022-03-16 01:57:00",reembolsado
3783,428,"2021-05-18 23:30:00",completado
3784,223,"2021-12-22 00:57:00",completado
3785,424,"2022-11-26 10:02:00",completado
3786,475,"2022-12-12 21:51:00",completado
3787,454,"2023-07-28 20:23:00",completado
3788,61,"2023-03-07 04:43:00",completado
3789,134,"2023-10-17 17:34:00",completado
3790,258,"2023-11-22 13:20:00",cancelado
3791,221,"2023-10-09 06:39:00",completado
3792,377,"2022-09-17 07:10:00",completado
3793,440,"2023-10-02 07:12:00",completado
3794,141,"2021-08-27 13:30:00",completado
3795,101,"2022-09-14 13:06:00",completado
3796,9,"2023-08-09 17:27:00",completado
3797,283,"2023-01-08 06:33:00",completado
3798,157,"2022-03-09 04:19:00",cancelado
3799,218,"2022-12-11 06:04:00",completado
3800,260,"2021-08-19 15:01:00",completado
3801,147,"2023-09-10 00:47:00",reembolsado
3802,425,"2022-04-01 04:48:00",completado
3803,211,"2023-08-24 16:40:00",completado
3804,164,"2023-06-08 14:04:00",completado
3805,190,"2022-08-13 18:40:00",completado
3806,72,"2022-07-22 19:48:00",completado
3807,332,"2022-07-22 10:49:00",completado
3808,36,"2023-02-03 11:23:00",completado
3809,309,"2022-08-01 22:33:00",cancelado
3810,100,"2023-08-13 11:52:00",cancelado
3811,390,"2023-06-17 17:49:00",completado
3812,387,"2023-06-21 12:21:00",reembolsado
3813,131,"2022-09-19 04:44:00",completado
3814,224,"2022-04-30 16:14:00",reembolsado
3815,388,"2023-11-21 18:21:00",completado
3816,182,"2022-10-23 19:35:00",completado
3817,32,"2023-01-27 20:22:00",completado
3818,487,"2023-01-18 05:10:00",completado
3819,371,"2023-08-23 08:12:00",completado
3820,216,"2023-02-11 22:57:00",completado
3821,348,"2021-06-26 14:39:00",completado
3822,395,"2023-07-29 02:21:00",completado
3823,393,"2022-06-22 00:45:00",completado
3824,445,"2023-06-24 02:18:00",reembolsado
3825,390,"2023-09-23 16:04:00",completado
3826,75,"2023-08-04 02:31:00",completado
3827,15,"2023-11-10 15:55:00",completado
3828,184,"2022-11-02 14:34:00",completado
3829,279,"2023-06-27 00:47:00",completado
3830,4,"2023-07-12 04:41:00",completado
3831,424,"2022-03-24 13:48:00",reembolsado
3832,232,"2023-06-02 19:03:00",completado
3833,434,"2022-12-03 11:40:00",completado
3834,391,"2023-07-31 23:57:00",completado
3835,42,"2022-07-12 23:33:00",completado
3836,201,"2021-12-24 07:15:00",completado
3837,299,"2023-11-15 12:01:00",completado
3838,82,"2022-10-01 09:54:00",completado
3839,268,"2023-08-20 05:24:00",completado
3840,85,"2023-05-30 05:09:00",completado
3841,142,"2022-01-24 12:45:00",completado
3842,424,"2023-09-03 13:21:00",completado
3843,147,"2022-11-16 02:56:00",completado
3844,303,"2023-12-28 03:47:00",completado
3845,79,"2021-10-06 15:04:00",completado
3846,60,"2023-10-12 20:24:00",completado
3847,402,"2023-04-08 00:39:00",completado
3848,191,"2023-09-04 19:40:00",completado
3849,462,"2021-12-12 19:45:00",completado
3850,362,"2023-07-11 15:58:00",completado
3851,248,"2022-06-06 18:06:00",completado
3852,330,"2023-12-30 00:06:00",completado
3853,450,"2023-10-28 18:06:00",completado
3854,412,"2023-12-24 09:06:00",completado
3855,349,"2023-01-03 02:38:00",completado
3856,429,"2022-06-22 19:55:00",completado
3857,411,"2023-08-14 13:31:00",completado
3858,307,"2023-07-07 14:01:00",completado
3859,371,"2023-10-27 13:33:00",completado
3860,441,"2022-08-17 12:16:00",completado
3861,161,"2023-08-31 03:47:00",completado
3862,416,"2023-09-03 20:37:00",reembolsado
3863,418,"2023-08-18 13:38:00",completado
3864,218,"2023-05-01 21:10:00",completado
3865,144,"2022-09-03 04:43:00",completado
3866,416,"2023-03-21 22:34:00",completado
3867,423,"2023-09-04 10:44:00",completado
3868,401,"2023-09-14 12:17:00",completado
3869,355,"2023-11-15 22:13:00",completado
3870,80,"2023-04-19 14:06:00",completado
3871,285,"2021-08-29 04:26:00",completado
3872,85,"2023-04-06 10:34:00",completado
3873,149,"2023-04-16 08:01:00",completado
3874,4,"2023-03-06 03:38:00",completado
3875,457,"2023-05-26 04:38:00",completado
3876,109,"2021-10-14 14:53:00",completado
3877,100,"2023-05-26 22:33:00",completado
3878,336,"2022-01-13 00:09:00",completado
3879,497,"2023-05-17 16:13:00",completado
3880,70,"2022-09-27 00:39:00",completado
3881,255,"2022-10-27 20:49:00",completado
3882,299,"2023-04-23 09:21:00",completado
3883,130,"2023-06-27 10:11:00",completado
3884,358,"2021-10-24 13:18:00",completado
3885,499,"2023-12-11 19:13:00",completado
3886,272,"2022-02-26 19:51:00",completado
3887,50,"2022-06-18 02:03:00",cancelado
3888,480,"2022-12-31 12:14:00",completado
3889,194,"2023-09-20 13:09:00",completado
3890,255,"2022-10-10 17:22:00",reembolsado
3891,133,"2023-09-28 21:17:00",completado
3892,487,"2022-01-12 05:22:00",completado
3893,349,"2022-01-05 07:41:00",completado
3894,304,"2022-10-22 21:28:00",reembolsado
3895,385,"2021-08-27 07:12:00",completado
3896,498,"2023-08-19 04:41:00",completado
3897,410,"2023-11-06 00:24:00",cancelado
3898,380,"2021-12-25 15:36:00",completado
3899,378,"2022-04-10 02:39:00",reembolsado
3900,135,"2023-09-24 03:57:00",completado
3901,379,"2023-05-02 03:40:00",completado
3902,484,"2023-01-17 16:51:00",completado
3903,315,"2022-09-28 01:47:00",completado
3904,99,"2023-08-25 09:31:00",completado
3905,407,"2023-09-05 19:32:00",completado
3906,210,"2023-07-24 21:30:00",completado
3907,469,"2022-09-17 23:21:00",completado
3908,80,"2023-11-20 05:16:00",completado
3909,419,"2023-09-06 16:09:00",reembolsado
3910,192,"2022-06-04 22:58:00",completado
3911,190,"2021-12-28 08:31:00",reembolsado
3912,207,"2023-06-18 06:20:00",reembolsado
3913,379,"2023-12-12 14:05:00",completado
3914,324,"2022-09-06 04:41:00",completado
3915,32,"2021-10-26 03:33:00",completado
3916,171,"2023-04-21 04:14:00",completado
3917,319,"2023-04-08 16:15:00",completado
3918,99,"2023-02-18 20:49:00",completado
3919,487,"2021-12-08 00:32:00",completado
3920,491,"2023-11-17 05:33:00",reembolsado
3921,481,"2022-11-17 20:37:00",completado
3922,119,"2022-01-29 20:54:00",cancelado
3923,44,"2022-05-30 03:49:00",completado
3924,42,"2021-07-27 04:35:00",completado
3925,113,"2023-08-31 18:45:00",completado
3926,62,"2023-07-10 19:32:00",completado
3927,354,"2023-10-15 17:19:00",completado
3928,334,"2022-02-21 18:26:00",completado
3929,57,"2022-12-17 12:08:00",completado
3930,449,"2023-03-17 21:59:00",completado
3931,325,"2022-12-27 21:47:00",reembolsado
3932,63,"2023-07-12 20:33:00",completado
3933,446,"2023-09-11 14:44:00",completado
3934,259,"2022-11-18 05:31:00",completado
3935,500,"2022-04-12 00:54:00",completado
3936,422,"2022-08-31 07:06:00",completado
3937,447,"2023-09-04 18:05:00",completado
3938,479,"2023-10-01 16:40:00",completado
3939,250,"2023-04-13 05:33:00",completado
3940,211,"2023-10-13 11:12:00",reembolsado
3941,280,"2022-12-18 08:14:00",completado
3942,22,"2023-04-27 14:43:00",completado
3943,12,"2023-11-03 03:17:00",completado
3944,20,"2023-11-24 05:33:00",completado
3945,491,"2023-06-25 08:57:00",completado
3946,110,"2022-04-22 07:00:00",completado
3947,164,"2023-06-23 20:08:00",completado
3948,337,"2022-01-01 00:06:00",reembolsado
3949,88,"2023-01-17 01:48:00",completado
3950,348,"2023-10-13 13:56:00",completado
3951,135,"2023-09-16 23:15:00",completado
3952,479,"2022-01-12 13:52:00",completado
3953,116,"2023-04-22 03:42:00",cancelado
3954,469,"2023-11-17 19:12:00",completado
3955,291,"2023-11-25 12:06:00",completado
3956,214,"2023-11-14 09:10:00",reembolsado
3957,2,"2023-07-05 20:37:00",completado
3958,135,"2023-12-20 23:02:00",completado
3959,304,"2023-05-31 13:49:00",completado
3960,260,"2023-08-02 14:31:00",completado
3961,52,"2023-05-03 02:41:00",completado
3962,148,"2023-08-23 00:45:00",completado
3963,288,"2023-09-02 01:35:00",completado
3964,349,"2023-07-15 01:51:00",completado
3965,156,"2023-10-16 17:47:00",completado
3966,39,"2023-02-09 03:19:00",reembolsado
3967,345,"2021-05-15 11:04:00",completado
3968,90,"2023-06-24 07:18:00",completado
3969,134,"2023-06-13 06:48:00",completado
3970,188,"2022-02-10 06:26:00",completado
3971,192,"2023-03-15 20:32:00",completado
3972,50,"2023-05-28 16:04:00",completado
3973,267,"2022-09-19 06:47:00",completado
3974,477,"2021-12-08 03:09:00",completado
3975,339,"2021-07-11 07:24:00",reembolsado
3976,240,"2023-02-24 08:41:00",completado
3977,477,"2023-06-04 00:48:00",completado
3978,201,"2022-03-23 20:36:00",completado
3979,243,"2023-06-30 13:20:00",completado
3980,173,"2023-01-16 11:24:00",reembolsado
3981,31,"2023-07-19 09:46:00",completado
3982,206,"2023-02-14 23:34:00",completado
3983,90,"2022-08-04 09:43:00",completado
3984,350,"2023-04-14 12:35:00",completado
3985,33,"2023-05-15 03:44:00",completado
3986,154,"2023-03-22 20:46:00",completado
3987,229,"2022-12-15 17:19:00",completado
3988,75,"2023-09-15 01:50:00",cancelado
3989,485,"2023-05-29 14:58:00",cancelado
3990,395,"2023-03-27 20:57:00",completado
3991,11,"2023-09-11 10:25:00",reembolsado
3992,488,"2022-04-22 20:44:00",completado
3993,426,"2023-11-15 04:01:00",completado
3994,315,"2023-06-24 10:13:00",completado
3995,445,"2022-03-28 04:27:00",completado
3996,387,"2023-07-22 17:10:00",completado
3997,128,"2023-09-04 17:36:00",completado
3998,495,"2023-12-06 12:50:00",completado
3999,28,"2023-01-23 14:53:00",completado
4000,172,"2023-07-10 22:20:00",completado
4001,66,"2023-04-08 22:55:00",completado
4002,260,"2022-07-09 10:59:00",completado
4003,399,"2023-07-26 11:42:00",completado
4004,441,"2021-10-22 19:47:00",reembolsado
4005,447,"2023-01-16 14:06:00",completado
4006,140,"2023-09-06 00:52:00",completado
4007,48,"2022-06-26 04:27:00",completado
4008,236,"2023-10-19 23:15:00",completado
4009,123,"2023-09-02 00:47:00",completado
4010,448,"2023-03-09 03:33:00",completado
4011,263,"2023-07-01 12:03:00",completado
4012,333,"2023-02-11 13:47:00",completado
4013,269,"2022-05-07 10:56:00",completado
4014,294,"2023-06-17 19:30:00",completado
4015,108,"2023-01-03 21:34:00",completado
4016,24,"2023-10-15 19:42:00",completado
4017,380,"2023-02-02 20:28:00",completado
4018,297,"2023-10-05 02:48:00",completado
4019,421,"2023-12-18 09:58:00",completado
4020,49,"2022-10-16 22:17:00",completado
4021,54,"2022-10-16 13:06:00",completado
4022,142,"2022-12-05 03:53:00",completado
4023,432,"2022-11-01 00:36:00",completado
4024,225,"2023-03-17 03:09:00",completado
4025,85,"2023-08-04 05:31:00",completado
4026,236,"2023-04-15 09:20:00",completado
4027,334,"2023-10-01 10:31:00",completado
4028,218,"2023-03-28 12:27:00",completado
4029,477,"2023-07-28 07:04:00",completado
4030,371,"2023-05-03 06:01:00",completado
4031,363,"2023-08-28 04:20:00",completado
4032,360,"2023-03-23 12:04:00",completado
4033,320,"2023-06-13 17:06:00",completado
4034,352,"2023-12-03 12:53:00",completado
4035,470,"2022-03-02 03:04:00",completado
4036,63,"2023-07-05 16:52:00",completado
4037,329,"2023-10-16 10:11:00",completado
4038,251,"2022-07-17 18:08:00",completado
4039,481,"2023-03-14 12:28:00",completado
4040,417,"2023-08-04 04:48:00",completado
4041,445,"2022-05-29 14:14:00",completado
4042,443,"2023-07-03 11:32:00",completado
4043,363,"2023-08-06 02:52:00",completado
4044,179,"2021-11-04 07:20:00",completado
4045,142,"2023-03-29 17:28:00",completado
4046,486,"2023-04-04 01:08:00",reembolsado
4047,480,"2022-05-26 23:22:00",completado
4048,301,"2022-05-29 12:48:00",completado
4049,497,"2023-07-14 00:43:00",completado
4050,148,"2022-08-03 17:21:00",completado
4051,457,"2022-11-01 04:13:00",completado
4052,303,"2023-05-22 08:31:00",reembolsado
4053,88,"2023-05-18 21:29:00",completado
4054,68,"2023-03-09 02:22:00",completado
4055,85,"2023-08-10 08:58:00",completado
4056,99,"2023-09-23 14:32:00",completado
4057,382,"2023-09-28 04:56:00",completado
4058,350,"2023-03-10 01:33:00",completado
4059,308,"2021-10-05 09:13:00",reembolsado
4060,53,"2022-10-27 19:25:00",reembolsado
4061,365,"2023-08-02 13:05:00",completado
4062,81,"2022-04-14 06:49:00",completado
4063,442,"2022-06-26 01:16:00",completado
4064,52,"2023-08-10 14:11:00",completado
4065,426,"2023-11-04 02:44:00",completado
4066,76,"2023-05-13 07:55:00",completado
4067,279,"2022-07-31 15:21:00",completado
4068,48,"2021-11-13 03:56:00",completado
4069,85,"2023-02-21 18:40:00",cancelado
4070,441,"2023-02-15 13:49:00",completado
4071,276,"2021-11-27 09:18:00",completado
4072,424,"2022-07-04 08:11:00",completado
4073,303,"2022-12-21 10:02:00",completado
4074,20,"2023-11-02 20:51:00",reembolsado
4075,258,"2023-10-02 09:07:00",completado
4076,90,"2023-12-18 09:57:00",completado
4077,423,"2022-07-04 14:55:00",completado
4078,85,"2023-02-18 17:27:00",completado
4079,323,"2023-12-01 14:12:00",completado
4080,36,"2022-12-18 00:18:00",completado
4081,57,"2022-10-21 21:22:00",completado
4082,269,"2021-09-28 08:10:00",completado
4083,71,"2023-03-28 19:07:00",completado
4084,387,"2023-07-10 15:51:00",reembolsado
4085,344,"2021-09-29 01:41:00",completado
4086,282,"2022-11-01 13:32:00",completado
4087,338,"2023-11-11 09:21:00",completado
4088,471,"2023-07-18 17:31:00",completado
4089,209,"2023-04-04 23:38:00",completado
4090,406,"2021-12-19 10:39:00",completado
4091,298,"2023-07-26 13:47:00",completado
4092,36,"2023-08-10 08:40:00",completado
4093,318,"2023-07-14 05:12:00",completado
4094,398,"2023-03-19 16:34:00",completado
4095,24,"2023-09-29 14:44:00",completado
4096,153,"2023-11-09 04:29:00",completado
4097,356,"2023-08-22 22:13:00",completado
4098,424,"2022-08-05 14:15:00",completado
4099,230,"2023-10-05 03:58:00",completado
4100,192,"2023-06-24 13:34:00",completado
4101,352,"2023-04-24 17:27:00",completado
4102,445,"2022-03-25 04:22:00",completado
4103,233,"2023-04-03 18:42:00",completado
4104,243,"2023-12-06 09:08:00",reembolsado
4105,247,"2022-12-14 20:26:00",completado
4106,359,"2021-08-21 13:18:00",completado
4107,193,"2023-06-28 03:47:00",completado
4108,60,"2023-12-18 08:57:00",completado
4109,471,"2023-06-30 13:49:00",completado
4110,47,"2023-05-29 13:30:00",completado
4111,57,"2022-10-03 17:31:00",completado
4112,237,"2023-03-20 06:49:00",completado
4113,93,"2022-08-17 05:07:00",completado
4114,200,"2023-02-16 13:14:00",completado
4115,306,"2023-11-07 21:43:00",completado
4116,367,"2023-09-08 10:34:00",completado
4117,490,"2023-05-12 09:50:00",completado
4118,259,"2022-02-12 17:52:00",completado
4119,291,"2023-11-09 05:45:00",completado
4120,34,"2022-09-28 04:44:00",completado
4121,395,"2023-11-15 04:10:00",completado
4122,202,"2022-04-30 20:04:00",completado
4123,410,"2022-10-28 10:44:00",completado
4124,331,"2023-11-11 19:51:00",completado
4125,303,"2023-08-22 12:39:00",completado
4126,434,"2022-12-23 15:32:00",reembolsado
4127,385,"2023-02-24 02:29:00",completado
4128,234,"2023-02-17 04:25:00",completado
4129,490,"2023-05-14 10:59:00",reembolsado
4130,330,"2023-10-05 13:01:00",completado
4131,130,"2023-04-12 16:58:00",completado
4132,264,"2022-05-11 10:09:00",reembolsado
4133,109,"2022-02-07 07:54:00",completado
4134,465,"2022-11-08 22:41:00",reembolsado
4135,32,"2023-11-05 11:37:00",completado
4136,355,"2023-10-18 08:42:00",reembolsado
4137,116,"2023-02-10 06:48:00",completado
4138,48,"2023-08-14 01:46:00",completado
4139,72,"2022-01-01 18:10:00",completado
4140,460,"2023-06-16 04:19:00",completado
4141,36,"2023-02-19 15:07:00",completado
4142,422,"2023-02-27 20:50:00",completado
4143,278,"2022-08-20 14:41:00",completado
4144,169,"2022-05-16 14:39:00",completado
4145,98,"2023-09-08 12:48:00",completado
4146,144,"2023-03-11 08:47:00",completado
4147,212,"2023-11-03 17:12:00",completado
4148,133,"2023-05-12 22:43:00",completado
4149,456,"2022-04-06 07:22:00",completado
4150,303,"2023-08-04 07:37:00",completado
4151,286,"2023-01-06 17:26:00",completado
4152,54,"2022-01-09 05:13:00",completado
4153,257,"2023-05-16 06:01:00",completado
4154,56,"2022-12-12 14:10:00",completado
4155,225,"2022-12-14 07:34:00",completado
4156,48,"2022-08-28 11:44:00",reembolsado
4157,45,"2023-07-17 22:14:00",completado
4158,404,"2023-06-12 20:29:00",completado
4159,337,"2022-07-06 07:41:00",completado
4160,141,"2022-03-11 14:09:00",completado
4161,57,"2023-06-15 11:45:00",completado
4162,428,"2023-10-01 00:19:00",completado
4163,430,"2023-07-27 17:50:00",completado
4164,398,"2023-03-29 18:52:00",completado
4165,449,"2023-08-13 03:27:00",completado
4166,269,"2023-07-07 12:07:00",cancelado
4167,132,"2023-08-25 08:16:00",completado
4168,337,"2023-04-17 05:12:00",completado
4169,125,"2023-02-03 08:39:00",completado
4170,270,"2023-07-19 22:35:00",completado
4171,217,"2022-06-28 10:44:00",completado
4172,462,"2023-12-25 04:00:00",completado
4173,259,"2021-08-17 18:37:00",completado
4174,183,"2023-08-28 02:04:00",cancelado
4175,131,"2023-04-07 11:28:00",reembolsado
4176,310,"2023-12-25 01:22:00",completado
4177,138,"2023-01-24 09:59:00",completado
4178,128,"2023-06-30 21:53:00",completado
4179,268,"2023-05-01 09:21:00",completado
4180,77,"2023-03-24 01:51:00",completado
4181,251,"2023-05-06 19:08:00",completado
4182,66,"2023-03-22 17:55:00",completado
4183,352,"2023-09-09 11:09:00",completado
4184,367,"2023-05-31 08:21:00",completado
4185,11,"2022-03-28 22:33:00",completado
4186,476,"2023-05-16 17:08:00",completado
4187,458,"2023-03-20 11:38:00",completado
4188,344,"2022-11-15 00:13:00",cancelado
4189,206,"2023-05-28 21:31:00",completado
4190,73,"2022-06-02 19:19:00",reembolsado
4191,73,"2023-11-24 07:46:00",completado
4192,122,"2021-04-05 09:51:00",completado
4193,403,"2022-10-11 20:09:00",completado
4194,494,"2022-08-13 19:54:00",completado
4195,1,"2023-09-03 08:11:00",completado
4196,468,"2023-07-04 23:41:00",completado
4197,310,"2023-08-01 21:47:00",completado
4198,435,"2022-10-10 16:02:00",completado
4199,129,"2023-08-15 02:52:00",cancelado
4200,87,"2023-06-08 21:22:00",completado
4201,7,"2023-08-19 17:22:00",completado
4202,165,"2023-05-13 22:05:00",completado
4203,99,"2023-02-24 21:00:00",completado
4204,211,"2023-02-25 19:04:00",completado
4205,212,"2023-07-26 23:32:00",completado
4206,422,"2023-05-29 15:15:00",completado
4207,85,"2023-05-03 20:22:00",completado
4208,373,"2023-11-05 15:56:00",reembolsado
4209,423,"2023-11-12 00:24:00",completado
4210,187,"2022-11-15 18:48:00",completado
4211,207,"2023-01-02 00:46:00",completado
4212,321,"2022-02-25 03:42:00",completado
4213,57,"2023-08-09 02:24:00",completado
4214,26,"2023-09-14 21:08:00",completado
4215,412,"2023-08-17 23:28:00",completado
4216,236,"2023-07-12 03:36:00",reembolsado
4217,57,"2023-09-05 09:43:00",reembolsado
4218,341,"2021-11-28 19:37:00",completado
4219,136,"2023-03-16 03:53:00",completado
4220,469,"2022-11-16 12:44:00",completado
4221,176,"2023-08-29 06:52:00",completado
4222,267,"2023-07-28 00:57:00",completado
4223,95,"2023-04-02 00:58:00",completado
4224,362,"2023-12-25 19:00:00",completado
4225,161,"2023-03-29 16:59:00",completado
4226,97,"2021-05-13 17:29:00",completado
4227,313,"2021-10-18 08:34:00",completado
4228,267,"2023-07-21 23:40:00",completado
4229,193,"2022-10-06 17:06:00",completado
4230,215,"2023-06-07 16:01:00",cancelado
4231,383,"2022-02-08 19:24:00",completado
4232,101,"2023-12-30 09:58:00",completado
4233,205,"2023-05-04 08:51:00",completado
4234,352,"2023-10-10 20:54:00",completado
4235,470,"2021-10-20 07:31:00",completado
4236,334,"2022-09-18 01:09:00",completado
4237,148,"2023-04-29 00:24:00",completado
4238,168,"2021-11-30 09:10:00",completado
4239,220,"2022-03-21 08:23:00",completado
4240,99,"2022-05-07 12:36:00",completado
4241,255,"2021-10-04 11:24:00",completado
4242,229,"2023-12-23 13:53:00",completado
4243,118,"2023-12-17 04:55:00",completado
4244,224,"2022-03-19 11:21:00",completado
4245,324,"2022-10-20 11:51:00",completado
4246,19,"2021-12-13 17:10:00",completado
4247,6,"2023-07-25 16:50:00",completado
4248,306,"2021-07-24 22:11:00",completado
4249,108,"2023-04-29 00:25:00",completado
4250,254,"2023-08-17 09:37:00",completado
4251,181,"2023-01-07 20:37:00",completado
4252,318,"2022-12-25 23:21:00",completado
4253,390,"2022-08-21 19:54:00",completado
4254,83,"2022-05-10 19:49:00",completado
4255,326,"2023-12-07 20:20:00",completado
4256,441,"2022-08-13 11:09:00",completado
4257,472,"2023-09-13 08:53:00",completado
4258,450,"2023-11-18 22:54:00",completado
4259,167,"2023-04-06 04:51:00",completado
4260,423,"2023-09-05 10:45:00",completado
4261,280,"2022-12-31 12:50:00",completado
4262,486,"2023-01-18 05:23:00",completado
4263,76,"2023-09-23 14:34:00",completado
4264,13,"2023-09-19 22:52:00",completado
4265,313,"2022-03-16 05:28:00",completado
4266,279,"2022-06-16 07:55:00",completado
4267,66,"2023-05-20 12:28:00",completado
4268,375,"2022-12-06 18:53:00",completado
4269,480,"2023-03-21 02:44:00",completado
4270,383,"2022-04-03 02:45:00",completado
4271,230,"2021-07-25 14:06:00",completado
4272,121,"2022-09-05 01:53:00",completado
4273,238,"2022-11-06 08:21:00",completado
4274,174,"2021-04-19 04:50:00",completado
4275,65,"2023-07-04 19:44:00",completado
4276,162,"2022-10-11 18:48:00",completado
4277,195,"2023-09-16 20:51:00",completado
4278,283,"2022-06-04 00:06:00",reembolsado
4279,423,"2023-05-15 09:17:00",completado
4280,270,"2023-01-13 07:23:00",completado
4281,147,"2023-08-03 15:08:00",completado
4282,475,"2023-10-14 16:45:00",completado
4283,101,"2023-09-21 14:24:00",completado
4284,351,"2022-01-21 10:14:00",completado
4285,430,"2023-11-03 01:07:00",completado
4286,463,"2023-12-11 02:34:00",completado
4287,441,"2023-10-15 22:52:00",completado
4288,397,"2022-03-09 13:38:00",completado
4289,207,"2023-09-16 23:18:00",completado
4290,242,"2023-04-15 17:39:00",completado
4291,152,"2023-06-19 11:00:00",completado
4292,103,"2023-10-19 22:56:00",completado
4293,251,"2023-06-05 01:05:00",completado
4294,180,"2022-12-04 11:25:00",completado
4295,232,"2023-04-11 08:04:00",completado
4296,193,"2023-09-03 18:27:00",completado
4297,117,"2023-06-24 05:51:00",completado
4298,420,"2023-01-29 02:52:00",completado
4299,211,"2023-03-17 03:26:00",completado
4300,61,"2021-08-18 09:26:00",completado
4301,160,"2023-10-22 03:13:00",reembolsado
4302,21,"2023-06-06 16:14:00",completado
4303,217,"2022-06-13 07:14:00",completado
4304,27,"2023-10-04 04:52:00",completado
4305,122,"2022-08-13 19:30:00",completado
4306,127,"2022-01-26 09:21:00",completado
4307,478,"2023-08-20 09:20:00",completado
4308,395,"2023-09-10 12:17:00",completado
4309,24,"2023-05-18 18:39:00",cancelado
4310,198,"2022-05-25 21:54:00",completado
4311,435,"2023-05-14 23:49:00",completado
4312,352,"2023-09-28 16:14:00",completado
4313,178,"2021-09-02 22:46:00",completado
4314,91,"2023-12-22 09:02:00",completado
4315,244,"2023-04-28 02:39:00",completado
4316,471,"2023-09-05 03:24:00",completado
4317,410,"2023-02-01 08:45:00",reembolsado
4318,406,"2022-01-05 12:03:00",completado
4319,467,"2023-12-01 21:39:00",completado
4320,468,"2023-03-11 05:18:00",completado
4321,438,"2023-11-28 02:39:00",completado
4322,24,"2023-07-06 10:35:00",completado
4323,78,"2022-08-11 01:57:00",completado
4324,393,"2021-06-27 08:18:00",completado
4325,143,"2023-09-22 05:37:00",completado
4326,433,"2021-08-04 16:16:00",completado
4327,442,"2022-07-31 06:09:00",cancelado
4328,417,"2022-08-07 00:52:00",completado
4329,54,"2022-05-05 18:40:00",cancelado
4330,499,"2022-11-30 02:55:00",completado
4331,455,"2023-06-11 19:00:00",completado
4332,193,"2023-12-03 14:08:00",reembolsado
4333,71,"2023-03-23 18:57:00",completado
4334,322,"2022-01-11 00:31:00",completado
4335,18,"2023-12-01 17:43:00",completado
4336,312,"2023-03-25 16:49:00",reembolsado
4337,66,"2023-07-01 02:59:00",completado
4338,280,"2022-09-23 11:16:00",completado
4339,375,"2023-11-19 05:25:00",completado
4340,233,"2023-07-05 09:59:00",completado
4341,153,"2023-04-28 18:24:00",completado
4342,259,"2021-07-17 14:52:00",completado
4343,419,"2023-12-28 10:11:00",completado
4344,304,"2022-07-23 05:29:00",completado
4345,253,"2023-06-01 19:06:00",completado
4346,191,"2022-07-12 01:14:00",completado
4347,211,"2023-12-14 11:31:00",completado
4348,118,"2022-10-07 00:42:00",completado
4349,455,"2022-06-04 04:18:00",cancelado
4350,206,"2023-11-27 11:32:00",completado
4351,74,"2023-04-29 15:21:00",completado
4352,203,"2023-04-21 21:24:00",completado
4353,236,"2023-10-01 19:35:00",completado
4354,479,"2021-08-10 18:28:00",completado
4355,334,"2022-05-27 08:02:00",completado
4356,257,"2023-12-14 09:56:00",reembolsado
4357,78,"2022-11-10 20:29:00",completado
4358,87,"2023-01-10 17:15:00",completado
4359,62,"2022-10-23 13:06:00",completado
4360,214,"2022-10-17 16:16:00",completado
4361,429,"2022-11-17 01:15:00",completado
4362,109,"2023-04-27 21:22:00",completado
4363,54,"2023-09-05 02:56:00",completado
4364,343,"2023-04-10 23:05:00",completado
4365,75,"2023-11-24 16:00:00",completado
4366,13,"2023-09-28 02:37:00",completado
4367,331,"2023-08-03 10:22:00",completado
4368,359,"2021-11-01 21:51:00",completado
4369,123,"2023-06-24 06:27:00",completado
4370,79,"2023-06-10 07:15:00",completado
4371,40,"2023-01-30 22:46:00",completado
4372,320,"2023-10-10 03:12:00",completado
4373,141,"2021-10-17 19:42:00",completado
4374,457,"2022-05-04 07:22:00",completado
4375,237,"2023-07-04 03:33:00",completado
4376,235,"2023-08-08 17:19:00",completado
4377,120,"2023-04-10 05:00:00",completado
4378,477,"2023-08-28 11:47:00",completado
4379,334,"2022-07-06 14:08:00",completado
4380,143,"2023-04-27 20:33:00",completado
4381,35,"2023-08-13 11:16:00",completado
4382,144,"2022-12-20 20:37:00",completado
4383,295,"2023-06-04 16:34:00",completado
4384,101,"2022-07-23 03:15:00",completado
4385,445,"2022-11-29 18:26:00",completado
4386,326,"2022-11-01 09:05:00",completado
4387,410,"2023-08-18 06:05:00",completado
4388,484,"2023-08-01 01:50:00",completado
4389,279,"2023-12-30 07:37:00",completado
4390,218,"2023-07-30 22:44:00",completado
4391,44,"2021-11-28 00:51:00",completado
4392,388,"2023-12-16 08:57:00",completado
4393,358,"2023-02-26 04:57:00",reembolsado
4394,404,"2023-06-19 23:08:00",completado
4395,436,"2022-11-07 02:25:00",reembolsado
4396,236,"2022-11-24 05:06:00",completado
4397,387,"2022-07-03 10:05:00",completado
4398,473,"2022-11-01 18:13:00",completado
4399,1,"2023-07-29 03:18:00",completado
4400,193,"2023-04-16 11:50:00",completado
4401,284,"2023-09-05 19:57:00",completado
4402,64,"2023-09-02 23:11:00",completado
4403,317,"2023-06-06 10:06:00",reembolsado
4404,95,"2022-10-23 04:18:00",completado
4405,86,"2021-05-10 01:00:00",completado
4406,93,"2023-05-30 01:09:00",completado
4407,486,"2022-12-01 16:04:00",completado
4408,30,"2023-12-25 19:59:00",reembolsado
4409,55,"2023-10-20 02:28:00",cancelado
4410,436,"2022-09-09 15:23:00",completado
4411,78,"2023-10-13 20:38:00",completado
4412,64,"2022-09-16 00:44:00",completado
4413,381,"2023-08-29 04:49:00",completado
4414,78,"2023-06-11 17:48:00",completado
4415,349,"2023-03-27 12:26:00",completado
4416,190,"2023-08-05 22:19:00",completado
4417,414,"2021-07-07 14:00:00",reembolsado
4418,163,"2022-06-15 17:34:00",completado
4419,316,"2021-12-01 09:13:00",completado
4420,499,"2022-09-11 07:27:00",completado
4421,234,"2022-11-30 14:48:00",completado
4422,170,"2022-02-07 09:09:00",completado
4423,444,"2022-07-17 13:33:00",completado
4424,161,"2023-10-14 19:46:00",completado
4425,334,"2023-05-13 13:40:00",completado
4426,272,"2022-12-17 19:36:00",completado
4427,421,"2023-05-20 22:39:00",completado
4428,98,"2023-09-11 13:59:00",completado
4429,326,"2023-04-26 21:47:00",completado
4430,25,"2023-04-07 18:21:00",completado
4431,68,"2021-11-05 14:26:00",completado
4432,159,"2023-10-06 04:57:00",completado
4433,103,"2022-08-09 05:02:00",completado
4434,90,"2022-11-18 00:31:00",completado
4435,94,"2023-06-30 07:14:00",completado
4436,347,"2023-11-11 02:58:00",completado
4437,65,"2023-06-28 17:22:00",completado
4438,26,"2023-01-14 19:50:00",completado
4439,81,"2022-10-15 12:18:00",completado
4440,265,"2023-10-04 06:35:00",reembolsado
4441,121,"2022-10-22 11:40:00",completado
4442,340,"2022-11-27 08:58:00",reembolsado
4443,248,"2023-06-21 06:02:00",reembolsado
4444,94,"2021-11-13 16:14:00",completado
4445,241,"2023-05-10 03:32:00",completado
4446,219,"2023-06-23 08:07:00",completado
4447,220,"2023-01-22 09:23:00",completado
4448,99,"2022-11-30 05:58:00",completado
4449,53,"2023-09-07 15:53:00",completado
4450,151,"2023-06-24 02:08:00",completado
4451,279,"2023-05-13 16:22:00",completado
4452,270,"2023-05-21 10:19:00",completado
4453,338,"2023-08-04 06:21:00",completado
4454,70,"2022-02-28 20:29:00",completado
4455,176,"2023-08-17 23:43:00",reembolsado
4456,476,"2023-07-13 08:49:00",completado
4457,294,"2022-12-29 17:18:00",completado
4458,105,"2023-06-30 07:15:00",completado
4459,74,"2022-11-26 10:01:00",completado
4460,378,"2022-06-25 12:35:00",reembolsado
4461,253,"2022-08-26 15:30:00",completado
4462,385,"2021-08-07 05:45:00",completado
4463,270,"2023-05-30 12:39:00",completado
4464,21,"2021-09-14 03:39:00",completado
4465,368,"2023-09-14 20:29:00",completado
4466,90,"2022-04-17 17:50:00",completado
4467,4,"2023-04-25 22:12:00",reembolsado
4468,162,"2022-06-03 19:38:00",completado
4469,160,"2023-08-07 03:49:00",completado
4470,146,"2023-05-28 04:03:00",completado
4471,400,"2022-06-02 21:40:00",completado
4472,170,"2022-05-21 22:29:00",completado
4473,58,"2023-01-27 13:04:00",completado
4474,22,"2023-06-05 19:37:00",completado
4475,269,"2021-03-26 10:08:00",completado
4476,310,"2023-07-02 10:49:00",completado
4477,59,"2022-05-24 19:57:00",completado
4478,240,"2023-01-30 02:30:00",reembolsado
4479,383,"2023-04-12 05:00:00",completado
4480,347,"2023-12-01 10:24:00",completado
4481,161,"2023-04-06 19:34:00",completado
4482,56,"2022-01-16 19:19:00",completado
4483,187,"2023-11-24 14:12:00",completado
4484,428,"2022-09-30 07:47:00",completado
4485,271,"2023-03-25 15:47:00",completado
4486,496,"2021-03-22 02:29:00",reembolsado
4487,133,"2023-08-03 02:46:00",completado
4488,97,"2022-11-09 09:09:00",completado
4489,465,"2022-06-16 19:42:00",completado
4490,328,"2021-09-23 18:19:00",completado
4491,17,"2023-05-06 23:06:00",completado
4492,71,"2023-04-18 22:41:00",completado
4493,461,"2023-05-26 09:13:00",completado
4494,10,"2023-10-19 16:14:00",completado
4495,265,"2023-12-29 08:52:00",completado
4496,166,"2023-01-29 12:09:00",completado
4497,362,"2022-08-25 11:24:00",completado
4498,481,"2022-09-19 12:10:00",completado
4499,45,"2022-11-27 20:27:00",completado
4500,1,"2022-02-18 07:51:00",completado
4501,476,"2023-11-03 12:02:00",completado
4502,326,"2022-10-03 02:58:00",completado
4503,14,"2021-06-07 23:48:00",completado
4504,237,"2023-05-30 20:18:00",completado
4505,229,"2022-07-15 12:09:00",completado
4506,221,"2023-07-05 19:37:00",completado
4507,93,"2023-07-06 07:12:00",completado
4508,285,"2021-05-02 15:55:00",reembolsado
4509,440,"2023-07-01 05:25:00",completado
4510,90,"2021-11-17 19:50:00",completado
4511,365,"2023-08-17 18:05:00",completado
4512,200,"2022-03-20 06:00:00",completado
4513,441,"2022-03-16 15:24:00",completado
4514,182,"2023-04-25 13:12:00",completado
4515,30,"2022-11-01 18:04:00",completado
4516,412,"2023-06-14 19:14:00",completado
4517,393,"2023-12-24 14:05:00",completado
4518,383,"2023-11-21 11:33:00",completado
4519,72,"2022-02-15 00:13:00",cancelado
4520,64,"2022-11-01 06:50:00",completado
4521,237,"2023-12-28 13:49:00",completado
4522,171,"2023-10-09 17:27:00",cancelado
4523,383,"2023-10-08 05:27:00",completado
4524,203,"2023-06-16 23:06:00",completado
4525,486,"2023-06-28 00:17:00",completado
4526,270,"2022-10-14 12:52:00",completado
4527,75,"2023-11-02 04:45:00",completado
4528,71,"2022-05-24 20:29:00",reembolsado
4529,188,"2022-09-30 11:48:00",completado
4530,299,"2023-04-27 11:36:00",completado
4531,311,"2023-10-08 14:20:00",completado
4532,363,"2023-01-27 02:34:00",completado
4533,171,"2023-08-02 17:00:00",completado
4534,264,"2023-11-18 01:32:00",completado
4535,267,"2023-11-07 22:55:00",completado
4536,166,"2023-06-05 11:16:00",completado
4537,291,"2023-10-20 19:56:00",completado
4538,251,"2022-12-14 19:44:00",completado
4539,305,"2023-09-22 18:37:00",completado
4540,320,"2023-03-27 19:06:00",completado
4541,62,"2023-09-03 01:41:00",completado
4542,338,"2023-02-04 04:11:00",completado
4543,58,"2023-09-24 01:38:00",completado
4544,353,"2022-01-31 05:23:00",completado
4545,266,"2023-01-10 05:04:00",reembolsado
4546,33,"2023-09-01 22:12:00",completado
4547,467,"2023-02-23 00:57:00",completado
4548,131,"2023-10-16 17:55:00",completado
4549,60,"2023-06-22 09:29:00",reembolsado
4550,359,"2023-07-24 01:44:00",completado
4551,341,"2022-08-06 04:35:00",completado
4552,150,"2022-07-24 15:21:00",completado
4553,344,"2021-08-20 21:52:00",completado
4554,367,"2023-05-07 19:06:00",completado
4555,225,"2023-04-13 08:11:00",completado
4556,34,"2023-05-17 12:56:00",completado
4557,204,"2023-12-01 14:08:00",completado
4558,229,"2023-06-10 01:17:00",completado
4559,485,"2022-11-22 07:15:00",completado
4560,56,"2021-07-09 18:46:00",completado
4561,165,"2023-10-14 15:04:00",completado
4562,349,"2022-10-25 18:06:00",completado
4563,104,"2023-05-28 23:45:00",reembolsado
4564,190,"2023-04-02 04:56:00",reembolsado
4565,415,"2023-09-18 20:13:00",completado
4566,492,"2021-10-18 08:39:00",reembolsado
4567,276,"2021-06-12 12:28:00",completado
4568,326,"2023-06-04 05:15:00",completado
4569,366,"2022-04-23 23:06:00",completado
4570,151,"2022-12-31 04:08:00",completado
4571,303,"2023-02-26 06:45:00",completado
4572,184,"2022-10-15 10:47:00",completado
4573,267,"2023-12-05 04:59:00",completado
4574,393,"2022-05-30 22:15:00",completado
4575,138,"2022-07-09 08:24:00",cancelado
4576,336,"2022-07-23 08:59:00",completado
4577,357,"2023-06-22 01:08:00",completado
4578,422,"2023-08-24 08:31:00",completado
4579,118,"2023-11-15 20:33:00",completado
4580,14,"2022-10-09 13:10:00",completado
4581,297,"2023-07-29 10:25:00",completado
4582,444,"2022-03-19 23:49:00",completado
4583,389,"2023-11-30 10:20:00",reembolsado
4584,245,"2023-05-25 04:49:00",completado
4585,470,"2023-11-22 22:54:00",completado
4586,64,"2022-01-17 17:53:00",completado
4587,376,"2022-10-21 11:19:00",completado
4588,76,"2023-07-27 00:05:00",completado
4589,7,"2023-07-02 06:23:00",completado
4590,378,"2023-05-23 10:01:00",completado
4591,163,"2022-12-09 18:09:00",reembolsado
4592,268,"2023-08-13 02:54:00",completado
4593,390,"2022-09-15 00:58:00",completado
4594,61,"2021-05-01 20:05:00",completado
4595,184,"2022-11-01 14:34:00",completado
4596,494,"2022-09-22 01:03:00",completado
4597,376,"2022-09-09 03:55:00",reembolsado
4598,421,"2023-02-01 05:25:00",completado
4599,19,"2023-08-12 02:59:00",completado
4600,257,"2021-06-22 14:01:00",reembolsado
4601,329,"2023-08-04 22:33:00",completado
4602,2,"2023-08-15 08:44:00",reembolsado
4603,121,"2023-10-26 16:51:00",completado
4604,381,"2023-03-08 00:16:00",completado
4605,40,"2023-08-09 23:23:00",completado
4606,409,"2022-10-16 15:59:00",completado
4607,416,"2022-05-29 06:18:00",completado
4608,32,"2023-08-21 00:39:00",completado
4609,375,"2023-01-10 05:50:00",reembolsado
4610,427,"2023-04-30 15:22:00",completado
4611,384,"2023-10-10 11:10:00",completado
4612,176,"2023-12-27 20:23:00",completado
4613,344,"2021-06-22 14:39:00",completado
4614,370,"2023-12-25 15:22:00",completado
4615,66,"2023-03-08 12:01:00",completado
4616,413,"2023-10-12 08:26:00",completado
4617,9,"2023-01-17 01:58:00",completado
4618,111,"2023-11-07 03:23:00",completado
4619,428,"2021-02-17 13:38:00",completado
4620,279,"2022-05-17 02:59:00",completado
4621,231,"2022-11-16 11:42:00",completado
4622,343,"2022-08-09 04:07:00",reembolsado
4623,207,"2023-04-02 16:45:00",completado
4624,323,"2023-03-06 03:45:00",completado
4625,113,"2023-08-21 15:08:00",completado
4626,248,"2023-05-31 02:27:00",reembolsado
4627,367,"2023-05-31 08:24:00",completado
4628,13,"2023-08-14 05:45:00",completado
4629,119,"2022-10-13 11:04:00",completado
4630,377,"2023-08-13 10:53:00",completado
4631,220,"2023-10-31 06:37:00",completado
4632,418,"2023-12-05 22:03:00",completado
4633,297,"2023-09-16 15:44:00",completado
4634,445,"2023-02-11 06:32:00",completado
4635,414,"2022-05-27 08:43:00",completado
4636,462,"2022-09-13 10:53:00",completado
4637,295,"2023-05-07 05:27:00",reembolsado
4638,291,"2023-08-11 09:40:00",reembolsado
4639,263,"2021-07-27 22:23:00",completado
4640,218,"2023-05-06 22:25:00",completado
4641,229,"2022-12-07 15:04:00",completado
4642,158,"2023-02-11 13:21:00",cancelado
4643,347,"2023-03-07 22:39:00",completado
4644,227,"2022-08-09 20:59:00",completado
4645,313,"2022-05-06 12:48:00",completado
4646,155,"2023-07-31 23:33:00",completado
4647,191,"2022-08-01 06:01:00",completado
4648,319,"2022-07-13 06:01:00",completado
4649,464,"2023-12-13 01:23:00",completado
4650,388,"2023-11-25 20:47:00",completado
4651,388,"2023-10-30 06:09:00",cancelado
4652,303,"2023-07-22 03:55:00",completado
4653,208,"2023-04-11 22:48:00",completado
4654,82,"2022-09-27 09:48:00",reembolsado
4655,403,"2023-06-09 10:23:00",completado
4656,472,"2023-10-14 21:12:00",completado
4657,471,"2023-06-13 10:10:00",completado
4658,245,"2023-01-14 10:22:00",completado
4659,440,"2022-11-05 10:05:00",completado
4660,468,"2023-09-06 10:34:00",completado
4661,430,"2023-12-20 04:04:00",completado
4662,185,"2022-01-17 23:53:00",completado
4663,328,"2021-11-23 01:42:00",completado
4664,324,"2021-12-19 15:50:00",completado
4665,424,"2023-02-11 00:35:00",completado
4666,411,"2023-11-13 12:11:00",completado
4667,176,"2023-12-04 08:08:00",completado
4668,358,"2021-07-05 22:42:00",completado
4669,160,"2023-06-24 13:20:00",completado
4670,135,"2023-09-16 23:14:00",completado
4671,466,"2023-06-19 09:40:00",completado
4672,109,"2023-11-09 01:25:00",completado
4673,203,"2023-04-21 21:20:00",completado
4674,73,"2023-06-30 08:34:00",reembolsado
4675,395,"2022-12-27 22:59:00",completado
4676,167,"2023-05-09 18:29:00",cancelado
4677,229,"2022-09-11 23:06:00",completado
4678,317,"2023-01-06 04:45:00",completado
4679,2,"2023-03-21 14:02:00",completado
4680,291,"2023-06-14 05:33:00",completado
4681,313,"2023-08-27 08:19:00",completado
4682,78,"2023-10-09 19:28:00",completado
4683,413,"2023-06-11 13:29:00",completado
4684,386,"2023-01-08 16:35:00",completado
4685,497,"2023-04-17 12:28:00",completado
4686,470,"2022-01-11 19:45:00",completado
4687,430,"2023-08-19 06:13:00",completado
4688,417,"2022-10-21 16:47:00",completado
4689,201,"2023-10-24 09:10:00",completado
4690,431,"2023-12-30 09:03:00",completado
4691,30,"2023-05-28 18:29:00",completado
4692,198,"2022-04-22 16:55:00",reembolsado
4693,169,"2022-12-10 03:25:00",completado
4694,197,"2023-04-02 07:39:00",completado
4695,61,"2022-07-20 00:44:00",completado
4696,459,"2023-09-08 06:54:00",reembolsado
4697,181,"2022-11-28 09:36:00",completado
4698,118,"2023-06-05 07:46:00",completado
4699,33,"2023-03-27 19:11:00",completado
4700,298,"2023-12-11 00:11:00",completado
4701,349,"2022-11-28 22:49:00",completado
4702,159,"2023-07-23 12:39:00",completado
4703,208,"2022-11-09 21:10:00",completado
4704,124,"2023-09-21 12:07:00",cancelado
4705,416,"2021-07-26 13:47:00",reembolsado
4706,465,"2022-07-19 01:50:00",completado
4707,464,"2023-09-04 03:17:00",completado
4708,187,"2023-11-10 12:44:00",completado
4709,183,"2023-02-16 21:46:00",completado
4710,312,"2022-07-13 10:58:00",completado
4711,190,"2022-05-24 06:30:00",completado
4712,343,"2023-12-03 17:49:00",reembolsado
4713,359,"2021-08-20 12:17:00",completado
4714,175,"2023-10-20 08:46:00",completado
4715,431,"2023-07-08 20:11:00",completado
4716,391,"2023-09-22 13:28:00",completado
4717,205,"2023-12-13 12:45:00",completado
4718,278,"2023-11-10 01:26:00",cancelado
4719,168,"2023-09-05 10:32:00",completado
4720,449,"2022-08-11 02:59:00",completado
4721,173,"2023-11-28 15:22:00",completado
4722,409,"2022-04-22 11:50:00",completado
4723,345,"2022-11-17 00:18:00",completado
4724,484,"2023-06-06 15:08:00",completado
4725,259,"2023-08-08 16:48:00",cancelado
4726,175,"2023-08-01 14:59:00",completado
4727,205,"2023-09-26 10:54:00",completado
4728,145,"2023-10-30 14:16:00",completado
4729,318,"2023-10-03 02:08:00",completado
4730,118,"2022-07-22 07:30:00",completado
4731,340,"2023-08-19 18:30:00",completado
4732,67,"2023-01-29 14:11:00",completado
4733,338,"2023-12-27 22:41:00",completado
4734,387,"2023-06-21 12:21:00",completado
4735,450,"2023-09-25 11:51:00",completado
4736,344,"2023-09-06 09:18:00",completado
4737,63,"2023-09-30 14:18:00",completado
4738,359,"2022-07-05 03:17:00",completado
4739,61,"2023-11-29 11:29:00",completado
4740,453,"2023-07-20 11:53:00",completado
4741,202,"2023-02-08 05:03:00",completado
4742,257,"2023-05-30 08:21:00",completado
4743,427,"2022-03-07 14:57:00",completado
4744,366,"2023-05-11 08:36:00",cancelado
4745,480,"2022-09-06 17:35:00",completado
4746,135,"2023-09-14 22:01:00",completado
4747,440,"2023-08-03 14:04:00",completado
4748,68,"2022-08-01 23:26:00",completado
4749,332,"2021-03-11 01:11:00",completado
4750,333,"2023-05-07 10:46:00",completado
4751,328,"2023-06-03 22:22:00",completado
4752,254,"2022-05-27 19:54:00",cancelado
4753,144,"2023-08-30 09:24:00",reembolsado
4754,396,"2023-09-02 03:41:00",completado
4755,169,"2023-04-27 03:54:00",completado
4756,115,"2022-08-03 03:40:00",completado
4757,247,"2022-12-14 20:26:00",completado
4758,176,"2023-07-20 09:03:00",completado
4759,49,"2022-06-11 02:45:00",reembolsado
4760,122,"2022-01-18 19:04:00",completado
4761,262,"2023-11-02 01:36:00",completado
4762,117,"2022-08-25 13:26:00",completado
4763,492,"2022-03-02 03:07:00",completado
4764,282,"2022-08-27 03:40:00",completado
4765,414,"2023-05-14 06:06:00",completado
4766,326,"2023-02-10 05:55:00",completado
4767,286,"2023-10-14 07:08:00",completado
4768,220,"2023-11-25 10:22:00",completado
4769,1,"2022-10-12 14:26:00",completado
4770,328,"2023-02-06 08:44:00",completado
4771,314,"2023-10-23 17:56:00",completado
4772,4,"2023-06-10 16:28:00",completado
4773,279,"2023-09-27 15:40:00",reembolsado
4774,284,"2023-07-31 08:56:00",completado
4775,132,"2022-02-07 12:25:00",completado
4776,468,"2023-05-03 13:52:00",completado
4777,111,"2023-06-30 05:39:00",reembolsado
4778,106,"2023-10-29 19:21:00",completado
4779,207,"2022-09-14 04:08:00",completado
4780,474,"2023-08-13 08:12:00",cancelado
4781,28,"2023-10-29 05:31:00",completado
4782,422,"2022-12-16 05:06:00",completado
4783,127,"2021-11-16 00:38:00",completado
4784,279,"2022-04-05 18:40:00",completado
4785,497,"2022-07-05 20:05:00",completado
4786,474,"2023-07-18 04:32:00",reembolsado
4787,500,"2022-11-09 00:19:00",completado
4788,16,"2023-10-01 15:03:00",completado
4789,239,"2023-10-03 02:26:00",completado
4790,143,"2022-11-10 06:38:00",completado
4791,305,"2023-04-28 16:29:00",completado
4792,151,"2023-03-30 15:09:00",completado
4793,13,"2023-10-11 08:42:00",completado
4794,408,"2022-01-30 18:40:00",completado
4795,101,"2022-04-27 10:09:00",completado
4796,481,"2023-06-12 23:39:00",completado
4797,254,"2023-04-14 09:13:00",completado
4798,481,"2022-08-10 07:12:00",completado
4799,17,"2022-07-12 14:38:00",completado
4800,348,"2022-06-19 06:01:00",completado
4801,212,"2023-08-27 12:00:00",completado
4802,202,"2023-04-08 12:19:00",completado
4803,37,"2022-09-15 11:49:00",completado
4804,274,"2023-06-07 22:29:00",reembolsado
4805,285,"2021-08-06 02:58:00",completado
4806,49,"2021-11-26 21:16:00",reembolsado
4807,47,"2023-08-18 00:26:00",completado
4808,70,"2021-08-19 18:45:00",completado
4809,451,"2022-10-02 20:42:00",completado
4810,359,"2021-06-12 04:44:00",completado
4811,461,"2023-10-29 03:20:00",completado
4812,67,"2023-04-17 01:13:00",completado
4813,220,"2022-05-16 17:03:00",completado
4814,135,"2023-09-14 22:59:00",completado
4815,72,"2022-10-27 07:00:00",cancelado
4816,123,"2022-12-06 03:10:00",completado
4817,133,"2023-03-13 02:59:00",completado
4818,245,"2021-10-20 16:23:00",completado
4819,138,"2022-03-18 18:48:00",completado
4820,114,"2022-10-20 12:18:00",completado
4821,412,"2023-10-25 06:09:00",completado
4822,443,"2023-04-06 13:32:00",completado
4823,455,"2023-12-18 04:58:00",completado
4824,198,"2022-05-18 20:43:00",completado
4825,71,"2022-08-27 10:08:00",completado
4826,317,"2023-08-25 01:58:00",completado
4827,98,"2023-12-04 23:08:00",completado
4828,7,"2023-01-20 18:45:00",completado
4829,330,"2021-07-27 03:43:00",completado
4830,359,"2023-10-31 13:54:00",completado
4831,264,"2022-08-02 02:11:00",completado
4832,59,"2022-09-24 19:27:00",completado
4833,28,"2022-10-18 15:48:00",cancelado
4834,111,"2023-08-22 09:48:00",completado
4835,439,"2023-12-29 08:47:00",completado
4836,132,"2023-02-19 01:40:00",completado
4837,461,"2023-09-20 10:17:00",completado
4838,171,"2023-10-18 21:05:00",completado
4839,171,"2023-09-18 10:06:00",completado
4840,488,"2022-03-23 15:51:00",completado
4841,299,"2023-12-21 01:23:00",completado
4842,425,"2022-04-30 07:28:00",completado
4843,156,"2022-02-03 19:04:00",completado
4844,2,"2023-05-07 03:29:00",completado
4845,345,"2022-11-15 00:16:00",completado
4846,150,"2023-07-02 21:16:00",completado
4847,166,"2022-09-13 12:40:00",completado
4848,397,"2022-03-17 14:47:00",completado
4849,412,"2023-09-10 10:28:00",cancelado
4850,177,"2023-08-07 21:01:00",completado
4851,373,"2023-08-30 07:00:00",completado
4852,458,"2023-12-02 21:38:00",completado
4853,94,"2023-02-05 10:20:00",completado
4854,2,"2023-02-28 08:57:00",completado
4855,281,"2023-05-30 07:35:00",completado
4856,373,"2023-10-08 02:27:00",cancelado
4857,359,"2022-10-21 16:40:00",completado
4858,17,"2022-09-19 03:03:00",completado
4859,89,"2022-10-10 06:14:00",completado
4860,345,"2022-02-10 17:36:00",completado
4861,324,"2023-03-02 05:19:00",completado
4862,109,"2021-09-07 09:57:00",completado
4863,228,"2022-11-21 01:04:00",completado
4864,32,"2022-12-12 13:09:00",completado
4865,263,"2022-09-26 02:51:00",cancelado
4866,103,"2023-09-17 17:05:00",completado
4867,381,"2023-03-11 01:26:00",cancelado
4868,60,"2023-09-25 11:46:00",completado
4869,119,"2023-04-01 13:49:00",completado
4870,421,"2022-07-21 21:36:00",reembolsado
4871,14,"2022-11-29 19:22:00",completado
4872,490,"2023-11-25 08:13:00",cancelado
4873,434,"2023-01-02 18:59:00",completado
4874,181,"2023-01-12 21:52:00",completado
4875,155,"2022-04-02 12:16:00",completado
4876,159,"2023-09-09 13:21:00",cancelado
4877,187,"2022-10-07 11:30:00",cancelado
4878,52,"2023-12-29 16:22:00",completado
4879,346,"2022-07-02 01:08:00",completado
4880,363,"2022-12-14 21:34:00",completado
4881,342,"2023-08-19 20:53:00",completado
4882,88,"2023-01-04 23:25:00",completado
4883,257,"2023-05-04 04:43:00",completado
4884,223,"2023-04-26 02:27:00",completado
4885,264,"2022-07-09 22:17:00",completado
4886,487,"2021-08-28 11:05:00",cancelado
4887,242,"2023-12-02 08:51:00",completado
4888,169,"2022-12-04 02:13:00",completado
4889,386,"2022-06-07 11:14:00",completado
4890,96,"2023-10-23 16:56:00",completado
4891,331,"2023-11-17 23:28:00",completado
4892,35,"2023-12-16 15:22:00",completado
4893,337,"2022-01-16 03:33:00",completado
4894,195,"2023-02-01 18:37:00",completado
4895,78,"2023-06-05 16:33:00",completado
4896,197,"2023-04-03 07:42:00",completado
4897,114,"2023-04-01 13:53:00",completado
4898,91,"2023-08-15 13:17:00",completado
4899,266,"2023-12-10 05:13:00",completado
4900,22,"2021-06-12 01:09:00",completado
4901,460,"2023-06-02 21:06:00",completado
4902,21,"2023-01-04 20:27:00",completado
4903,155,"2023-03-25 01:31:00",completado
4904,366,"2022-10-25 02:11:00",completado
4905,397,"2023-09-25 04:08:00",completado
4906,65,"2023-11-25 01:35:00",completado
4907,333,"2022-10-26 08:39:00",completado
4908,316,"2022-05-08 04:35:00",completado
4909,392,"2023-10-10 09:47:00",completado
4910,434,"2023-08-18 01:04:00",completado
4911,348,"2023-05-28 21:06:00",completado
4912,281,"2023-11-07 01:05:00",reembolsado
4913,174,"2022-08-28 14:22:00",completado
4914,222,"2021-08-13 19:00:00",completado
4915,247,"2023-03-12 16:10:00",completado
4916,53,"2023-03-31 05:33:00",completado
4917,383,"2023-11-06 09:11:00",reembolsado
4918,366,"2023-08-26 00:33:00",completado
4919,149,"2023-07-12 14:32:00",completado
4920,310,"2023-03-14 19:38:00",completado
4921,319,"2021-11-09 23:22:00",completado
4922,271,"2022-10-12 00:38:00",completado
4923,205,"2023-03-02 11:56:00",completado
4924,408,"2022-09-05 06:15:00",completado
4925,219,"2023-08-08 21:36:00",completado
4926,359,"2023-09-23 08:04:00",completado
4927,279,"2022-06-20 08:04:00",completado
4928,248,"2022-12-24 02:54:00",completado
4929,89,"2022-03-04 16:19:00",completado
4930,420,"2023-01-04 21:06:00",completado
4931,412,"2023-07-01 02:38:00",completado
4932,198,"2022-12-16 06:54:00",completado
4933,341,"2022-11-12 17:55:00",completado
4934,492,"2023-11-11 18:58:00",completado
4935,432,"2023-11-02 02:38:00",completado
4936,25,"2023-04-11 20:39:00",completado
4937,290,"2023-11-30 21:47:00",completado
4938,323,"2023-06-28 00:59:00",completado
4939,129,"2023-11-05 09:27:00",completado
4940,471,"2022-12-07 18:57:00",completado
4941,366,"2023-11-08 11:35:00",completado
4942,264,"2023-05-23 13:57:00",completado
4943,386,"2022-10-10 04:20:00",completado
4944,445,"2022-03-13 02:03:00",cancelado
4945,223,"2022-08-19 12:34:00",completado
4946,157,"2022-01-05 19:41:00",completado
4947,448,"2023-05-29 00:24:00",cancelado
4948,27,"2023-12-29 19:05:00",cancelado
4949,309,"2022-07-22 20:18:00",completado
4950,137,"2023-03-27 03:12:00",completado
4951,418,"2023-11-13 11:58:00",completado
4952,302,"2023-06-24 15:23:00",completado
4953,44,"2023-08-21 22:05:00",completado
4954,36,"2023-10-27 03:04:00",completado
4955,443,"2022-09-11 10:08:00",completado
4956,201,"2023-05-20 10:57:00",completado
4957,168,"2022-04-07 00:51:00",completado
4958,461,"2023-07-31 13:23:00",completado
4959,38,"2022-04-22 16:49:00",completado
4960,290,"2023-01-15 06:49:00",completado
4961,363,"2022-04-29 17:26:00",reembolsado
4962,113,"2023-02-15 04:30:00",completado
4963,47,"2022-11-30 14:18:00",completado
4964,295,"2023-07-15 09:35:00",completado
4965,466,"2023-07-25 22:57:00",completado
4966,325,"2022-01-02 19:34:00",completado
4967,404,"2023-08-23 04:22:00",completado
4968,301,"2023-04-20 14:54:00",completado
4969,22,"2023-06-06 19:37:00",completado
4970,341,"2023-10-15 13:57:00",completado
4971,481,"2023-07-23 05:40:00",completado
4972,320,"2023-03-16 16:33:00",completado
4973,110,"2022-12-23 22:03:00",completado
4974,498,"2023-06-09 17:12:00",completado
4975,126,"2022-08-31 01:12:00",completado
4976,232,"2023-09-16 16:05:00",completado
4977,201,"2023-06-23 15:53:00",completado
4978,173,"2022-11-28 23:15:00",reembolsado
4979,482,"2023-03-11 23:15:00",completado
4980,32,"2023-09-18 04:22:00",completado
4981,481,"2023-12-21 01:20:00",completado
4982,452,"2023-08-11 20:13:00",completado
4983,496,"2022-07-06 09:31:00",completado
4984,268,"2023-07-23 18:21:00",completado
4985,157,"2022-10-20 12:06:00",completado
4986,404,"2023-12-10 04:14:00",completado
4987,28,"2023-09-16 20:46:00",completado
4988,110,"2023-02-24 07:50:00",completado
4989,483,"2022-05-23 11:38:00",completado
4990,331,"2023-12-09 11:47:00",completado
4991,170,"2022-09-19 13:16:00",completado
4992,491,"2023-08-08 05:47:00",completado
4993,333,"2023-12-30 23:59:00",completado
4994,2,"2023-10-04 22:23:00",completado
4995,196,"2022-12-23 01:25:00",completado
4996,266,"2022-07-24 17:22:00",completado
4997,358,"2022-07-21 00:44:00",completado
4998,2,"2023-05-26 09:31:00",completado
4999,327,"2023-07-23 02:00:00",completado
5000,179,"2022-02-08 21:49:00",completado
5001,256,"2023-08-08 23:49:00",completado
5002,286,"2023-11-13 16:48:00",completado
5003,411,"2023-11-28 19:33:00",completado
5004,453,"2021-12-26 16:31:00",completado
5005,68,"2023-02-20 00:58:00",completado
5006,422,"2022-06-28 18:41:00",completado
5007,117,"2021-09-06 14:46:00",completado
5008,134,"2023-09-15 02:50:00",completado
5009,414,"2021-09-30 01:02:00",completado
5010,387,"2021-11-13 01:00:00",completado
5011,282,"2023-07-13 05:42:00",completado
5012,295,"2023-11-01 05:43:00",completado
5013,437,"2023-05-27 03:01:00",completado
5014,208,"2022-09-17 12:34:00",completado
5015,82,"2023-03-06 11:34:00",completado
5016,51,"2023-08-23 12:23:00",completado
5017,121,"2023-08-15 01:05:00",completado
5018,206,"2022-06-11 19:04:00",completado
5019,305,"2023-05-07 19:02:00",reembolsado
5020,497,"2023-04-23 13:36:00",completado
5021,447,"2023-07-25 13:12:00",completado
5022,62,"2021-10-14 19:20:00",completado
5023,78,"2023-09-08 12:15:00",completado
5024,265,"2023-07-28 14:15:00",completado
5025,458,"2023-09-07 17:37:00",completado
5026,333,"2023-05-28 16:46:00",completado
5027,34,"2023-09-26 20:46:00",completado
5028,7,"2022-10-13 20:43:00",completado
5029,217,"2023-08-18 15:54:00",completado
5030,413,"2023-05-07 00:12:00",completado
5031,375,"2023-06-23 07:04:00",completado
5032,454,"2023-05-25 11:15:00",completado
5033,300,"2023-05-13 14:44:00",completado
5034,393,"2022-04-13 16:17:00",completado
5035,148,"2022-05-23 03:40:00",completado
5036,36,"2023-12-03 12:43:00",completado
5037,300,"2023-12-07 17:56:00",completado
5038,440,"2022-11-09 11:19:00",completado
5039,400,"2023-04-10 21:29:00",completado
5040,120,"2023-03-18 23:51:00",completado
5041,359,"2022-08-23 09:22:00",completado
5042,236,"2023-04-29 12:51:00",reembolsado
5043,468,"2023-12-13 01:27:00",reembolsado
5044,409,"2022-07-07 23:04:00",completado
5045,491,"2023-06-05 22:13:00",completado
5046,454,"2023-06-01 14:53:00",completado
5047,198,"2022-07-13 05:20:00",completado
5048,55,"2023-06-03 01:59:00",completado
5049,458,"2023-07-23 03:55:00",completado
5050,151,"2021-05-26 03:44:00",reembolsado
5051,396,"2023-09-23 10:49:00",completado
5052,24,"2023-07-20 15:28:00",reembolsado
5053,302,"2023-07-07 21:28:00",completado
5054,64,"2023-03-07 23:52:00",completado
5055,211,"2023-07-11 23:35:00",cancelado
5056,325,"2022-06-05 16:31:00",reembolsado
5057,272,"2023-06-21 01:07:00",completado
5058,163,"2022-01-17 20:43:00",completado
5059,241,"2022-03-10 13:09:00",completado
5060,180,"2022-11-02 04:08:00",completado
5061,67,"2022-11-15 03:13:00",completado
5062,479,"2023-11-24 22:51:00",completado
5063,273,"2023-08-22 17:40:00",completado
5064,285,"2023-04-17 01:01:00",completado
5065,334,"2023-05-18 14:47:00",completado
5066,66,"2023-02-08 03:23:00",completado
5067,160,"2023-12-10 18:01:00",completado
5068,200,"2022-08-12 06:28:00",completado
5069,347,"2023-08-10 12:05:00",completado
5070,128,"2023-10-30 10:43:00",completado
5071,308,"2022-02-22 00:03:00",completado
5072,113,"2023-06-11 17:07:00",reembolsado
5073,308,"2023-09-06 15:26:00",completado
5074,326,"2023-09-21 04:23:00",completado
5075,318,"2023-08-02 10:07:00",completado
5076,30,"2021-06-10 07:12:00",completado
5077,141,"2022-12-12 02:42:00",completado
5078,402,"2023-03-23 20:59:00",completado
5079,363,"2023-05-31 17:21:00",completado
5080,358,"2022-08-22 04:29:00",completado
5081,303,"2023-02-02 23:22:00",completado
5082,7,"2022-09-01 11:02:00",completado
5083,288,"2023-04-25 14:51:00",completado
5084,234,"2023-01-17 23:24:00",completado
5085,126,"2022-04-15 03:12:00",completado
5086,384,"2023-10-20 15:50:00",reembolsado
5087,59,"2023-12-02 09:11:00",completado
5088,239,"2023-09-16 20:12:00",completado
5089,125,"2023-07-07 15:44:00",completado
5090,188,"2023-11-14 15:17:00",completado
5091,114,"2023-10-16 19:27:00",completado
5092,387,"2022-03-04 17:55:00",completado
5093,97,"2022-07-20 20:47:00",completado
5094,470,"2021-10-30 09:48:00",reembolsado
5095,393,"2021-12-02 02:35:00",completado
5096,110,"2022-09-10 05:04:00",reembolsado
5097,25,"2023-10-23 19:40:00",completado
5098,198,"2023-09-19 03:03:00",completado
5099,64,"2022-04-06 03:48:00",completado
5100,365,"2023-07-14 06:51:00",completado
5101,252,"2023-09-28 01:05:00",completado
5102,357,"2023-07-14 14:33:00",completado
5103,286,"2022-12-30 15:01:00",completado
5104,17,"2022-07-14 15:42:00",completado
5105,104,"2023-03-26 13:58:00",completado
5106,180,"2022-08-01 08:33:00",completado
5107,120,"2022-11-20 14:52:00",completado
5108,93,"2022-06-28 22:42:00",completado
5109,212,"2023-07-16 19:46:00",completado
5110,229,"2023-12-30 14:07:00",completado
5111,463,"2023-12-21 04:52:00",completado
5112,253,"2023-03-16 05:26:00",completado
5113,497,"2023-12-07 21:29:00",completado
5114,299,"2023-03-20 21:08:00",cancelado
5115,81,"2022-12-31 00:38:00",completado
5116,391,"2023-02-15 04:57:00",completado
5117,20,"2023-10-03 07:32:00",reembolsado
5118,198,"2022-06-16 01:33:00",completado
5119,51,"2022-07-21 23:42:00",completado
5120,329,"2023-07-19 14:02:00",completado
5121,426,"2022-10-12 18:25:00",completado
5122,286,"2023-11-02 13:10:00",completado
5123,304,"2023-04-29 07:45:00",completado
5124,239,"2023-03-23 22:24:00",completado
5125,323,"2023-10-22 22:18:00",completado
5126,81,"2023-09-23 20:37:00",reembolsado
5127,30,"2022-11-29 21:40:00",completado
5128,491,"2023-11-23 07:02:00",completado
5129,455,"2023-09-15 12:00:00",completado
5130,120,"2023-04-17 07:21:00",completado
5131,449,"2023-04-07 02:45:00",completado
5132,102,"2023-06-10 11:03:00",completado
5133,34,"2023-03-19 22:20:00",completado
5134,254,"2023-06-19 22:33:00",completado
5135,221,"2023-04-24 11:06:00",completado
5136,254,"2023-10-17 21:46:00",completado
5137,225,"2022-08-28 08:24:00",completado
5138,103,"2022-04-26 13:11:00",completado
5139,176,"2023-12-01 07:56:00",reembolsado
5140,238,"2023-05-28 09:18:00",completado
5141,298,"2022-10-20 14:52:00",completado
5142,448,"2023-11-06 17:00:00",completado
5143,186,"2023-09-28 19:40:00",completado
5144,172,"2022-03-27 03:05:00",completado
5145,167,"2023-05-23 01:37:00",completado
5146,482,"2022-03-26 11:07:00",completado
5147,331,"2023-08-11 15:10:00",completado
5148,103,"2022-12-29 02:55:00",completado
5149,110,"2022-03-14 01:53:00",completado
5150,213,"2022-06-09 23:35:00",completado
5151,304,"2023-07-04 19:57:00",completado
5152,404,"2023-12-21 09:09:00",completado
5153,453,"2021-03-30 07:37:00",completado
5154,268,"2023-09-21 17:40:00",completado
5155,238,"2023-08-03 01:16:00",reembolsado
5156,127,"2021-10-10 19:45:00",completado
5157,110,"2023-12-03 03:55:00",completado
5158,368,"2023-07-23 21:17:00",completado
5159,321,"2022-07-17 04:15:00",reembolsado
5160,138,"2023-07-07 06:48:00",completado
5161,279,"2023-07-21 03:31:00",completado
5162,1,"2023-02-23 07:37:00",completado
5163,358,"2022-01-26 01:33:00",completado
5164,261,"2023-06-20 03:16:00",reembolsado
5165,364,"2023-07-16 01:54:00",completado
5166,304,"2022-12-10 06:06:00",completado
5167,396,"2023-10-10 15:44:00",completado
5168,461,"2023-08-19 21:50:00",completado
5169,170,"2023-05-25 20:54:00",cancelado
5170,321,"2023-01-31 15:38:00",completado
5171,175,"2023-11-13 21:10:00",completado
5172,19,"2021-10-14 09:43:00",completado
5173,123,"2022-10-15 14:44:00",completado
5174,55,"2023-06-03 00:57:00",completado
5175,444,"2021-10-08 02:06:00",completado
5176,37,"2023-07-14 22:17:00",completado
5177,96,"2023-09-30 11:52:00",completado
5178,68,"2022-07-31 23:25:00",completado
5179,10,"2023-04-07 08:29:00",completado
5180,497,"2023-09-15 09:21:00",reembolsado
5181,473,"2022-12-15 00:18:00",completado
5182,97,"2023-10-06 00:15:00",completado
5183,355,"2023-09-07 12:01:00",completado
5184,15,"2023-10-05 16:44:00",completado
5185,223,"2022-04-05 16:49:00",completado
5186,142,"2021-10-16 23:29:00",completado
5187,77,"2022-12-02 02:32:00",completado
5188,61,"2021-04-26 19:59:00",completado
5189,476,"2022-12-19 04:16:00",completado
5190,415,"2023-11-15 18:18:00",reembolsado
5191,269,"2021-07-29 01:51:00",reembolsado
5192,6,"2023-04-19 07:40:00",completado
5193,146,"2022-08-25 16:09:00",completado
5194,429,"2023-01-10 11:14:00",completado
5195,278,"2022-12-19 06:37:00",completado
5196,144,"2023-12-18 01:20:00",completado
5197,499,"2023-12-08 18:02:00",completado
5198,449,"2023-10-26 18:09:00",completado
5199,96,"2022-12-12 08:18:00",completado
5200,314,"2022-05-18 21:22:00",completado
5201,385,"2021-08-31 08:18:00",completado
5202,223,"2023-10-05 03:57:00",completado
5203,16,"2023-01-26 06:07:00",completado
5204,299,"2023-10-27 05:46:00",completado
5205,452,"2023-01-08 16:41:00",completado
5206,308,"2022-11-17 06:28:00",completado
5207,21,"2022-03-01 02:49:00",completado
5208,222,"2023-03-15 01:14:00",cancelado
5209,27,"2023-10-28 15:54:00",completado
5210,496,"2021-08-07 18:24:00",completado
5211,88,"2022-03-04 20:07:00",cancelado
5212,99,"2023-06-21 20:11:00",completado
5213,444,"2022-10-18 01:41:00",completado
5214,221,"2021-05-15 02:13:00",completado
5215,145,"2023-07-23 17:25:00",cancelado
5216,450,"2023-03-12 18:18:00",completado
5217,315,"2022-11-28 14:07:00",completado
5218,28,"2022-09-01 05:51:00",completado
5219,266,"2023-06-19 16:24:00",cancelado
5220,339,"2023-08-13 06:41:00",completado
5221,407,"2022-02-15 05:47:00",completado
5222,214,"2023-05-04 01:16:00",completado
5223,151,"2022-07-09 06:07:00",completado
5224,33,"2022-05-15 12:10:00",completado
5225,91,"2023-05-21 23:46:00",completado
5226,466,"2023-04-19 12:49:00",completado
5227,207,"2023-09-09 21:03:00",completado
5228,406,"2023-03-16 22:44:00",reembolsado
5229,338,"2023-02-18 08:52:00",completado
5230,18,"2023-04-27 09:57:00",completado
5231,310,"2023-08-25 05:21:00",completado
5232,212,"2023-05-31 23:13:00",completado
5233,376,"2023-04-28 21:35:00",completado
5234,82,"2022-01-15 15:09:00",completado
5235,4,"2023-08-06 14:31:00",completado
5236,382,"2023-04-28 17:05:00",completado
5237,76,"2022-10-10 06:50:00",completado
5238,205,"2023-04-11 00:25:00",cancelado
5239,191,"2023-04-10 11:53:00",completado
5240,351,"2023-06-09 21:05:00",completado
5241,198,"2023-07-12 16:02:00",completado
5242,190,"2022-09-15 23:34:00",completado
5243,372,"2023-08-13 10:57:00",completado
5244,409,"2023-11-17 06:28:00",completado
5245,309,"2022-06-22 16:27:00",completado
5246,354,"2023-02-07 23:48:00",completado
5247,27,"2023-07-22 18:41:00",completado
5248,371,"2023-08-13 03:23:00",completado
5249,381,"2023-03-30 06:28:00",completado
5250,290,"2023-07-15 08:52:00",completado
5251,391,"2023-05-03 00:40:00",completado
5252,248,"2023-04-19 20:13:00",completado
5253,84,"2023-06-21 18:26:00",completado
5254,426,"2023-09-27 20:43:00",completado
5255,295,"2023-11-20 13:07:00",cancelado
5256,215,"2022-01-02 01:34:00",completado
5257,161,"2023-11-01 02:02:00",completado
5258,336,"2023-03-13 23:01:00",completado
5259,362,"2022-11-02 22:28:00",completado
5260,224,"2021-11-04 20:28:00",completado
5261,325,"2022-06-12 17:42:00",completado
5262,179,"2022-05-24 11:32:00",completado
5263,347,"2023-05-06 22:04:00",completado
5264,139,"2023-11-11 20:28:00",completado
5265,248,"2022-11-01 17:22:00",completado
5266,125,"2023-10-31 08:18:00",completado
5267,468,"2022-07-13 14:11:00",reembolsado
5268,387,"2023-07-28 18:19:00",completado
5269,336,"2023-06-02 12:31:00",completado
5270,93,"2022-11-21 20:49:00",completado
5271,390,"2023-08-31 11:04:00",completado
5272,76,"2022-10-02 04:30:00",cancelado
5273,306,"2022-08-30 20:37:00",completado
5274,470,"2023-03-23 11:22:00",completado
5275,443,"2023-09-14 05:50:00",reembolsado
5276,440,"2023-05-24 18:27:00",completado
5277,479,"2022-06-13 07:13:00",completado
5278,178,"2021-10-19 05:58:00",completado
5279,406,"2022-06-18 10:04:00",completado
5280,46,"2023-03-01 18:32:00",completado
5281,428,"2022-05-21 16:04:00",completado
5282,244,"2023-06-24 21:08:00",completado
5283,147,"2022-11-18 03:01:00",completado
5284,376,"2022-06-08 11:53:00",cancelado
5285,283,"2023-04-14 19:58:00",completado
5286,275,"2022-10-25 03:35:00",completado
5287,104,"2023-11-16 02:37:00",completado
5288,36,"2023-02-05 12:29:00",completado
5289,156,"2023-11-07 19:15:00",completado
5290,127,"2021-08-15 12:25:00",completado
5291,340,"2023-02-04 23:42:00",completado
5292,467,"2023-01-04 12:44:00",completado
5293,158,"2023-03-29 22:56:00",completado
5294,436,"2023-11-07 23:05:00",completado
5295,180,"2022-08-05 09:42:00",completado
5296,116,"2023-09-22 01:05:00",reembolsado
5297,301,"2023-07-18 03:22:00",reembolsado
5298,197,"2023-05-25 23:38:00",completado
5299,2,"2023-09-28 21:03:00",completado
5300,302,"2023-08-17 16:53:00",completado
5301,366,"2022-03-09 16:51:00",completado
5302,210,"2023-08-07 01:14:00",completado
5303,159,"2023-10-24 13:40:00",completado
5304,133,"2023-04-07 11:33:00",completado
5305,387,"2022-08-05 15:58:00",completado
5306,374,"2023-12-16 13:55:00",completado
5307,248,"2023-11-25 06:32:00",completado
5308,195,"2023-04-27 13:07:00",completado
5309,442,"2023-07-07 07:08:00",completado
5310,466,"2023-10-13 01:01:00",completado
5311,199,"2022-08-27 10:49:00",completado
5312,482,"2022-11-17 04:36:00",completado
5313,254,"2022-09-11 16:40:00",completado
5314,64,"2022-12-14 12:53:00",completado
5315,462,"2021-10-30 13:37:00",completado
5316,156,"2021-12-08 13:53:00",completado
5317,107,"2022-12-22 02:54:00",completado
5318,66,"2023-10-29 18:16:00",completado
5319,193,"2023-07-14 07:24:00",completado
5320,152,"2023-01-13 09:47:00",completado
5321,35,"2023-04-25 11:47:00",completado
5322,210,"2023-05-06 22:27:00",completado
5323,165,"2023-11-10 02:08:00",completado
5324,355,"2023-09-26 21:43:00",completado
5325,459,"2023-02-21 12:16:00",reembolsado
5326,38,"2022-06-30 03:50:00",completado
5327,478,"2021-11-29 18:27:00",cancelado
5328,156,"2021-09-05 02:58:00",completado
5329,324,"2023-05-18 17:22:00",completado
5330,441,"2022-12-20 05:22:00",completado
5331,41,"2022-08-09 02:11:00",completado
5332,79,"2023-12-22 11:25:00",completado
5333,324,"2023-01-23 00:20:00",completado
5334,406,"2023-08-28 20:47:00",completado
5335,400,"2022-05-20 19:18:00",completado
5336,160,"2023-11-04 07:00:00",completado
5337,273,"2023-01-23 02:09:00",completado
5338,329,"2023-12-28 23:53:00",completado
5339,252,"2023-05-06 18:10:00",completado
5340,324,"2023-02-23 05:09:00",completado
5341,135,"2023-07-06 11:34:00",completado
5342,415,"2023-02-25 12:37:00",completado
5343,181,"2023-12-16 18:52:00",completado
5344,440,"2023-06-23 03:58:00",completado
5345,442,"2022-05-02 17:48:00",completado
5346,22,"2021-12-06 23:11:00",completado
5347,328,"2022-06-25 04:36:00",completado
5348,361,"2022-07-24 22:23:00",completado
5349,101,"2022-07-25 03:20:00",reembolsado
5350,350,"2023-06-29 12:56:00",completado
5351,73,"2023-06-02 04:46:00",completado
5352,199,"2023-05-31 21:40:00",completado
5353,50,"2021-04-29 03:32:00",completado
5354,235,"2023-09-30 18:59:00",completado
5355,306,"2023-07-10 08:12:00",completado
5356,239,"2023-12-21 10:11:00",completado
5357,311,"2023-11-12 19:20:00",completado
5358,414,"2023-10-13 02:42:00",completado
5359,112,"2023-09-16 17:59:00",completado
5360,73,"2022-07-30 04:58:00",completado
5361,259,"2022-07-10 12:24:00",reembolsado
5362,303,"2023-10-14 04:36:00",completado
5363,428,"2023-11-05 04:02:00",completado
5364,381,"2022-12-31 04:34:00",completado
5365,488,"2023-08-18 03:18:00",completado
5366,31,"2022-07-06 02:19:00",completado
5367,364,"2023-05-18 01:36:00",completado
5368,381,"2023-09-30 13:34:00",completado
5369,310,"2023-06-21 06:07:00",completado
5370,329,"2023-05-20 08:32:00",completado
5371,48,"2022-06-04 02:00:00",completado
5372,247,"2023-05-20 08:05:00",completado
5373,338,"2023-03-14 14:05:00",completado
5374,273,"2023-03-25 20:28:00",completado
5375,245,"2023-01-27 11:40:00",completado
5376,488,"2022-02-17 09:51:00",completado
5377,115,"2022-08-25 06:15:00",completado
5378,24,"2023-03-13 20:41:00",completado
5379,426,"2022-02-11 07:59:00",completado
5380,142,"2021-09-20 20:52:00",completado
5381,215,"2023-08-20 01:39:00",completado
5382,130,"2022-09-23 18:27:00",cancelado
5383,444,"2022-11-13 04:15:00",completado
5384,348,"2022-12-19 03:48:00",completado
5385,253,"2023-05-22 17:46:00",completado
5386,449,"2023-06-20 16:28:00",completado
5387,168,"2021-05-06 10:51:00",completado
5388,167,"2023-08-17 13:20:00",completado
5389,67,"2021-10-17 18:49:00",completado
5390,338,"2023-08-26 12:27:00",completado
5391,466,"2023-04-01 06:40:00",completado
5392,276,"2022-03-08 21:35:00",completado
5393,213,"2023-04-22 12:18:00",completado
5394,491,"2023-09-16 23:08:00",completado
5395,51,"2022-10-27 20:32:00",completado
5396,490,"2023-05-20 13:33:00",completado
5397,207,"2022-10-30 13:40:00",completado
5398,36,"2023-05-14 11:46:00",completado
5399,158,"2023-07-05 16:13:00",completado
5400,31,"2023-08-30 18:23:00",completado
5401,426,"2022-07-17 05:07:00",completado
5402,172,"2023-06-13 18:36:00",completado
5403,402,"2022-11-21 16:47:00",completado
5404,137,"2023-10-16 02:07:00",completado
5405,280,"2023-08-09 19:00:00",reembolsado
5406,89,"2023-06-26 03:26:00",completado
5407,438,"2022-11-27 00:11:00",completado
5408,22,"2022-02-16 08:49:00",reembolsado
5409,192,"2023-09-17 03:07:00",completado
5410,443,"2023-05-29 03:58:00",completado
5411,228,"2023-10-01 14:39:00",completado
5412,459,"2022-10-27 12:47:00",completado
5413,380,"2022-03-30 03:54:00",completado
5414,232,"2022-11-19 02:39:00",completado
5415,459,"2022-11-20 17:42:00",completado
5416,291,"2023-05-01 08:39:00",completado
5417,494,"2023-08-02 01:55:00",completado
5418,120,"2022-10-23 07:27:00",completado
5419,359,"2021-08-25 13:23:00",completado
5420,390,"2022-11-26 17:03:00",completado
5421,104,"2022-05-26 14:21:00",completado
5422,168,"2021-05-27 12:17:00",completado
5423,281,"2023-11-27 12:07:00",cancelado
5424,372,"2022-07-31 19:05:00",cancelado
5425,489,"2023-01-27 15:42:00",completado
5426,178,"2023-04-09 09:50:00",cancelado
5427,122,"2021-05-20 14:48:00",completado
5428,64,"2022-03-09 23:07:00",completado
5429,41,"2022-01-24 02:44:00",completado
5430,473,"2021-12-26 23:29:00",completado
5431,95,"2023-02-16 18:56:00",completado
5432,20,"2023-11-10 23:30:00",completado
5433,22,"2021-09-22 14:29:00",completado
5434,369,"2023-06-18 18:12:00",completado
5435,360,"2023-07-02 08:40:00",completado
5436,127,"2022-06-18 04:45:00",reembolsado
5437,277,"2022-04-04 01:17:00",completado
5438,93,"2022-07-19 01:18:00",completado
5439,475,"2023-03-23 12:29:00",completado
5440,213,"2021-08-06 12:07:00",cancelado
5441,137,"2023-03-18 00:36:00",completado
5442,145,"2023-01-03 22:35:00",completado
5443,291,"2023-07-30 04:43:00",completado
5444,464,"2023-07-24 17:36:00",completado
5445,18,"2023-10-19 11:33:00",completado
5446,150,"2023-12-08 22:50:00",completado
5447,314,"2023-06-23 01:00:00",completado
5448,104,"2022-09-27 09:51:00",cancelado
5449,212,"2023-11-26 03:59:00",reembolsado
5450,458,"2023-11-18 16:47:00",completado
5451,186,"2022-12-27 15:44:00",completado
5452,111,"2023-05-28 11:23:00",reembolsado
5453,279,"2023-05-12 16:20:00",completado
5454,481,"2023-02-16 08:51:00",completado
5455,200,"2023-02-13 13:09:00",completado
5456,90,"2022-05-24 22:48:00",completado
5457,416,"2022-02-08 15:37:00",completado
5458,204,"2022-08-19 22:21:00",cancelado
5459,64,"2021-11-05 07:06:00",completado
5460,30,"2021-07-14 11:56:00",completado
5461,55,"2023-11-07 11:09:00",completado
5462,435,"2022-07-31 06:08:00",completado
5463,292,"2023-08-01 23:55:00",completado
5464,344,"2021-08-17 21:48:00",completado
5465,456,"2021-04-05 14:52:00",completado
5466,442,"2021-12-07 20:00:00",completado
5467,223,"2021-11-22 20:08:00",completado
5468,179,"2022-05-25 12:33:00",completado
5469,497,"2023-03-10 06:28:00",completado
5470,371,"2023-09-02 12:01:00",completado
5471,225,"2023-04-05 06:52:00",completado
5472,78,"2023-02-06 15:55:00",completado
5473,486,"2023-06-11 19:28:00",reembolsado
5474,346,"2023-08-26 19:41:00",cancelado
5475,144,"2022-04-29 09:18:00",completado
5476,367,"2023-12-26 16:35:00",completado
5477,366,"2022-08-29 18:36:00",completado
5478,468,"2022-07-18 15:20:00",completado
5479,414,"2023-10-27 04:03:00",completado
5480,356,"2022-04-17 09:42:00",completado
5481,75,"2023-11-03 04:50:00",completado
5482,20,"2023-08-24 14:27:00",completado
5483,44,"2023-07-25 18:22:00",completado
5484,20,"2023-11-12 00:39:00",completado
5485,462,"2022-09-11 10:50:00",reembolsado
5486,468,"2023-02-15 01:34:00",completado
5487,198,"2022-08-01 08:54:00",completado
5488,485,"2022-04-04 17:15:00",completado
5489,441,"2022-02-15 11:41:00",completado
5490,96,"2023-10-08 13:14:00",completado
5491,301,"2023-07-18 03:22:00",reembolsado
5492,247,"2022-09-28 02:08:00",completado
5493,42,"2021-10-17 14:27:00",completado
5494,158,"2023-10-31 14:12:00",completado
5495,64,"2023-09-09 23:21:00",completado
5496,284,"2023-05-23 11:05:00",cancelado
5497,320,"2022-11-15 07:21:00",completado
5498,245,"2022-08-05 10:04:00",reembolsado
5499,193,"2023-03-21 05:47:00",completado
5500,185,"2022-12-23 07:09:00",completado
5501,217,"2023-07-17 09:49:00",completado
5502,416,"2022-09-22 22:10:00",completado
5503,407,"2022-09-02 11:19:00",completado
5504,34,"2023-10-14 00:33:00",completado
5505,122,"2022-10-22 03:01:00",completado
5506,164,"2023-11-03 01:52:00",completado
5507,380,"2022-04-27 07:35:00",completado
5508,492,"2021-09-30 06:12:00",completado
5509,467,"2023-04-03 09:44:00",completado
5510,394,"2022-10-18 05:49:00",completado
5511,60,"2023-11-30 23:13:00",completado
5512,213,"2021-03-21 20:12:00",completado
5513,105,"2022-01-17 07:04:00",completado
5514,271,"2022-09-30 21:09:00",completado
5515,278,"2022-06-08 05:57:00",completado
5516,266,"2022-09-13 04:24:00",completado
5517,419,"2023-10-18 17:38:00",cancelado
5518,172,"2023-06-06 17:27:00",cancelado
5519,354,"2023-10-06 14:45:00",completado
5520,92,"2023-12-12 03:58:00",completado
5521,185,"2023-12-09 17:49:00",completado
5522,160,"2023-09-26 19:43:00",completado
5523,191,"2022-11-24 06:31:00",completado
5524,18,"2022-01-22 15:48:00",completado
5525,24,"2023-02-06 09:33:00",completado
5526,471,"2023-11-12 18:00:00",completado
5527,448,"2023-05-11 19:33:00",completado
5528,181,"2023-11-15 09:19:00",completado
5529,155,"2022-12-13 08:19:00",completado
5530,280,"2023-06-06 03:03:00",completado
5531,63,"2023-05-31 22:30:00",completado
5532,417,"2022-08-05 00:48:00",completado
5533,234,"2023-01-04 20:57:00",completado
5534,255,"2022-04-15 15:34:00",completado
5535,229,"2023-12-23 13:54:00",completado
5536,128,"2023-10-07 03:28:00",completado
5537,235,"2023-06-23 19:17:00",completado
5538,175,"2023-11-19 00:42:00",completado
5539,39,"2022-12-24 18:38:00",completado
5540,478,"2022-09-25 11:02:00",completado
5541,113,"2023-08-14 12:46:00",reembolsado
5542,1,"2022-09-12 10:45:00",completado
5543,337,"2023-10-04 09:17:00",completado
5544,377,"2023-08-12 09:50:00",completado
5545,239,"2023-05-15 19:15:00",completado
5546,208,"2022-11-05 20:03:00",completado
5547,133,"2023-10-04 23:39:00",completado
5548,441,"2022-10-11 19:37:00",completado
5549,286,"2023-04-18 00:07:00",completado
5550,336,"2023-04-28 06:27:00",completado
5551,136,"2023-08-17 05:42:00",completado
5552,426,"2021-10-16 14:52:00",completado
5553,66,"2023-06-29 01:51:00",completado
5554,117,"2022-03-25 17:42:00",completado
5555,196,"2023-06-07 20:51:00",completado
5556,313,"2022-10-23 13:16:00",completado
5557,455,"2022-06-15 05:39:00",completado
5558,80,"2022-09-18 23:01:00",completado
5559,292,"2023-05-25 13:34:00",completado
5560,10,"2023-12-26 20:21:00",completado
5561,33,"2023-04-04 20:26:00",reembolsado
5562,217,"2022-03-31 18:43:00",completado
5563,67,"2023-06-12 09:41:00",completado
5564,498,"2023-10-25 14:52:00",completado
5565,97,"2022-03-31 07:23:00",completado
5566,423,"2023-01-02 05:05:00",completado
5567,308,"2021-10-01 08:06:00",completado
5568,257,"2022-08-25 20:54:00",completado
5569,315,"2023-03-23 14:35:00",completado
5570,458,"2023-07-28 04:13:00",completado
5571,160,"2023-12-27 23:59:00",completado
5572,424,"2023-11-27 04:10:00",completado
5573,376,"2022-07-09 16:53:00",completado
5574,237,"2023-12-16 11:23:00",completado
5575,36,"2023-04-05 02:04:00",completado
5576,234,"2023-07-30 10:51:00",cancelado
5577,193,"2023-07-19 08:35:00",reembolsado
5578,259,"2022-08-01 15:56:00",completado
5579,438,"2023-05-09 09:12:00",completado
5580,462,"2022-11-05 18:15:00",cancelado
5581,299,"2023-08-16 03:00:00",completado
5582,381,"2023-12-24 15:13:00",completado
5583,70,"2023-12-24 13:45:00",completado
5584,160,"2022-12-14 01:17:00",completado
5585,168,"2022-10-05 20:35:00",completado
5586,392,"2023-06-19 16:14:00",reembolsado
5587,195,"2022-10-31 21:50:00",completado
5588,11,"2021-05-15 11:04:00",completado
5589,478,"2023-02-14 07:37:00",completado
5590,388,"2023-08-14 12:26:00",completado
5591,410,"2022-12-29 01:20:00",completado
5592,452,"2022-11-06 01:51:00",reembolsado
5593,142,"2022-11-21 01:34:00",completado
5594,302,"2023-08-22 17:12:00",completado
5595,15,"2023-09-28 12:00:00",completado
5596,422,"2022-12-12 04:58:00",completado
5597,170,"2023-03-25 12:31:00",completado
5598,348,"2023-03-05 12:22:00",completado
5599,343,"2022-06-23 19:35:00",completado
5600,463,"2023-10-27 19:21:00",completado
5601,365,"2023-02-13 23:49:00",completado
5602,458,"2023-09-07 17:37:00",completado
5603,383,"2022-03-14 00:15:00",completado
5604,74,"2023-11-05 03:53:00",completado
5605,372,"2023-01-12 09:01:00",completado
5606,159,"2023-06-07 11:10:00",completado
5607,26,"2023-09-04 19:45:00",completado
5608,235,"2023-07-15 05:10:00",completado
5609,419,"2023-10-27 22:33:00",cancelado
5610,296,"2023-11-08 05:40:00",completado
5611,470,"2023-04-12 14:54:00",completado
5612,81,"2023-02-25 09:19:00",completado
5613,316,"2021-11-03 06:37:00",completado
5614,60,"2023-12-26 13:48:00",completado
5615,24,"2023-07-23 15:36:00",completado
5616,348,"2023-09-11 09:16:00",completado
5617,207,"2023-06-04 04:50:00",completado
5618,20,"2023-11-16 02:55:00",completado
5619,98,"2023-08-26 07:50:00",completado
5620,319,"2021-10-20 20:53:00",completado
5621,327,"2021-10-22 06:14:00",reembolsado
5622,131,"2023-09-30 14:28:00",reembolsado
5623,260,"2022-05-12 02:34:00",completado
5624,259,"2022-09-23 22:12:00",completado
5625,212,"2023-06-15 06:22:00",completado
5626,54,"2023-08-05 23:16:00",completado
5627,497,"2023-12-08 21:31:00",completado
5628,171,"2023-03-05 11:08:00",completado
5629,366,"2023-02-16 19:18:00",completado
5630,71,"2021-11-09 14:59:00",completado
5631,292,"2023-10-25 19:59:00",completado
5632,258,"2023-11-06 04:40:00",completado
5633,420,"2023-07-23 08:23:00",completado
5634,328,"2022-07-08 05:53:00",completado
5635,229,"2022-08-30 21:41:00",completado
5636,303,"2023-03-27 15:21:00",completado
5637,35,"2023-07-18 06:12:00",completado
5638,357,"2023-12-21 14:13:00",completado
5639,9,"2023-06-01 03:54:00",cancelado
5640,334,"2022-03-23 23:15:00",completado
5641,110,"2022-08-12 01:13:00",completado
5642,273,"2022-12-09 13:40:00",completado
5643,106,"2022-10-28 11:46:00",completado
5644,295,"2023-08-30 03:59:00",completado
5645,164,"2023-11-26 10:35:00",completado
5646,360,"2022-07-17 11:05:00",completado
5647,468,"2022-06-30 12:50:00",completado
5648,270,"2023-10-01 14:26:00",completado
5649,341,"2023-08-15 05:31:00",completado
5650,258,"2023-06-29 03:21:00",completado
5651,360,"2023-07-25 13:31:00",completado
5652,170,"2022-09-20 13:17:00",completado
5653,38,"2023-10-08 05:27:00",completado
5654,332,"2021-06-18 12:18:00",completado
5655,39,"2023-04-13 15:34:00",completado
5656,224,"2022-10-02 10:33:00",completado
5657,368,"2023-06-07 01:37:00",completado
5658,130,"2023-07-15 14:58:00",completado
5659,265,"2023-08-21 04:50:00",completado
5660,135,"2023-12-15 21:34:00",completado
5661,463,"2023-02-01 04:05:00",completado
5662,301,"2023-06-12 22:22:00",completado
5663,454,"2023-12-12 21:39:00",completado
5664,2,"2023-08-19 09:58:00",completado
5665,399,"2023-06-30 03:11:00",completado
5666,344,"2023-11-17 17:48:00",completado
5667,89,"2023-04-06 13:52:00",completado
5668,254,"2023-02-12 21:04:00",completado
5669,37,"2023-09-29 07:55:00",completado
5670,478,"2023-02-11 06:32:00",completado
5671,116,"2023-11-12 16:54:00",completado
5672,127,"2022-03-04 14:14:00",completado
5673,205,"2023-07-04 05:40:00",completado
5674,466,"2023-07-21 20:45:00",completado
5675,193,"2023-12-27 19:05:00",cancelado
5676,482,"2022-04-18 15:51:00",completado
5677,101,"2022-11-25 03:43:00",completado
5678,411,"2023-10-14 20:18:00",completado
5679,170,"2021-09-11 15:46:00",completado
5680,486,"2023-07-06 02:42:00",reembolsado
5681,109,"2023-01-04 05:27:00",completado
5682,179,"2021-11-07 08:26:00",completado
5683,45,"2022-03-14 16:10:00",completado
5684,460,"2023-09-11 23:13:00",completado
5685,296,"2023-11-08 05:42:00",completado
5686,400,"2023-07-09 11:03:00",reembolsado
5687,92,"2023-09-10 17:36:00",completado
5688,471,"2022-10-29 10:28:00",cancelado
5689,376,"2023-08-23 18:25:00",completado
5690,386,"2022-09-26 02:00:00",completado
5691,384,"2023-10-09 11:08:00",completado
5692,388,"2023-06-03 20:05:00",completado
5693,14,"2022-06-05 21:14:00",completado
5694,44,"2023-08-12 20:50:00",completado
5695,317,"2022-04-22 02:32:00",completado
5696,266,"2022-06-22 10:08:00",completado
5697,415,"2023-07-05 15:53:00",completado
5698,286,"2023-09-18 23:39:00",completado
5699,401,"2023-10-05 17:10:00",completado
5700,85,"2023-12-27 10:12:00",completado
5701,37,"2023-03-07 07:31:00",completado
5702,413,"2023-01-30 14:54:00",completado
5703,443,"2022-11-09 01:50:00",completado
5704,258,"2023-10-21 19:02:00",completado
5705,288,"2023-06-24 17:50:00",completado
5706,196,"2023-12-14 18:47:00",completado
5707,429,"2023-02-08 17:17:00",completado
5708,163,"2023-12-04 20:26:00",completado
5709,108,"2022-07-26 08:48:00",completado
5710,92,"2023-07-30 01:45:00",completado
5711,165,"2023-09-15 03:47:00",completado
5712,91,"2022-11-23 19:34:00",completado
5713,423,"2022-10-23 14:17:00",completado
5714,239,"2023-06-04 03:41:00",completado
5715,468,"2022-01-02 07:33:00",completado
5716,378,"2022-06-12 10:15:00",completado
5717,103,"2022-04-25 13:09:00",completado
5718,210,"2023-08-07 01:15:00",reembolsado
5719,353,"2023-06-05 19:38:00",completado
5720,407,"2021-11-06 14:59:00",completado
5721,171,"2023-05-03 09:03:00",completado
5722,382,"2023-04-27 17:57:00",completado
5723,153,"2023-10-07 14:54:00",completado
5724,391,"2023-10-12 18:27:00",completado
5725,94,"2023-12-07 06:32:00",completado
5726,185,"2023-07-09 16:12:00",completado
5727,390,"2023-08-29 10:00:00",completado
5728,368,"2023-04-09 00:55:00",completado
5729,105,"2023-12-01 05:08:00",reembolsado
5730,365,"2023-10-14 15:56:00",completado
5731,140,"2023-08-17 20:02:00",completado
5732,56,"2022-08-05 21:05:00",completado
5733,269,"2023-06-27 11:55:00",completado
5734,164,"2023-05-09 02:54:00",completado
5735,344,"2022-03-10 20:02:00",completado
5736,283,"2022-10-30 20:49:00",completado
5737,67,"2023-01-13 12:46:00",completado
5738,293,"2022-01-09 18:57:00",completado
5739,122,"2021-09-03 03:07:00",completado
5740,404,"2023-07-28 16:15:00",reembolsado
5741,122,"2023-06-12 06:01:00",completado
5742,475,"2022-05-29 17:47:00",completado
5743,434,"2023-10-24 17:00:00",completado
5744,125,"2023-09-23 18:47:00",completado
5745,86,"2021-03-11 19:47:00",completado
5746,59,"2023-02-16 00:42:00",completado
5747,285,"2021-03-20 10:02:00",completado
5748,433,"2022-01-03 12:52:00",completado
5749,421,"2023-09-02 15:47:00",cancelado
5750,139,"2023-04-19 13:48:00",completado
5751,232,"2022-07-19 01:01:00",completado
5752,6,"2023-07-13 12:03:00",completado
5753,484,"2023-02-06 19:28:00",completado
5754,131,"2023-08-01 05:45:00",reembolsado
5755,365,"2023-03-15 10:48:00",completado
5756,415,"2023-04-24 10:43:00",completado
5757,169,"2023-09-04 02:07:00",completado
5758,220,"2023-06-13 08:33:00",reembolsado
5759,224,"2021-11-27 22:56:00",completado
5760,50,"2023-01-25 02:33:00",completado
5761,86,"2022-05-13 18:24:00",completado
5762,227,"2022-04-02 03:54:00",completado
5763,294,"2023-08-07 10:17:00",completado
5764,426,"2021-11-26 20:56:00",completado
5765,418,"2023-12-15 03:57:00",completado
5766,226,"2021-07-09 06:02:00",completado
5767,26,"2023-07-23 10:05:00",completado
5768,423,"2022-08-31 02:12:00",completado
5769,46,"2023-06-22 20:21:00",completado
5770,97,"2021-11-06 14:17:00",completado
5771,197,"2023-04-21 13:43:00",completado
5772,352,"2023-08-18 04:56:00",reembolsado
5773,219,"2023-10-11 16:04:00",completado
5774,53,"2022-07-26 23:43:00",completado
5775,162,"2022-04-06 09:46:00",completado
5776,437,"2023-02-21 03:42:00",completado
5777,390,"2023-04-26 05:35:00",completado
5778,176,"2023-10-11 04:01:00",completado
5779,197,"2023-09-12 09:53:00",completado
5780,414,"2022-11-10 06:41:00",completado
5781,256,"2023-10-07 14:32:00",completado
5782,139,"2023-12-16 01:26:00",completado
5783,254,"2023-12-30 11:22:00",reembolsado
5784,178,"2023-06-11 17:27:00",cancelado
5785,272,"2023-06-27 02:19:00",completado
5786,249,"2021-12-29 00:44:00",reembolsado
5787,366,"2022-12-01 08:12:00",completado
5788,255,"2021-11-20 18:39:00",cancelado
5789,221,"2023-10-18 07:50:00",completado
5790,399,"2023-03-12 16:42:00",completado
5791,169,"2023-05-25 08:48:00",completado
5792,326,"2022-06-11 03:36:00",completado
5793,238,"2023-11-30 06:31:00",completado
5794,274,"2022-07-07 14:14:00",completado
5795,152,"2023-08-10 04:05:00",completado
5796,262,"2022-04-08 15:27:00",completado
5797,298,"2023-02-15 20:18:00",completado
5798,495,"2023-10-26 15:58:00",reembolsado
5799,352,"2023-04-06 11:26:00",completado
5800,75,"2023-10-26 00:03:00",completado
5801,212,"2023-04-17 05:50:00",completado
5802,270,"2023-10-13 16:53:00",completado
5803,402,"2023-08-22 08:26:00",completado
5804,89,"2022-12-10 16:11:00",completado
5805,329,"2023-10-17 11:18:00",completado
5806,166,"2023-01-05 08:21:00",completado
5807,431,"2023-04-05 00:30:00",completado
5808,453,"2021-05-11 13:33:00",completado
5809,482,"2023-05-15 11:17:00",completado
5810,194,"2023-10-04 21:33:00",completado
5811,93,"2023-11-16 03:59:00",completado
5812,208,"2022-06-16 21:44:00",completado
5813,293,"2021-07-04 20:57:00",completado
5814,76,"2023-10-22 20:45:00",completado
5815,205,"2023-11-28 07:49:00",completado
5816,174,"2023-11-24 18:01:00",completado
5817,156,"2023-12-24 00:10:00",completado
5818,414,"2023-09-25 23:17:00",completado
5819,370,"2023-06-04 23:47:00",completado
5820,427,"2022-03-15 16:12:00",cancelado
5821,300,"2023-08-23 15:42:00",completado
5822,144,"2022-11-09 14:30:00",completado
5823,6,"2023-08-22 02:34:00",completado
5824,450,"2022-12-17 00:03:00",completado
5825,197,"2023-01-31 12:10:00",completado
5826,391,"2023-04-14 19:42:00",completado
5827,308,"2022-04-19 06:10:00",completado
5828,67,"2023-06-27 11:05:00",completado
5829,331,"2023-08-31 02:17:00",completado
5830,456,"2022-03-03 03:40:00",completado
5831,451,"2022-09-08 17:06:00",completado
5832,223,"2022-02-25 10:45:00",completado
5833,404,"2023-11-07 14:31:00",completado
5834,106,"2022-08-03 17:23:00",completado
5835,54,"2021-11-20 23:09:00",completado
5836,372,"2023-12-02 12:40:00",completado
5837,211,"2023-10-24 15:57:00",reembolsado
5838,49,"2021-12-16 23:49:00",reembolsado
5839,399,"2023-07-19 09:19:00",completado
5840,478,"2022-11-17 18:21:00",completado
5841,286,"2023-02-06 03:07:00",completado
5842,309,"2022-11-22 15:40:00",completado
5843,314,"2023-08-28 10:36:00",completado
5844,107,"2022-06-08 22:43:00",completado
5845,80,"2023-12-04 07:43:00",reembolsado
5846,291,"2023-07-08 17:45:00",completado
5847,124,"2023-12-14 03:46:00",completado
5848,241,"2023-12-01 09:01:00",completado
5849,232,"2023-10-30 02:44:00",completado
5850,446,"2023-12-13 21:47:00",completado
5851,301,"2023-03-03 06:32:00",completado
5852,79,"2021-11-09 19:58:00",completado
5853,204,"2022-02-02 19:21:00",completado
5854,406,"2023-09-18 23:16:00",completado
5855,10,"2023-06-27 17:37:00",completado
5856,319,"2023-10-12 16:37:00",completado
5857,290,"2023-06-12 23:13:00",completado
5858,212,"2023-06-09 03:57:00",completado
5859,263,"2021-06-24 18:38:00",completado
5860,66,"2023-10-25 16:00:00",completado
5861,158,"2022-08-13 04:10:00",completado
5862,94,"2023-04-30 22:36:00",completado
5863,309,"2022-12-20 19:24:00",completado
5864,108,"2023-10-18 15:40:00",completado
5865,99,"2023-01-03 11:10:00",completado
5866,60,"2023-06-01 22:25:00",completado
5867,363,"2021-05-25 23:52:00",completado
5868,203,"2023-12-26 16:32:00",completado
5869,27,"2023-05-01 05:55:00",completado
5870,437,"2023-12-10 04:57:00",completado
5871,321,"2022-05-10 16:06:00",completado
5872,421,"2023-09-04 16:53:00",completado
5873,309,"2023-05-04 15:08:00",completado
5874,67,"2021-10-11 18:41:00",completado
5875,369,"2023-08-29 05:42:00",completado
5876,229,"2023-12-02 09:11:00",completado
5877,377,"2023-09-06 15:54:00",completado
5878,308,"2023-08-02 11:43:00",completado
5879,194,"2023-06-05 03:35:00",completado
5880,354,"2023-07-30 13:15:00",completado
5881,295,"2023-03-31 13:38:00",completado
5882,172,"2023-10-10 11:44:00",completado
5883,461,"2023-05-24 08:04:00",completado
5884,223,"2021-12-17 00:49:00",completado
5885,32,"2023-11-19 13:59:00",completado
5886,447,"2022-09-16 00:29:00",completado
5887,458,"2023-05-18 06:05:00",completado
5888,352,"2023-07-19 19:14:00",completado
5889,135,"2023-08-02 00:05:00",completado
5890,402,"2023-11-02 00:30:00",completado
5891,427,"2023-05-03 16:28:00",completado
5892,140,"2022-10-20 22:11:00",completado
5893,323,"2023-08-17 20:36:00",completado
5894,235,"2023-05-30 07:11:00",completado
5895,434,"2022-12-04 11:41:00",cancelado
5896,42,"2022-05-05 15:00:00",completado
5897,490,"2023-04-27 02:31:00",completado
5898,175,"2023-07-20 07:48:00",cancelado
5899,66,"2023-05-19 12:22:00",completado
5900,206,"2023-01-13 16:20:00",completado
5901,479,"2022-11-09 01:29:00",completado
5902,172,"2021-10-28 06:10:00",completado
5903,489,"2022-11-17 03:28:00",completado
5904,225,"2023-10-03 21:51:00",completado
5905,114,"2022-05-11 11:42:00",completado
5906,270,"2023-03-04 17:19:00",completado
5907,499,"2023-03-27 06:58:00",completado
5908,273,"2023-01-22 02:05:00",completado
5909,353,"2022-12-12 21:38:00",completado
5910,3,"2022-10-04 13:46:00",completado
5911,262,"2023-01-19 08:01:00",completado
5912,166,"2023-02-23 17:58:00",completado
5913,229,"2023-02-11 03:16:00",completado
5914,79,"2023-08-24 18:15:00",completado
5915,165,"2023-07-24 04:38:00",completado
5916,440,"2022-11-15 12:35:00",reembolsado
5917,48,"2022-07-13 06:47:00",completado
5918,294,"2023-02-08 05:29:00",completado
5919,353,"2023-11-08 14:14:00",reembolsado
5920,177,"2022-03-12 02:29:00",completado
5921,286,"2023-01-07 17:26:00",completado
5922,452,"2023-12-24 05:09:00",completado
5923,211,"2023-12-02 06:42:00",completado
5924,59,"2022-05-14 17:34:00",completado
5925,86,"2023-11-14 06:30:00",completado
5926,354,"2023-06-18 22:27:00",reembolsado
5927,313,"2023-11-07 19:13:00",completado
5928,478,"2023-03-28 12:38:00",completado
5929,80,"2023-10-13 22:59:00",completado
5930,376,"2022-10-12 09:02:00",cancelado
5931,444,"2022-07-26 14:44:00",completado
5932,325,"2023-05-17 17:24:00",completado
5933,24,"2023-06-20 05:38:00",completado
5934,279,"2022-06-01 04:27:00",completado
5935,389,"2022-09-22 06:23:00",completado
5936,34,"2022-09-13 01:05:00",completado
5937,450,"2023-10-11 14:27:00",reembolsado
5938,39,"2022-11-11 10:08:00",completado
5939,45,"2021-03-15 23:40:00",completado
5940,36,"2023-08-11 08:41:00",completado
5941,466,"2023-04-18 12:44:00",completado
5942,8,"2023-01-22 09:03:00",completado
5943,373,"2023-09-17 16:38:00",completado
5944,163,"2023-01-14 23:04:00",completado
5945,449,"2022-11-26 23:55:00",completado
5946,81,"2023-03-22 13:03:00",completado
5947,446,"2023-06-15 10:11:00",completado
5948,52,"2023-04-21 22:58:00",cancelado
5949,324,"2022-09-18 06:01:00",completado
5950,8,"2023-11-30 15:22:00",completado
5951,14,"2022-01-13 03:54:00",completado
5952,149,"2023-11-03 06:53:00",completado
5953,223,"2022-04-29 20:30:00",cancelado
5954,99,"2023-02-26 22:05:00",reembolsado
5955,204,"2023-06-09 14:44:00",completado
5956,186,"2023-06-02 10:43:00",completado
5957,80,"2023-08-06 09:43:00",completado
5958,41,"2022-09-09 06:53:00",completado
5959,490,"2023-06-16 02:54:00",completado
5960,242,"2022-06-18 13:14:00",completado
5961,394,"2023-09-01 10:52:00",completado
5962,400,"2022-11-19 23:29:00",completado
5963,195,"2023-08-31 17:13:00",completado
5964,115,"2023-01-25 05:24:00",completado
5965,298,"2023-06-10 01:38:00",completado
5966,198,"2023-08-18 22:07:00",reembolsado
5967,363,"2022-02-02 06:31:00",completado
5968,168,"2022-01-12 14:03:00",completado
5969,344,"2021-05-25 11:05:00",cancelado
5970,42,"2022-11-01 13:07:00",completado
5971,71,"2022-05-15 19:13:00",completado
5972,222,"2023-03-02 23:54:00",completado
5973,357,"2023-10-27 05:12:00",completado
5974,448,"2023-09-18 04:41:00",completado
5975,415,"2023-03-22 22:23:00",completado
5976,52,"2023-04-26 00:17:00",reembolsado
5977,413,"2023-03-01 00:53:00",completado
5978,79,"2023-11-18 06:31:00",completado
5979,369,"2023-07-24 12:28:00",reembolsado
5980,412,"2023-11-07 12:14:00",completado
5981,150,"2023-01-06 17:08:00",reembolsado
5982,10,"2023-08-24 17:00:00",completado
5983,226,"2022-10-01 10:35:00",reembolsado
5984,281,"2023-12-01 15:36:00",completado
5985,70,"2022-08-21 19:45:00",completado
5986,302,"2023-04-16 08:42:00",reembolsado
5987,457,"2022-11-02 04:14:00",completado
5988,97,"2022-02-06 01:15:00",completado
5989,389,"2023-06-02 02:31:00",completado
5990,452,"2023-12-07 01:24:00",completado
5991,175,"2023-07-28 12:36:00",completado
5992,96,"2023-12-19 07:37:00",reembolsado
5993,263,"2023-06-20 10:49:00",completado
5994,73,"2023-04-11 20:16:00",completado
5995,105,"2022-08-09 11:09:00",completado
5996,408,"2022-10-20 13:36:00",reembolsado
5997,269,"2021-05-05 15:00:00",completado
5998,75,"2023-10-31 03:35:00",completado
5999,404,"2023-10-13 02:29:00",reembolsado
6000,493,"2023-09-24 12:59:00",completado
