linea_pedido_id,pedido_id,producto_id,cantidad,precio_unitario
1,1,10,1,149.99
2,1,47,3,14.99
3,2,66,3,34.99
4,2,23,1,22.99
5,3,21,3,84.99
6,4,59,2,9.99
7,4,39,2,39.99
8,4,66,1,34.99
9,4,66,1,34.99
10,5,63,2,17.99
11,5,10,3,149.99
12,6,52,2,24.99
13,6,55,3,16.99
14,6,21,1,84.99
15,6,30,2,44.99
16,7,11,1,34.99
17,7,7,1,27.99
18,7,23,1,22.99
19,7,28,1,89.99
20,8,47,1,14.99
21,9,49,1,44.99
22,9,43,2,44.99
23,10,59,2,9.99
24,11,14,1,99.99
25,11,43,2,44.99
26,11,65,2,9.99
27,12,25,3,16.99
28,12,25,3,16.99
29,13,41,2,17.99
30,13,2,1,39.99
31,13,7,2,27.99
32,13,44,1,34.99
33,14,67,2,12.99
34,14,17,1,36.99
35,15,28,1,89.99
36,15,18,2,26.99
37,15,12,2,22.99
38,15,55,3,16.99
39,16,9,3,299.99
40,16,20,2,21.99
41,16,19,2,69.99
42,16,31,3,9.99
43,17,18,1,26.99
44,17,62,2,9.99
45,18,56,3,15.99
46,18,55,2,16.99
47,18,53,2,22.99
48,19,17,2,36.99
49,19,63,3,17.99
50,19,67,1,12.99
51,19,9,2,299.99
52,20,49,1,44.99
53,20,27,2,17.99
54,20,3,1,49.99
55,20,19,2,69.99
56,21,46,2,27.99
57,21,64,2,21.99
58,21,43,2,44.99
59,21,24,3,149.99
60,22,26,3,159.99
61,22,11,1,34.99
62,22,34,3,19.99
63,23,25,2,16.99
64,24,26,2,159.99
65,25,23,1,22.99
66,25,30,3,44.99
67,25,7,3,27.99
68,26,12,2,22.99
69,27,12,1,22.99
70,27,28,2,89.99
71,27,17,3,36.99
72,27,56,3,15.99
73,28,24,3,149.99
74,28,49,3,44.99
75,28,24,2,149.99
76,29,69,2,14.99
77,29,61,1,139.99
78,29,47,2,14.99
79,30,68,1,54.99
80,30,26,1,159.99
81,30,23,2,22.99
82,31,17,3,36.99
83,32,14,2,99.99
84,32,21,3,84.99
85,33,18,3,26.99
86,34,56,2,15.99
87,34,63,1,17.99
88,34,4,3,24.99
89,35,57,2,39.99
90,36,16,2,24.99
91,37,31,2,9.99
92,37,46,1,27.99
93,37,32,1,14.99
94,37,51,2,32.99
95,38,25,1,16.99
96,38,14,1,99.99
97,38,41,1,17.99
98,39,11,1,34.99
99,39,12,3,22.99
100,39,57,2,39.99
101,39,1,2,129.99
102,40,27,1,17.99
103,40,48,3,17.99
104,40,44,2,34.99
105,40,63,2,17.99
106,41,52,1,24.99
107,42,65,2,9.99
108,42,38,3,18.99
109,43,60,3,179.99
110,44,57,2,39.99
111,45,55,3,16.99
112,45,42,2,24.99
113,45,23,3,22.99
114,46,35,3,12.99
115,46,5,1,89.99
116,47,23,3,22.99
117,47,7,1,27.99
118,48,6,2,79.99
119,48,3,3,49.99
120,49,65,3,9.99
121,49,35,3,12.99
122,49,7,3,27.99
123,50,48,1,17.99
124,50,13,1,139.99
125,50,16,2,24.99
126,51,2,1,39.99
127,51,13,1,139.99
128,51,27,2,17.99
129,52,17,3,36.99
130,53,17,1,36.99
131,53,34,3,19.99
132,53,4,1,24.99
133,54,27,1,17.99
134,54,42,2,24.99
135,55,34,2,19.99
136,55,49,2,44.99
137,56,56,3,15.99
138,56,64,1,21.99
139,56,28,3,89.99
140,57,33,3,13.99
141,58,47,1,14.99
142,59,34,1,19.99
143,59,10,3,149.99
144,59,26,2,159.99
145,60,33,2,13.99
146,60,14,2,99.99
147,61,15,2,29.99
148,62,44,2,34.99
149,63,29,2,64.99
150,64,40,1,49.99
151,64,51,2,32.99
152,64,53,2,22.99
153,64,61,2,139.99
154,65,35,2,12.99
155,65,32,2,14.99
156,65,2,3,39.99
157,66,39,1,39.99
158,66,57,3,39.99
159,66,34,1,19.99
160,66,61,1,139.99
161,67,31,3,9.99
162,67,7,2,27.99
163,67,67,2,12.99
164,67,26,2,159.99
165,68,33,3,13.99
166,68,41,3,17.99
167,68,2,1,39.99
168,68,14,1,99.99
169,69,43,2,44.99
170,69,52,1,24.99
171,69,45,3,39.99
172,69,32,1,14.99
173,70,29,3,64.99
174,71,52,3,24.99
175,71,21,3,84.99
176,71,55,3,16.99
177,71,34,1,19.99
178,72,25,3,16.99
179,72,39,3,39.99
180,72,16,1,24.99
181,72,16,2,24.99
182,73,67,2,12.99
183,73,8,3,249.99
184,73,19,1,69.99
185,74,36,1,18.99
186,74,38,1,18.99
187,75,34,2,19.99
188,75,50,3,39.99
189,76,61,1,139.99
190,76,36,3,18.99
191,76,60,3,179.99
192,77,49,2,44.99
193,77,46,1,27.99
194,77,10,1,149.99
195,78,64,3,21.99
196,78,27,2,17.99
197,78,60,1,179.99
198,78,68,2,54.99
199,79,5,3,89.99
200,79,62,3,9.99
201,79,16,1,24.99
202,80,43,1,44.99
203,80,24,2,149.99
204,81,10,2,149.99
205,81,42,1,24.99
206,81,4,3,24.99
207,82,36,2,18.99
208,82,24,2,149.99
209,83,42,3,24.99
210,83,54,1,79.99
211,83,26,2,159.99
212,84,7,2,27.99
213,84,56,3,15.99
214,85,43,2,44.99
215,85,2,2,39.99
216,85,69,3,14.99
217,85,49,1,44.99
218,86,15,3,29.99
219,87,50,2,39.99
220,88,27,3,17.99
221,88,33,1,13.99
222,89,69,1,14.99
223,89,5,1,89.99
224,89,21,2,84.99
225,90,48,3,17.99
226,90,8,1,249.99
227,90,66,2,34.99
228,91,15,3,29.99
229,91,55,1,16.99
230,92,53,2,22.99
231,92,68,3,54.99
232,92,57,1,39.99
233,93,10,2,149.99
234,94,43,1,44.99
235,94,41,3,17.99
236,94,44,1,34.99
237,94,49,1,44.99
238,95,21,1,84.99
239,96,8,1,249.99
240,97,55,3,16.99
241,98,52,1,24.99
242,99,9,3,299.99
243,99,69,2,14.99
244,99,58,1,12.99
245,100,33,2,13.99
246,100,60,2,179.99
247,100,17,1,36.99
248,100,44,3,34.99
249,101,1,2,129.99
250,102,12,3,22.99
251,102,7,3,27.99
252,102,16,1,24.99
253,103,63,1,17.99
254,103,46,2,27.99
255,104,25,3,16.99
256,104,23,1,22.99
257,105,7,3,27.99
258,106,8,3,249.99
259,106,29,3,64.99
260,106,53,2,22.99
261,106,62,1,9.99
262,107,63,2,17.99
263,107,2,2,39.99
264,108,68,3,54.99
265,108,55,3,16.99
266,108,4,1,24.99
267,109,41,1,17.99
268,109,37,2,22.99
269,110,14,3,99.99
270,110,58,1,12.99
271,110,4,3,24.99
272,110,37,3,22.99
273,111,59,2,9.99
274,112,54,1,79.99
275,112,56,2,15.99
276,112,26,3,159.99
277,113,26,2,159.99
278,113,53,1,22.99
279,114,41,3,17.99
280,114,40,1,49.99
281,115,51,3,32.99
282,115,39,3,39.99
283,115,66,3,34.99
284,115,63,3,17.99
285,116,39,2,39.99
286,117,64,1,21.99
287,118,1,3,129.99
288,118,66,3,34.99
289,118,11,2,34.99
290,119,7,1,27.99
291,119,31,3,9.99
292,119,41,2,17.99
293,119,17,2,36.99
294,120,49,2,44.99
295,120,61,2,139.99
296,120,22,3,89.99
297,120,68,2,54.99
298,121,49,3,44.99
299,121,27,3,17.99
300,121,5,3,89.99
301,122,67,2,12.99
302,123,13,3,139.99
303,123,15,3,29.99
304,124,62,3,9.99
305,124,38,1,18.99
306,124,21,3,84.99
307,125,44,2,34.99
308,125,20,1,21.99
309,125,46,3,27.99
310,126,1,3,129.99
311,126,50,1,39.99
312,126,31,1,9.99
313,126,61,2,139.99
314,127,34,2,19.99
315,127,26,1,159.99
316,128,48,2,17.99
317,128,2,1,39.99
318,129,33,1,13.99
319,130,11,1,34.99
320,131,17,3,36.99
321,131,59,2,9.99
322,132,60,3,179.99
323,132,4,1,24.99
324,132,4,1,24.99
325,132,44,3,34.99
326,133,7,1,27.99
327,133,36,1,18.99
328,133,64,2,21.99
329,133,68,3,54.99
330,134,66,1,34.99
331,135,60,1,179.99
332,135,20,3,21.99
333,136,32,1,14.99
334,136,59,1,9.99
335,136,67,2,12.99
336,137,59,1,9.99
337,137,59,2,9.99
338,137,29,3,64.99
339,138,65,3,9.99
340,138,6,1,79.99
341,138,68,3,54.99
342,139,48,3,17.99
343,139,50,1,39.99
344,139,34,2,19.99
345,139,59,3,9.99
346,140,63,3,17.99
347,141,67,2,12.99
348,141,53,1,22.99
349,142,49,3,44.99
350,143,42,2,24.99
351,144,15,3,29.99
352,144,53,3,22.99
353,144,36,1,18.99
354,144,1,1,129.99
355,145,17,2,36.99
356,145,34,2,19.99
357,145,11,1,34.99
358,146,56,3,15.99
359,146,7,3,27.99
360,146,38,2,18.99
361,147,18,2,26.99
362,147,17,2,36.99
363,147,23,2,22.99
364,148,2,3,39.99
365,148,26,3,159.99
366,149,4,1,24.99
367,149,15,1,29.99
368,150,21,2,84.99
369,150,14,1,99.99
370,150,63,1,17.99
371,150,31,2,9.99
372,151,13,1,139.99
373,151,34,2,19.99
374,151,35,2,12.99
375,152,43,1,44.99
376,152,45,3,39.99
377,153,24,3,149.99
378,153,60,2,179.99
379,153,25,2,16.99
380,153,62,3,9.99
381,154,37,3,22.99
382,154,7,1,27.99
383,154,63,3,17.99
384,155,34,3,19.99
385,155,64,2,21.99
386,156,44,3,34.99
387,156,64,1,21.99
388,157,50,1,39.99
389,157,18,1,26.99
390,157,19,2,69.99
391,157,62,2,9.99
392,158,14,2,99.99
393,158,27,3,17.99
394,158,41,3,17.99
395,158,48,2,17.99
396,159,36,2,18.99
397,159,65,1,9.99
398,160,23,1,22.99
399,160,41,2,17.99
400,160,21,2,84.99
401,161,7,2,27.99
402,161,38,1,18.99
403,162,27,1,17.99
404,162,39,2,39.99
405,162,17,1,36.99
406,162,27,3,17.99
407,163,11,2,34.99
408,164,64,2,21.99
409,164,32,1,14.99
410,165,41,1,17.99
411,165,23,2,22.99
412,166,40,1,49.99
413,166,1,2,129.99
414,166,4,2,24.99
415,166,52,2,24.99
416,167,59,3,9.99
417,167,11,2,34.99
418,167,17,2,36.99
419,167,13,1,139.99
420,168,3,3,49.99
421,169,50,1,39.99
422,169,2,3,39.99
423,169,60,2,179.99
424,170,15,3,29.99
425,170,51,2,32.99
426,171,48,1,17.99
427,171,13,3,139.99
428,171,22,1,89.99
429,171,21,3,84.99
430,172,69,3,14.99
431,172,32,2,14.99
432,172,44,2,34.99
433,173,69,3,14.99
434,173,56,3,15.99
435,173,31,3,9.99
436,174,19,3,69.99
437,174,50,3,39.99
438,174,18,2,26.99
439,174,31,1,9.99
440,175,45,2,39.99
441,175,13,2,139.99
442,175,48,2,17.99
443,175,21,1,84.99
444,176,39,2,39.99
445,176,26,2,159.99
446,176,6,2,79.99
447,176,17,3,36.99
448,177,12,2,22.99
449,177,41,3,17.99
450,177,43,1,44.99
451,177,25,2,16.99
452,178,7,2,27.99
453,178,60,2,179.99
454,179,22,2,89.99
455,180,69,1,14.99
456,180,44,1,34.99
457,180,64,1,21.99
458,180,56,3,15.99
459,181,47,3,14.99
460,182,19,2,69.99
461,182,69,3,14.99
462,182,19,3,69.99
463,183,60,2,179.99
464,183,32,2,14.99
465,183,65,1,9.99
466,184,40,2,49.99
467,184,20,2,21.99
468,184,19,2,69.99
469,184,42,2,24.99
470,185,68,1,54.99
471,185,23,2,22.99
472,185,22,1,89.99
473,186,52,2,24.99
474,187,3,2,49.99
475,187,36,3,18.99
476,187,26,3,159.99
477,188,64,2,21.99
478,188,66,3,34.99
479,188,53,2,22.99
480,188,67,3,12.99
481,189,3,1,49.99
482,189,64,1,21.99
483,190,67,3,12.99
484,190,52,3,24.99
485,190,34,2,19.99
486,190,32,2,14.99
487,191,24,3,149.99
488,192,18,3,26.99
489,192,3,3,49.99
490,192,32,2,14.99
491,193,17,3,36.99
492,194,68,1,54.99
493,194,23,2,22.99
494,195,64,3,21.99
495,195,17,3,36.99
496,195,10,2,149.99
497,195,37,2,22.99
498,196,65,3,9.99
499,197,6,1,79.99
500,197,8,2,249.99
501,198,63,2,17.99
502,198,38,3,18.99
503,198,17,3,36.99
504,199,36,1,18.99
505,200,32,1,14.99
506,201,8,3,249.99
507,201,19,1,69.99
508,202,38,2,18.99
509,202,42,1,24.99
510,202,50,1,39.99
511,203,10,1,149.99
512,203,13,3,139.99
513,204,58,2,12.99
514,204,34,2,19.99
515,204,53,3,22.99
516,205,5,3,89.99
517,205,12,1,22.99
518,206,11,2,34.99
519,206,22,3,89.99
520,207,55,1,16.99
521,207,14,2,99.99
522,208,66,3,34.99
523,208,39,1,39.99
524,208,8,1,249.99
525,208,3,3,49.99
526,209,31,1,9.99
527,209,19,2,69.99
528,210,19,1,69.99
529,210,22,2,89.99
530,210,28,2,89.99
531,210,54,1,79.99
532,211,33,1,13.99
533,211,66,2,34.99
534,212,6,2,79.99
535,212,25,1,16.99
536,212,12,1,22.99
537,212,3,3,49.99
538,213,22,1,89.99
539,213,18,1,26.99
540,214,29,1,64.99
541,214,56,1,15.99
542,214,50,2,39.99
543,215,59,3,9.99
544,215,18,1,26.99
545,216,46,1,27.99
546,216,35,1,12.99
547,217,33,2,13.99
548,217,41,1,17.99
549,217,60,3,179.99
550,217,14,1,99.99
551,218,50,1,39.99
552,219,30,3,44.99
553,219,27,1,17.99
554,219,25,2,16.99
555,220,12,2,22.99
556,220,33,2,13.99
557,221,25,3,16.99
558,221,54,3,79.99
559,221,34,2,19.99
560,221,26,1,159.99
561,222,39,1,39.99
562,222,16,2,24.99
563,222,11,1,34.99
564,223,38,3,18.99
565,223,58,1,12.99
566,223,66,2,34.99
567,223,45,3,39.99
568,224,46,1,27.99
569,225,24,3,149.99
570,225,39,1,39.99
571,225,40,3,49.99
572,226,27,1,17.99
573,226,4,1,24.99
574,226,29,3,64.99
575,227,8,1,249.99
576,227,17,1,36.99
577,228,68,3,54.99
578,228,46,2,27.99
579,229,28,3,89.99
580,229,27,3,17.99
581,229,47,1,14.99
582,229,28,3,89.99
583,230,64,2,21.99
584,230,2,2,39.99
585,231,5,3,89.99
586,232,23,3,22.99
587,232,51,2,32.99
588,232,58,3,12.99
589,232,22,3,89.99
590,233,56,3,15.99
591,234,48,1,17.99
592,235,31,1,9.99
593,235,8,3,249.99
594,236,32,1,14.99
595,236,2,3,39.99
596,236,15,2,29.99
597,237,10,2,149.99
598,237,52,3,24.99
599,238,31,2,9.99
600,238,12,2,22.99
601,238,14,3,99.99
602,239,18,1,26.99
603,239,44,1,34.99
604,240,17,2,36.99
605,240,69,1,14.99
606,240,40,3,49.99
607,241,21,3,84.99
608,241,38,1,18.99
609,241,47,1,14.99
610,242,34,2,19.99
611,242,15,2,29.99
612,242,47,3,14.99
613,242,54,3,79.99
614,243,10,2,149.99
615,243,53,2,22.99
616,244,24,2,149.99
617,244,18,1,26.99
618,244,54,3,79.99
619,245,69,2,14.99
620,245,4,2,24.99
621,246,26,1,159.99
622,246,44,3,34.99
623,246,45,1,39.99
624,247,56,3,15.99
625,247,58,2,12.99
626,248,65,3,9.99
627,248,68,1,54.99
628,248,16,1,24.99
629,248,31,1,9.99
630,249,57,3,39.99
631,249,45,3,39.99
632,249,54,2,79.99
633,249,65,3,9.99
634,250,42,1,24.99
635,250,13,1,139.99
636,250,66,3,34.99
637,250,31,2,9.99
638,251,1,1,129.99
639,251,41,2,17.99
640,251,13,1,139.99
641,251,7,1,27.99
642,252,15,1,29.99
643,252,67,2,12.99
644,253,25,3,16.99
645,253,53,3,22.99
646,253,25,3,16.99
647,254,12,3,22.99
648,255,35,3,12.99
649,255,31,3,9.99
650,255,66,1,34.99
651,256,50,3,39.99
652,256,43,3,44.99
653,257,23,1,22.99
654,257,40,3,49.99
655,257,64,3,21.99
656,257,21,1,84.99
657,258,55,1,16.99
658,258,4,1,24.99
659,258,68,3,54.99
660,259,50,3,39.99
661,260,36,2,18.99
662,261,63,1,17.99
663,262,12,1,22.99
664,262,6,1,79.99
665,262,60,1,179.99
666,263,5,1,89.99
667,263,11,3,34.99
668,264,30,1,44.99
669,265,34,1,19.99
670,265,3,3,49.99
671,265,14,2,99.99
672,265,27,3,17.99
673,266,10,2,149.99
674,267,13,1,139.99
675,267,62,2,9.99
676,267,25,3,16.99
677,267,53,3,22.99
678,268,49,2,44.99
679,268,45,2,39.99
680,268,54,1,79.99
681,269,40,1,49.99
682,269,30,1,44.99
683,269,3,1,49.99
684,269,64,2,21.99
685,270,51,1,32.99
686,270,34,1,19.99
687,270,40,3,49.99
688,270,39,1,39.99
689,271,60,3,179.99
690,271,62,3,9.99
691,271,10,2,149.99
692,271,49,1,44.99
693,272,40,2,49.99
694,272,67,3,12.99
695,272,11,2,34.99
696,273,43,2,44.99
697,273,65,1,9.99
698,274,4,3,24.99
699,275,66,2,34.99
700,276,53,2,22.99
701,276,55,3,16.99
702,277,29,1,64.99
703,277,13,3,139.99
704,277,58,1,12.99
705,277,15,2,29.99
706,278,53,3,22.99
707,278,23,3,22.99
708,279,8,2,249.99
709,279,3,3,49.99
710,280,1,3,129.99
711,280,33,1,13.99
712,280,2,1,39.99
713,280,16,2,24.99
714,281,45,1,39.99
715,281,48,2,17.99
716,281,12,2,22.99
717,282,53,2,22.99
718,283,61,2,139.99
719,283,16,1,24.99
720,283,27,3,17.99
721,284,65,3,9.99
722,284,52,3,24.99
723,284,52,3,24.99
724,285,53,1,22.99
725,286,2,1,39.99
726,286,42,2,24.99
727,287,41,3,17.99
728,288,6,2,79.99
729,288,57,1,39.99
730,289,25,3,16.99
731,289,5,3,89.99
732,289,5,3,89.99
733,289,50,1,39.99
734,290,30,3,44.99
735,290,69,2,14.99
736,290,2,3,39.99
737,290,25,1,16.99
738,291,2,2,39.99
739,291,44,1,34.99
740,292,27,2,17.99
741,293,37,2,22.99
742,293,38,2,18.99
743,293,34,1,19.99
744,294,27,1,17.99
745,294,9,3,299.99
746,294,51,1,32.99
747,295,17,2,36.99
748,295,28,1,89.99
749,295,28,2,89.99
750,296,51,3,32.99
751,296,20,3,21.99
752,296,52,2,24.99
753,296,54,1,79.99
754,297,37,1,22.99
755,298,6,1,79.99
756,298,48,3,17.99
757,299,5,3,89.99
758,299,31,1,9.99
759,299,60,1,179.99
760,299,23,1,22.99
761,300,10,2,149.99
762,300,28,3,89.99
763,301,8,1,249.99
764,301,9,3,299.99
765,301,23,2,22.99
766,302,6,2,79.99
767,302,2,1,39.99
768,302,36,1,18.99
769,302,50,3,39.99
770,303,2,2,39.99
771,303,42,3,24.99
772,303,13,3,139.99
773,304,47,3,14.99
774,304,58,1,12.99
775,305,59,3,9.99
776,306,60,3,179.99
777,307,26,1,159.99
778,307,19,1,69.99
779,307,60,3,179.99
780,308,11,1,34.99
781,308,59,1,9.99
782,308,52,2,24.99
783,308,44,2,34.99
784,309,37,1,22.99
785,309,57,1,39.99
786,310,29,2,64.99
787,311,44,2,34.99
788,311,69,3,14.99
789,312,22,2,89.99
790,312,28,2,89.99
791,313,13,2,139.99
792,313,18,2,26.99
793,313,23,3,22.99
794,313,65,1,9.99
795,314,15,1,29.99
796,314,1,1,129.99
797,314,23,2,22.99
798,314,11,2,34.99
799,315,48,3,17.99
800,315,68,2,54.99
801,315,33,3,13.99
802,315,6,3,79.99
803,316,18,2,26.99
804,316,3,2,49.99
805,316,35,3,12.99
806,316,17,2,36.99
807,317,57,1,39.99
808,317,28,2,89.99
809,317,22,1,89.99
810,318,51,3,32.99
811,319,23,3,22.99
812,319,61,2,139.99
813,319,53,2,22.99
814,319,43,3,44.99
815,320,32,3,14.99
816,320,33,2,13.99
817,321,29,2,64.99
818,321,28,2,89.99
819,321,59,1,9.99
820,322,66,3,34.99
821,322,66,2,34.99
822,322,48,3,17.99
823,322,25,1,16.99
824,323,15,2,29.99
825,324,29,2,64.99
826,324,36,2,18.99
827,324,7,3,27.99
828,325,60,2,179.99
829,325,48,1,17.99
830,325,14,3,99.99
831,326,10,1,149.99
832,326,29,2,64.99
833,326,40,1,49.99
834,327,53,3,22.99
835,327,16,2,24.99
836,328,50,3,39.99
837,328,24,2,149.99
838,328,64,3,21.99
839,329,56,2,15.99
840,329,24,1,149.99
841,330,38,3,18.99
842,331,51,1,32.99
843,331,21,2,84.99
844,331,14,1,99.99
845,331,68,2,54.99
846,332,54,1,79.99
847,333,26,3,159.99
848,333,55,1,16.99
849,334,15,3,29.99
850,334,4,1,24.99
851,335,26,1,159.99
852,336,1,1,129.99
853,336,21,3,84.99
854,336,52,2,24.99
855,336,22,1,89.99
856,337,11,1,34.99
857,338,43,3,44.99
858,339,67,2,12.99
859,340,29,2,64.99
860,340,45,1,39.99
861,340,36,1,18.99
862,340,1,1,129.99
863,341,66,3,34.99
864,341,25,1,16.99
865,341,9,3,299.99
866,341,9,3,299.99
867,342,27,2,17.99
868,342,65,2,9.99
869,343,61,3,139.99
870,343,63,3,17.99
871,344,24,3,149.99
872,344,32,2,14.99
873,344,53,3,22.99
874,344,13,1,139.99
875,345,34,3,19.99
876,346,13,1,139.99
877,346,1,1,129.99
878,346,34,1,19.99
879,346,9,1,299.99
880,347,30,1,44.99
881,347,24,2,149.99
882,348,37,3,22.99
883,348,28,2,89.99
884,348,49,3,44.99
885,348,53,2,22.99
886,349,43,3,44.99
887,350,12,3,22.99
888,350,44,3,34.99
889,351,37,1,22.99
890,351,58,1,12.99
891,351,65,3,9.99
892,351,22,1,89.99
893,352,11,1,34.99
894,353,33,3,13.99
895,354,46,3,27.99
896,355,14,2,99.99
897,355,48,1,17.99
898,355,17,1,36.99
899,356,32,2,14.99
900,356,14,2,99.99
901,357,30,2,44.99
902,357,28,2,89.99
903,357,53,2,22.99
904,358,55,3,16.99
905,358,66,1,34.99
906,359,27,1,17.99
907,359,33,2,13.99
908,359,38,2,18.99
909,360,69,3,14.99
910,361,42,2,24.99
911,361,8,2,249.99
912,361,50,1,39.99
913,361,35,2,12.99
914,362,51,2,32.99
915,363,44,2,34.99
916,363,58,1,12.99
917,363,13,2,139.99
918,363,61,3,139.99
919,364,28,2,89.99
920,364,63,1,17.99
921,364,38,3,18.99
922,365,53,1,22.99
923,366,69,3,14.99
924,366,65,2,9.99
925,366,68,3,54.99
926,367,49,3,44.99
927,368,49,1,44.99
928,368,33,1,13.99
929,368,45,1,39.99
930,368,68,2,54.99
931,369,6,2,79.99
932,369,56,1,15.99
933,369,33,3,13.99
934,370,33,1,13.99
935,370,50,2,39.99
936,371,62,2,9.99
937,372,1,2,129.99
938,373,33,2,13.99
939,373,58,3,12.99
940,374,48,1,17.99
941,374,19,2,69.99
942,375,55,1,16.99
943,375,50,3,39.99
944,375,39,3,39.99
945,375,1,1,129.99
946,376,66,2,34.99
947,376,20,2,21.99
948,376,53,1,22.99
949,377,25,1,16.99
950,377,22,3,89.99
951,377,57,3,39.99
952,378,60,3,179.99
953,378,4,2,24.99
954,378,13,2,139.99
955,378,5,3,89.99
956,379,16,3,24.99
957,380,49,2,44.99
958,380,3,3,49.99
959,381,46,2,27.99
960,381,20,2,21.99
961,381,37,1,22.99
962,381,37,3,22.99
963,382,4,2,24.99
964,382,11,3,34.99
965,382,25,2,16.99
966,382,34,3,19.99
967,383,68,3,54.99
968,383,43,3,44.99
969,383,64,3,21.99
970,384,9,1,299.99
971,384,11,2,34.99
972,384,64,1,21.99
973,384,5,3,89.99
974,385,58,2,12.99
975,385,48,1,17.99
976,385,47,3,14.99
977,385,40,1,49.99
978,386,64,3,21.99
979,386,41,2,17.99
980,386,65,2,9.99
981,386,36,2,18.99
982,387,58,1,12.99
983,387,40,1,49.99
984,388,21,1,84.99
985,388,9,2,299.99
986,388,33,3,13.99
987,388,69,3,14.99
988,389,48,1,17.99
989,389,17,2,36.99
990,389,24,2,149.99
991,390,9,3,299.99
992,390,3,1,49.99
993,391,69,1,14.99
994,392,49,2,44.99
995,392,63,1,17.99
996,393,9,3,299.99
997,393,30,3,44.99
998,393,6,3,79.99
999,394,25,1,16.99
1000,394,38,3,18.99
1001,395,8,2,249.99
1002,395,46,1,27.99
1003,396,49,1,44.99
1004,396,61,2,139.99
1005,396,21,1,84.99
1006,397,34,3,19.99
1007,397,21,1,84.99
1008,397,16,2,24.99
1009,397,43,3,44.99
1010,398,66,2,34.99
1011,398,67,3,12.99
1012,398,59,3,9.99
1013,398,31,1,9.99
1014,399,63,1,17.99
1015,399,47,1,14.99
1016,400,13,1,139.99
1017,400,57,3,39.99
1018,400,65,1,9.99
1019,400,24,2,149.99
1020,401,40,2,49.99
1021,401,67,3,12.99
1022,401,10,1,149.99
1023,401,64,3,21.99
1024,402,46,2,27.99
1025,402,54,1,79.99
1026,403,3,3,49.99
1027,403,58,1,12.99
1028,404,39,2,39.99
1029,404,15,3,29.99
1030,404,6,2,79.99
1031,404,40,1,49.99
1032,405,69,2,14.99
1033,406,18,1,26.99
1034,406,62,2,9.99
1035,407,42,2,24.99
1036,408,57,1,39.99
1037,408,5,2,89.99
1038,409,30,1,44.99
1039,409,50,3,39.99
1040,409,43,1,44.99
1041,410,12,3,22.99
1042,410,48,3,17.99
1043,410,33,2,13.99
1044,411,1,1,129.99
1045,411,65,1,9.99
1046,411,53,2,22.99
1047,412,27,1,17.99
1048,412,22,3,89.99
1049,412,40,3,49.99
1050,412,4,3,24.99
1051,413,57,2,39.99
1052,413,56,1,15.99
1053,414,29,3,64.99
1054,414,47,2,14.99
1055,415,13,3,139.99
1056,416,44,2,34.99
1057,416,3,1,49.99
1058,416,66,3,34.99
1059,416,51,2,32.99
1060,417,54,2,79.99
1061,417,32,1,14.99
1062,417,56,1,15.99
1063,418,30,1,44.99
1064,418,27,3,17.99
1065,419,61,1,139.99
1066,419,66,3,34.99
1067,420,8,2,249.99
1068,420,39,2,39.99
1069,420,44,1,34.99
1070,421,1,3,129.99
1071,421,39,2,39.99
1072,422,23,3,22.99
1073,422,57,3,39.99
1074,422,38,1,18.99
1075,422,66,3,34.99
1076,423,19,1,69.99
1077,423,30,1,44.99
1078,423,56,3,15.99
1079,423,31,1,9.99
1080,424,11,2,34.99
1081,425,27,2,17.99
1082,425,46,2,27.99
1083,425,2,1,39.99
1084,425,39,3,39.99
1085,426,57,3,39.99
1086,426,32,3,14.99
1087,426,31,1,9.99
1088,426,15,1,29.99
1089,427,4,2,24.99
1090,428,6,2,79.99
1091,428,40,3,49.99
1092,429,9,1,299.99
1093,429,66,2,34.99
1094,429,57,2,39.99
1095,430,62,3,9.99
1096,430,62,1,9.99
1097,430,64,2,21.99
1098,431,13,3,139.99
1099,432,48,1,17.99
1100,432,35,1,12.99
1101,433,63,2,17.99
1102,434,44,1,34.99
1103,434,8,3,249.99
1104,435,60,2,179.99
1105,435,9,2,299.99
1106,436,4,1,24.99
1107,436,67,3,12.99
1108,436,64,1,21.99
1109,436,55,1,16.99
1110,437,67,2,12.99
1111,437,66,1,34.99
1112,438,11,2,34.99
1113,438,40,1,49.99
1114,438,36,2,18.99
1115,439,47,2,14.99
1116,439,55,1,16.99
1117,439,2,1,39.99
1118,439,22,3,89.99
1119,440,5,3,89.99
1120,440,35,3,12.99
1121,441,49,2,44.99
1122,442,43,2,44.99
1123,443,7,1,27.99
1124,444,45,2,39.99
1125,444,68,1,54.99
1126,444,52,2,24.99
1127,445,54,1,79.99
1128,445,44,2,34.99
1129,445,69,1,14.99
1130,446,11,2,34.99
1131,447,7,2,27.99
1132,447,42,3,24.99
1133,448,8,1,249.99
1134,448,55,3,16.99
1135,448,1,2,129.99
1136,448,62,2,9.99
1137,449,64,3,21.99
1138,449,15,1,29.99
1139,449,55,3,16.99
1140,450,30,3,44.99
1141,450,29,1,64.99
1142,450,69,1,14.99
1143,451,43,3,44.99
1144,451,61,2,139.99
1145,451,5,3,89.99
1146,452,60,2,179.99
1147,452,7,2,27.99
1148,452,67,2,12.99
1149,453,31,3,9.99
1150,454,27,3,17.99
1151,454,37,2,22.99
1152,454,46,3,27.99
1153,455,40,2,49.99
1154,455,38,2,18.99
1155,456,55,3,16.99
1156,457,63,1,17.99
1157,457,66,3,34.99
1158,458,51,2,32.99
1159,458,41,3,17.99
1160,458,41,2,17.99
1161,458,68,3,54.99
1162,459,50,3,39.99
1163,459,19,1,69.99
1164,459,50,2,39.99
1165,459,5,2,89.99
1166,460,13,3,139.99
1167,460,20,2,21.99
1168,460,63,3,17.99
1169,461,54,2,79.99
1170,461,48,2,17.99
1171,462,55,3,16.99
1172,463,67,2,12.99
1173,463,3,2,49.99
1174,464,55,2,16.99
1175,464,30,2,44.99
1176,465,23,3,22.99
1177,465,15,2,29.99
1178,466,55,1,16.99
1179,466,12,3,22.99
1180,466,66,1,34.99
1181,467,13,1,139.99
1182,467,38,3,18.99
1183,467,61,1,139.99
1184,467,47,2,14.99
1185,468,69,1,14.99
1186,468,34,2,19.99
1187,468,24,1,149.99
1188,468,10,2,149.99
1189,469,59,1,9.99
1190,469,4,1,24.99
1191,470,59,3,9.99
1192,470,10,2,149.99
1193,471,33,3,13.99
1194,471,64,2,21.99
1195,471,25,3,16.99
1196,471,27,1,17.99
1197,472,27,3,17.99
1198,472,52,2,24.99
1199,472,52,2,24.99
1200,473,17,3,36.99
1201,473,46,3,27.99
1202,474,23,2,22.99
1203,475,48,1,17.99
1204,475,58,2,12.99
1205,476,38,2,18.99
1206,477,48,3,17.99
1207,478,30,2,44.99
1208,478,3,1,49.99
1209,479,9,3,299.99
1210,479,5,3,89.99
1211,479,16,1,24.99
1212,479,52,2,24.99
1213,480,42,2,24.99
1214,481,15,1,29.99
1215,481,39,1,39.99
1216,482,20,3,21.99
1217,482,30,2,44.99
1218,482,39,1,39.99
1219,482,45,1,39.99
1220,483,52,2,24.99
1221,484,67,3,12.99
1222,485,34,2,19.99
1223,485,38,2,18.99
1224,485,64,1,21.99
1225,486,64,1,21.99
1226,486,65,1,9.99
1227,487,57,3,39.99
1228,488,12,1,22.99
1229,489,3,1,49.99
1230,489,7,3,27.99
1231,489,23,2,22.99
1232,490,56,3,15.99
1233,490,42,3,24.99
1234,490,10,3,149.99
1235,490,23,2,22.99
1236,491,23,2,22.99
1237,491,8,1,249.99
1238,492,15,1,29.99
1239,492,69,2,14.99
1240,492,64,3,21.99
1241,492,49,3,44.99
1242,493,55,2,16.99
1243,493,40,3,49.99
1244,493,54,3,79.99
1245,493,34,1,19.99
1246,494,8,2,249.99
1247,494,8,1,249.99
1248,494,9,2,299.99
1249,495,17,3,36.99
1250,495,4,1,24.99
1251,495,66,2,34.99
1252,495,33,2,13.99
1253,496,18,3,26.99
1254,496,7,2,27.99
1255,497,50,2,39.99
1256,497,24,1,149.99
1257,498,32,2,14.99
1258,498,44,3,34.99
1259,498,65,3,9.99
1260,498,2,3,39.99
1261,499,59,1,9.99
1262,500,31,2,9.99
1263,500,45,2,39.99
1264,500,16,3,24.99
1265,501,12,1,22.99
1266,501,67,2,12.99
1267,501,64,3,21.99
1268,502,40,2,49.99
1269,502,15,1,29.99
1270,503,23,2,22.99
1271,503,61,1,139.99
1272,503,42,1,24.99
1273,503,49,2,44.99
1274,504,54,3,79.99
1275,504,23,3,22.99
1276,504,10,1,149.99
1277,505,33,1,13.99
1278,506,45,3,39.99
1279,507,67,1,12.99
1280,507,69,2,14.99
1281,507,8,1,249.99
1282,507,16,1,24.99
1283,508,17,2,36.99
1284,508,10,2,149.99
1285,508,34,3,19.99
1286,509,15,2,29.99
1287,509,21,2,84.99
1288,509,60,1,179.99
1289,509,38,1,18.99
1290,510,69,2,14.99
1291,510,65,3,9.99
1292,510,48,3,17.99
1293,510,55,2,16.99
1294,511,1,3,129.99
1295,512,66,2,34.99
1296,512,56,1,15.99
1297,513,28,3,89.99
1298,514,50,1,39.99
1299,514,15,3,29.99
1300,514,27,2,17.99
1301,514,36,3,18.99
1302,515,56,1,15.99
1303,515,44,1,34.99
1304,515,53,2,22.99
1305,515,48,1,17.99
1306,516,52,3,24.99
1307,516,46,2,27.99
1308,516,59,1,9.99
1309,516,5,3,89.99
1310,517,10,2,149.99
1311,517,25,1,16.99
1312,517,35,1,12.99
1313,518,37,2,22.99
1314,518,22,2,89.99
1315,519,58,1,12.99
1316,519,49,2,44.99
1317,520,10,2,149.99
1318,520,1,2,129.99
1319,520,60,2,179.99
1320,521,5,2,89.99
1321,521,64,2,21.99
1322,521,69,3,14.99
1323,522,11,1,34.99
1324,522,41,1,17.99
1325,522,57,1,39.99
1326,522,26,2,159.99
1327,523,43,3,44.99
1328,523,63,3,17.99
1329,524,65,1,9.99
1330,525,25,3,16.99
1331,525,48,2,17.99
1332,525,61,2,139.99
1333,525,38,3,18.99
1334,526,38,1,18.99
1335,526,29,1,64.99
1336,526,68,3,54.99
1337,526,63,1,17.99
1338,527,38,2,18.99
1339,527,40,2,49.99
1340,527,63,3,17.99
1341,527,9,3,299.99
1342,528,8,2,249.99
1343,528,28,2,89.99
1344,528,39,3,39.99
1345,528,6,1,79.99
1346,529,48,1,17.99
1347,529,65,1,9.99
1348,529,35,2,12.99
1349,530,3,3,49.99
1350,530,53,3,22.99
1351,530,16,2,24.99
1352,531,64,3,21.99
1353,531,12,3,22.99
1354,531,53,1,22.99
1355,531,3,2,49.99
1356,532,62,3,9.99
1357,533,23,2,22.99
1358,533,69,1,14.99
1359,534,9,1,299.99
1360,534,11,3,34.99
1361,534,52,1,24.99
1362,534,60,2,179.99
1363,535,16,1,24.99
1364,535,33,2,13.99
1365,535,62,2,9.99
1366,536,16,1,24.99
1367,536,13,2,139.99
1368,537,44,2,34.99
1369,537,59,2,9.99
1370,537,39,3,39.99
1371,538,31,2,9.99
1372,538,68,3,54.99
1373,538,40,1,49.99
1374,539,11,3,34.99
1375,539,64,2,21.99
1376,539,14,1,99.99
1377,540,45,1,39.99
1378,540,3,2,49.99
1379,541,9,2,299.99
1380,541,25,1,16.99
1381,541,41,2,17.99
1382,542,27,1,17.99
1383,542,54,1,79.99
1384,542,13,3,139.99
1385,543,57,2,39.99
1386,543,68,2,54.99
1387,543,21,1,84.99
1388,544,58,2,12.99
1389,545,35,2,12.99
1390,545,42,1,24.99
1391,545,2,2,39.99
1392,546,26,1,159.99
1393,547,34,3,19.99
1394,548,35,3,12.99
1395,548,21,2,84.99
1396,548,9,3,299.99
1397,548,41,2,17.99
1398,549,26,1,159.99
1399,549,63,2,17.99
1400,550,44,3,34.99
1401,550,47,1,14.99
1402,550,3,2,49.99
1403,550,45,2,39.99
1404,551,33,3,13.99
1405,551,10,2,149.99
1406,551,32,2,14.99
1407,552,38,1,18.99
1408,553,56,3,15.99
1409,553,6,1,79.99
1410,553,26,3,159.99
1411,553,27,1,17.99
1412,554,49,3,44.99
1413,554,55,3,16.99
1414,554,43,1,44.99
1415,554,35,1,12.99
1416,555,50,1,39.99
1417,555,57,2,39.99
1418,556,37,1,22.99
1419,557,67,3,12.99
1420,557,60,2,179.99
1421,558,53,1,22.99
1422,558,21,1,84.99
1423,558,48,1,17.99
1424,558,23,2,22.99
1425,559,51,2,32.99
1426,560,68,3,54.99
1427,560,64,3,21.99
1428,560,51,2,32.99
1429,561,43,3,44.99
1430,561,10,3,149.99
1431,561,16,3,24.99
1432,562,36,3,18.99
1433,562,30,3,44.99
1434,563,40,2,49.99
1435,564,39,2,39.99
1436,564,25,2,16.99
1437,565,28,3,89.99
1438,565,10,1,149.99
1439,566,28,1,89.99
1440,566,68,3,54.99
1441,567,3,1,49.99
1442,567,41,2,17.99
1443,568,1,1,129.99
1444,568,25,3,16.99
1445,568,49,2,44.99
1446,568,4,2,24.99
1447,569,2,1,39.99
1448,569,42,1,24.99
1449,570,2,1,39.99
1450,570,26,3,159.99
1451,571,14,1,99.99
1452,571,45,2,39.99
1453,571,29,3,64.99
1454,572,12,2,22.99
1455,572,12,1,22.99
1456,573,32,3,14.99
1457,573,12,1,22.99
1458,574,61,1,139.99
1459,574,32,2,14.99
1460,574,57,1,39.99
1461,575,64,3,21.99
1462,575,37,1,22.99
1463,575,54,2,79.99
1464,575,59,1,9.99
1465,576,25,1,16.99
1466,577,3,2,49.99
1467,577,61,2,139.99
1468,577,27,1,17.99
1469,578,43,2,44.99
1470,579,34,2,19.99
1471,579,23,3,22.99
1472,579,66,3,34.99
1473,580,68,2,54.99
1474,581,66,2,34.99
1475,582,4,1,24.99
1476,582,64,2,21.99
1477,582,6,3,79.99
1478,582,19,1,69.99
1479,583,5,1,89.99
1480,583,60,1,179.99
1481,584,56,3,15.99
1482,584,38,2,18.99
1483,584,8,2,249.99
1484,584,4,3,24.99
1485,585,27,3,17.99
1486,586,32,3,14.99
1487,586,15,1,29.99
1488,586,64,2,21.99
1489,586,36,2,18.99
1490,587,20,1,21.99
1491,587,51,2,32.99
1492,588,17,3,36.99
1493,588,37,1,22.99
1494,589,43,3,44.99
1495,589,52,2,24.99
1496,589,52,3,24.99
1497,589,29,1,64.99
1498,590,28,3,89.99
1499,590,60,3,179.99
1500,590,50,1,39.99
1501,591,66,2,34.99
1502,592,27,3,17.99
1503,593,55,3,16.99
1504,593,40,3,49.99
1505,594,63,3,17.99
1506,594,47,3,14.99
1507,594,55,2,16.99
1508,594,66,3,34.99
1509,595,47,3,14.99
1510,595,24,3,149.99
1511,595,29,3,64.99
1512,596,7,3,27.99
1513,597,29,1,64.99
1514,598,64,3,21.99
1515,598,33,3,13.99
1516,599,10,1,149.99
1517,599,50,2,39.99
1518,599,31,2,9.99
1519,600,19,1,69.99
1520,601,56,2,15.99
1521,602,53,1,22.99
1522,603,22,1,89.99
1523,603,12,1,22.99
1524,603,31,2,9.99
1525,603,53,3,22.99
1526,604,32,2,14.99
1527,605,12,3,22.99
1528,605,34,2,19.99
1529,606,21,3,84.99
1530,606,43,2,44.99
1531,606,63,2,17.99
1532,606,54,2,79.99
1533,607,48,1,17.99
1534,607,52,1,24.99
1535,607,63,3,17.99
1536,607,33,3,13.99
1537,608,12,3,22.99
1538,609,29,1,64.99
1539,609,21,1,84.99
1540,609,2,2,39.99
1541,609,46,3,27.99
1542,610,64,3,21.99
1543,610,46,1,27.99
1544,610,22,3,89.99
1545,611,19,1,69.99
1546,611,64,1,21.99
1547,612,28,1,89.99
1548,612,31,1,9.99
1549,612,60,2,179.99
1550,612,34,2,19.99
1551,613,44,2,34.99
1552,613,7,1,27.99
1553,613,9,3,299.99
1554,613,39,2,39.99
1555,614,2,2,39.99
1556,614,13,3,139.99
1557,614,13,1,139.99
1558,614,54,3,79.99
1559,615,67,3,12.99
1560,615,5,2,89.99
1561,616,69,3,14.99
1562,616,41,1,17.99
1563,616,13,2,139.99
1564,617,4,1,24.99
1565,617,45,3,39.99
1566,618,32,1,14.99
1567,618,44,1,34.99
1568,618,60,3,179.99
1569,618,52,1,24.99
1570,619,37,2,22.99
1571,620,69,2,14.99
1572,620,51,1,32.99
1573,621,3,3,49.99
1574,621,48,2,17.99
1575,621,41,2,17.99
1576,622,54,2,79.99
1577,622,44,2,34.99
1578,623,24,2,149.99
1579,623,30,2,44.99
1580,624,30,2,44.99
1581,624,59,2,9.99
1582,625,13,3,139.99
1583,625,66,1,34.99
1584,626,58,1,12.99
1585,626,61,2,139.99
1586,626,3,2,49.99
1587,626,62,3,9.99
1588,627,58,2,12.99
1589,628,53,2,22.99
1590,629,23,2,22.99
1591,629,10,3,149.99
1592,629,41,2,17.99
1593,630,43,2,44.99
1594,630,28,2,89.99
1595,630,3,1,49.99
1596,631,8,1,249.99
1597,631,52,3,24.99
1598,631,12,3,22.99
1599,632,40,3,49.99
1600,633,60,2,179.99
1601,634,68,2,54.99
1602,634,26,3,159.99
1603,634,20,3,21.99
1604,635,6,1,79.99
1605,636,6,1,79.99
1606,636,59,2,9.99
1607,636,36,3,18.99
1608,637,23,2,22.99
1609,637,9,3,299.99
1610,637,29,3,64.99
1611,638,42,1,24.99
1612,638,22,2,89.99
1613,638,41,2,17.99
1614,639,24,2,149.99
1615,639,50,3,39.99
1616,639,33,2,13.99
1617,640,39,2,39.99
1618,640,40,3,49.99
1619,640,57,2,39.99
1620,641,50,1,39.99
1621,641,51,1,32.99
1622,641,29,3,64.99
1623,641,23,2,22.99
1624,642,27,3,17.99
1625,642,21,2,84.99
1626,642,11,2,34.99
1627,643,29,3,64.99
1628,643,52,3,24.99
1629,643,33,1,13.99
1630,644,49,3,44.99
1631,644,20,3,21.99
1632,644,7,1,27.99
1633,644,10,2,149.99
1634,645,60,3,179.99
1635,645,4,2,24.99
1636,646,51,3,32.99
1637,646,23,2,22.99
1638,646,35,1,12.99
1639,647,10,1,149.99
1640,647,48,2,17.99
1641,647,59,1,9.99
1642,648,11,2,34.99
1643,648,31,1,9.99
1644,648,13,2,139.99
1645,648,33,2,13.99
1646,649,47,1,14.99
1647,649,66,1,34.99
1648,649,67,1,12.99
1649,650,51,2,32.99
1650,650,16,3,24.99
1651,651,28,1,89.99
1652,651,63,3,17.99
1653,652,22,2,89.99
1654,652,2,1,39.99
1655,652,40,3,49.99
1656,653,65,1,9.99
1657,653,7,3,27.99
1658,653,21,3,84.99
1659,654,39,3,39.99
1660,654,4,2,24.99
1661,655,13,3,139.99
1662,656,2,3,39.99
1663,657,26,3,159.99
1664,657,38,2,18.99
1665,657,3,2,49.99
1666,658,15,3,29.99
1667,658,6,1,79.99
1668,659,46,1,27.99
1669,659,56,2,15.99
1670,659,20,3,21.99
1671,660,24,3,149.99
1672,660,30,2,44.99
1673,661,61,1,139.99
1674,661,9,1,299.99
1675,661,25,2,16.99
1676,662,37,2,22.99
1677,662,7,3,27.99
1678,662,4,2,24.99
1679,663,40,1,49.99
1680,664,68,3,54.99
1681,664,46,2,27.99
1682,664,59,2,9.99
1683,665,9,3,299.99
1684,665,32,3,14.99
1685,665,30,1,44.99
1686,665,67,1,12.99
1687,666,28,3,89.99
1688,666,34,1,19.99
1689,666,49,3,44.99
1690,666,66,1,34.99
1691,667,14,2,99.99
1692,668,36,3,18.99
1693,668,17,3,36.99
1694,668,4,2,24.99
1695,668,50,2,39.99
1696,669,67,1,12.99
1697,670,60,2,179.99
1698,670,53,2,22.99
1699,670,46,1,27.99
1700,671,32,1,14.99
1701,671,59,2,9.99
1702,671,61,3,139.99
1703,672,5,2,89.99
1704,672,42,1,24.99
1705,673,18,2,26.99
1706,673,9,2,299.99
1707,674,12,3,22.99
1708,674,29,3,64.99
1709,674,16,1,24.99
1710,675,53,3,22.99
1711,675,39,3,39.99
1712,675,48,3,17.99
1713,676,67,3,12.99
1714,676,68,2,54.99
1715,677,58,1,12.99
1716,677,27,2,17.99
1717,677,56,3,15.99
1718,678,28,3,89.99
1719,679,66,2,34.99
1720,680,32,2,14.99
1721,680,26,1,159.99
1722,680,64,3,21.99
1723,681,25,1,16.99
1724,682,42,3,24.99
1725,682,44,2,34.99
1726,683,20,2,21.99
1727,683,19,1,69.99
1728,683,30,1,44.99
1729,684,62,3,9.99
1730,684,34,3,19.99
1731,684,5,2,89.99
1732,684,59,2,9.99
1733,685,45,2,39.99
1734,685,26,3,159.99
1735,685,26,1,159.99
1736,686,60,1,179.99
1737,687,16,3,24.99
1738,688,21,2,84.99
1739,688,19,1,69.99
1740,688,22,2,89.99
1741,689,56,3,15.99
1742,689,66,1,34.99
1743,690,35,1,12.99
1744,691,42,1,24.99
1745,692,61,2,139.99
1746,692,62,3,9.99
1747,692,2,1,39.99
1748,692,33,2,13.99
1749,693,34,2,19.99
1750,693,34,1,19.99
1751,693,61,2,139.99
1752,694,44,2,34.99
1753,694,66,1,34.99
1754,694,27,3,17.99
1755,694,55,2,16.99
1756,695,9,2,299.99
1757,695,26,3,159.99
1758,696,15,2,29.99
1759,696,38,3,18.99
1760,696,34,3,19.99
1761,696,13,1,139.99
1762,697,1,2,129.99
1763,697,61,2,139.99
1764,698,35,3,12.99
1765,698,29,3,64.99
1766,698,20,1,21.99
1767,698,41,1,17.99
1768,699,1,1,129.99
1769,700,3,3,49.99
1770,700,17,2,36.99
1771,701,68,1,54.99
1772,701,24,2,149.99
1773,701,45,2,39.99
1774,702,62,1,9.99
1775,702,11,1,34.99
1776,702,68,1,54.99
1777,702,7,2,27.99
1778,703,20,3,21.99
1779,703,68,3,54.99
1780,703,65,3,9.99
1781,703,64,2,21.99
1782,704,69,2,14.99
1783,705,58,2,12.99
1784,705,2,2,39.99
1785,705,55,1,16.99
1786,706,24,1,149.99
1787,706,67,1,12.99
1788,706,14,2,99.99
1789,706,12,3,22.99
1790,707,61,3,139.99
1791,707,38,1,18.99
1792,707,30,2,44.99
1793,707,14,2,99.99
1794,708,47,2,14.99
1795,708,55,1,16.99
1796,708,4,2,24.99
1797,708,57,3,39.99
1798,709,64,3,21.99
1799,709,46,2,27.99
1800,709,12,3,22.99
1801,709,24,3,149.99
1802,710,24,1,149.99
1803,710,10,1,149.99
1804,711,40,1,49.99
1805,711,58,3,12.99
1806,712,31,1,9.99
1807,712,12,2,22.99
1808,713,23,1,22.99
1809,713,39,3,39.99
1810,713,59,2,9.99
1811,713,68,2,54.99
1812,714,7,2,27.99
1813,714,42,1,24.99
1814,714,33,2,13.99
1815,715,51,3,32.99
1816,715,14,3,99.99
1817,715,69,1,14.99
1818,715,13,1,139.99
1819,716,28,2,89.99
1820,716,63,1,17.99
1821,716,31,2,9.99
1822,716,13,2,139.99
1823,717,8,3,249.99
1824,717,27,3,17.99
1825,718,37,2,22.99
1826,719,14,2,99.99
1827,720,15,2,29.99
1828,721,61,1,139.99
1829,722,52,2,24.99
1830,722,3,1,49.99
1831,722,6,3,79.99
1832,723,50,3,39.99
1833,723,32,2,14.99
1834,723,25,1,16.99
1835,724,3,1,49.99
1836,724,18,1,26.99
1837,725,20,3,21.99
1838,726,66,3,34.99
1839,726,34,3,19.99
1840,726,38,2,18.99
1841,727,38,2,18.99
1842,728,51,2,32.99
1843,728,48,3,17.99
1844,728,24,2,149.99
1845,729,55,2,16.99
1846,729,25,1,16.99
1847,730,11,2,34.99
1848,731,46,1,27.99
1849,731,50,1,39.99
1850,731,50,1,39.99
1851,732,35,3,12.99
1852,732,30,1,44.99
1853,732,49,3,44.99
1854,732,39,3,39.99
1855,733,27,1,17.99
1856,733,4,1,24.99
1857,734,37,1,22.99
1858,734,13,2,139.99
1859,734,59,3,9.99
1860,734,21,1,84.99
1861,735,19,2,69.99
1862,735,10,3,149.99
1863,736,49,3,44.99
1864,736,46,2,27.99
1865,736,15,3,29.99
1866,736,69,3,14.99
1867,737,33,1,13.99
1868,738,6,3,79.99
1869,739,68,3,54.99
1870,739,30,2,44.99
1871,740,35,3,12.99
1872,740,65,1,9.99
1873,740,16,1,24.99
1874,740,62,1,9.99
1875,741,50,1,39.99
1876,741,27,3,17.99
1877,741,56,1,15.99
1878,741,66,2,34.99
1879,742,58,2,12.99
1880,742,43,1,44.99
1881,742,11,1,34.99
1882,743,55,2,16.99
1883,743,55,1,16.99
1884,744,13,1,139.99
1885,744,17,3,36.99
1886,744,66,2,34.99
1887,744,59,2,9.99
1888,745,66,3,34.99
1889,745,43,2,44.99
1890,745,23,1,22.99
1891,746,50,3,39.99
1892,746,69,2,14.99
1893,746,38,1,18.99
1894,746,16,2,24.99
1895,747,64,1,21.99
1896,747,16,2,24.99
1897,748,4,1,24.99
1898,748,18,3,26.99
1899,749,62,2,9.99
1900,749,29,1,64.99
1901,749,57,2,39.99
1902,750,49,2,44.99
1903,750,48,3,17.99
1904,751,16,1,24.99
1905,751,55,1,16.99
1906,751,64,2,21.99
1907,752,62,3,9.99
1908,752,13,2,139.99
1909,752,19,3,69.99
1910,753,42,2,24.99
1911,753,22,1,89.99
1912,753,40,3,49.99
1913,754,36,2,18.99
1914,754,53,2,22.99
1915,754,62,1,9.99
1916,755,33,3,13.99
1917,755,9,3,299.99
1918,755,10,3,149.99
1919,755,31,1,9.99
1920,756,24,1,149.99
1921,756,7,3,27.99
1922,757,68,1,54.99
1923,757,39,3,39.99
1924,757,67,1,12.99
1925,758,2,2,39.99
1926,758,16,1,24.99
1927,759,45,2,39.99
1928,759,9,3,299.99
1929,759,39,2,39.99
1930,760,33,2,13.99
1931,760,67,2,12.99
1932,760,10,2,149.99
1933,760,64,1,21.99
1934,761,67,2,12.99
1935,761,20,1,21.99
1936,761,43,3,44.99
1937,761,8,1,249.99
1938,762,22,3,89.99
1939,762,33,3,13.99
1940,762,8,2,249.99
1941,763,56,2,15.99
1942,763,52,3,24.99
1943,763,63,1,17.99
1944,763,28,3,89.99
1945,764,43,1,44.99
1946,764,31,2,9.99
1947,765,27,1,17.99
1948,765,25,3,16.99
1949,765,32,2,14.99
1950,766,36,2,18.99
1951,766,51,1,32.99
1952,766,27,3,17.99
1953,767,4,2,24.99
1954,767,41,3,17.99
1955,767,48,3,17.99
1956,768,35,3,12.99
1957,769,66,2,34.99
1958,770,58,1,12.99
1959,770,38,1,18.99
1960,771,52,1,24.99
1961,771,64,3,21.99
1962,771,64,3,21.99
1963,771,3,3,49.99
1964,772,34,2,19.99
1965,772,7,3,27.99
1966,773,65,1,9.99
1967,773,33,2,13.99
1968,774,55,2,16.99
1969,774,23,2,22.99
1970,774,11,3,34.99
1971,774,69,1,14.99
1972,775,11,2,34.99
1973,775,5,3,89.99
1974,776,53,1,22.99
1975,776,65,2,9.99
1976,776,60,3,179.99
1977,776,8,1,249.99
1978,777,40,1,49.99
1979,777,43,1,44.99
1980,777,31,2,9.99
1981,777,66,2,34.99
1982,778,10,2,149.99
1983,778,22,2,89.99
1984,779,6,3,79.99
1985,779,23,3,22.99
1986,779,24,1,149.99
1987,780,37,3,22.99
1988,780,44,2,34.99
1989,780,19,2,69.99
1990,780,28,2,89.99
1991,781,63,1,17.99
1992,781,57,3,39.99
1993,781,37,1,22.99
1994,781,42,1,24.99
1995,782,53,3,22.99
1996,782,36,3,18.99
1997,782,7,1,27.99
1998,782,6,2,79.99
1999,783,7,2,27.99
2000,783,61,2,139.99
2001,783,54,2,79.99
2002,783,69,2,14.99
2003,784,47,2,14.99
2004,784,55,1,16.99
2005,785,26,1,159.99
2006,785,36,2,18.99
2007,785,37,3,22.99
2008,786,23,1,22.99
2009,786,6,3,79.99
2010,786,37,2,22.99
2011,786,18,1,26.99
2012,787,34,1,19.99
2013,787,23,1,22.99
2014,788,59,3,9.99
2015,788,49,3,44.99
2016,789,32,2,14.99
2017,789,65,3,9.99
2018,789,52,2,24.99
2019,789,52,3,24.99
2020,790,29,3,64.99
2021,790,24,2,149.99
2022,790,40,2,49.99
2023,790,69,3,14.99
2024,791,12,1,22.99
2025,792,17,2,36.99
2026,792,3,2,49.99
2027,792,45,2,39.99
2028,792,66,1,34.99
2029,793,60,2,179.99
2030,793,44,3,34.99
2031,793,19,3,69.99
2032,793,37,1,22.99
2033,794,2,1,39.99
2034,794,18,2,26.99
2035,795,26,2,159.99
2036,796,64,2,21.99
2037,796,22,3,89.99
2038,796,41,3,17.99
2039,796,25,1,16.99
2040,797,48,1,17.99
2041,797,68,3,54.99
2042,798,6,2,79.99
2043,798,37,3,22.99
2044,799,13,2,139.99
2045,799,66,1,34.99
2046,799,24,3,149.99
2047,799,63,2,17.99
2048,800,60,2,179.99
2049,800,14,1,99.99
2050,800,69,1,14.99
2051,801,1,2,129.99
2052,801,19,2,69.99
2053,802,18,3,26.99
2054,803,37,3,22.99
2055,803,55,1,16.99
2056,803,9,3,299.99
2057,804,22,1,89.99
2058,804,44,3,34.99
2059,805,44,2,34.99
2060,805,26,3,159.99
2061,805,28,1,89.99
2062,805,11,3,34.99
2063,806,40,3,49.99
2064,806,31,3,9.99
2065,806,12,3,22.99
2066,807,31,1,9.99
2067,808,37,3,22.99
2068,808,29,2,64.99
2069,809,37,2,22.99
2070,809,27,1,17.99
2071,810,8,1,249.99
2072,810,54,3,79.99
2073,810,50,1,39.99
2074,810,51,1,32.99
2075,811,40,3,49.99
2076,811,60,2,179.99
2077,812,46,3,27.99
2078,812,37,3,22.99
2079,813,33,3,13.99
2080,813,19,1,69.99
2081,813,54,2,79.99
2082,813,25,1,16.99
2083,814,64,3,21.99
2084,814,45,1,39.99
2085,814,68,2,54.99
2086,814,52,3,24.99
2087,815,7,1,27.99
2088,815,66,1,34.99
2089,815,18,1,26.99
2090,816,13,3,139.99
2091,816,66,1,34.99
2092,816,32,1,14.99
2093,817,18,2,26.99
2094,817,52,1,24.99
2095,817,59,2,9.99
2096,818,21,3,84.99
2097,818,7,2,27.99
2098,819,33,2,13.99
2099,819,57,3,39.99
2100,819,28,2,89.99
2101,820,23,3,22.99
2102,820,60,2,179.99
2103,820,33,1,13.99
2104,820,6,1,79.99
2105,821,68,3,54.99
2106,822,30,1,44.99
2107,823,2,2,39.99
2108,824,38,1,18.99
2109,824,14,2,99.99
2110,824,62,3,9.99
2111,824,17,1,36.99
2112,825,61,3,139.99
2113,825,8,3,249.99
2114,825,18,1,26.99
2115,825,50,1,39.99
2116,826,22,1,89.99
2117,827,64,2,21.99
2118,827,23,3,22.99
2119,828,42,1,24.99
2120,828,15,1,29.99
2121,829,53,2,22.99
2122,830,10,2,149.99
2123,831,53,3,22.99
2124,831,1,2,129.99
2125,832,33,2,13.99
2126,832,47,1,14.99
2127,832,45,3,39.99
2128,832,2,3,39.99
2129,833,23,3,22.99
2130,833,25,3,16.99
2131,833,64,1,21.99
2132,834,3,2,49.99
2133,835,69,3,14.99
2134,836,43,2,44.99
2135,837,60,3,179.99
2136,838,31,3,9.99
2137,839,54,3,79.99
2138,840,35,1,12.99
2139,840,14,2,99.99
2140,841,14,1,99.99
2141,841,22,1,89.99
2142,842,24,3,149.99
2143,842,37,3,22.99
2144,842,2,1,39.99
2145,843,33,3,13.99
2146,843,67,3,12.99
2147,843,14,2,99.99
2148,844,39,3,39.99
2149,844,32,3,14.99
2150,845,2,1,39.99
2151,845,3,1,49.99
2152,845,31,3,9.99
2153,846,1,2,129.99
2154,847,1,2,129.99
2155,847,53,3,22.99
2156,847,27,3,17.99
2157,847,22,2,89.99
2158,848,64,3,21.99
2159,848,55,1,16.99
2160,848,48,3,17.99
2161,849,43,1,44.99
2162,849,25,1,16.99
2163,850,47,3,14.99
2164,850,14,2,99.99
2165,850,52,2,24.99
2166,850,34,2,19.99
2167,851,66,3,34.99
2168,852,53,2,22.99
2169,853,36,1,18.99
2170,853,7,2,27.99
2171,853,12,2,22.99
2172,854,31,1,9.99
2173,854,13,3,139.99
2174,854,29,1,64.99
2175,855,34,3,19.99
2176,855,1,3,129.99
2177,856,17,3,36.99
2178,857,51,2,32.99
2179,857,29,2,64.99
2180,858,25,1,16.99
2181,858,28,3,89.99
2182,858,19,1,69.99
2183,858,29,2,64.99
2184,859,42,2,24.99
2185,859,28,2,89.99
2186,859,9,2,299.99
2187,859,60,2,179.99
2188,860,17,2,36.99
2189,860,33,1,13.99
2190,860,50,2,39.99
2191,861,67,1,12.99
2192,861,13,1,139.99
2193,861,51,3,32.99
2194,862,52,1,24.99
2195,862,69,3,14.99
2196,862,22,3,89.99
2197,863,45,2,39.99
2198,863,62,2,9.99
2199,863,7,2,27.99
2200,864,11,1,34.99
2201,864,54,3,79.99
2202,864,20,1,21.99
2203,865,59,1,9.99
2204,865,65,3,9.99
2205,865,19,3,69.99
2206,865,38,1,18.99
2207,866,56,1,15.99
2208,866,2,1,39.99
2209,866,8,3,249.99
2210,867,48,3,17.99
2211,867,1,2,129.99
2212,867,65,3,9.99
2213,868,63,1,17.99
2214,868,5,3,89.99
2215,868,2,2,39.99
2216,868,51,1,32.99
2217,869,59,2,9.99
2218,870,54,1,79.99
2219,870,5,1,89.99
2220,871,21,2,84.99
2221,871,5,2,89.99
2222,871,46,2,27.99
2223,872,43,1,44.99
2224,872,2,2,39.99
2225,872,63,3,17.99
2226,872,63,2,17.99
2227,873,48,2,17.99
2228,873,53,1,22.99
2229,874,63,2,17.99
2230,875,14,3,99.99
2231,876,20,3,21.99
2232,876,10,3,149.99
2233,876,66,3,34.99
2234,876,68,2,54.99
2235,877,58,2,12.99
2236,877,46,2,27.99
2237,877,68,3,54.99
2238,877,43,3,44.99
2239,878,1,3,129.99
2240,879,9,3,299.99
2241,879,6,1,79.99
2242,879,23,3,22.99
2243,880,43,3,44.99
2244,880,11,2,34.99
2245,880,33,1,13.99
2246,880,30,2,44.99
2247,881,60,3,179.99
2248,881,67,1,12.99
2249,882,20,1,21.99
2250,882,20,3,21.99
2251,882,54,3,79.99
2252,883,59,2,9.99
2253,883,55,3,16.99
2254,883,30,1,44.99
2255,883,64,3,21.99
2256,884,30,1,44.99
2257,884,63,3,17.99
2258,884,25,1,16.99
2259,884,33,2,13.99
2260,885,67,2,12.99
2261,886,27,3,17.99
2262,887,33,1,13.99
2263,887,52,2,24.99
2264,888,41,3,17.99
2265,888,61,1,139.99
2266,888,21,3,84.99
2267,889,17,2,36.99
2268,890,6,3,79.99
2269,891,49,3,44.99
2270,892,45,2,39.99
2271,892,9,3,299.99
2272,892,28,3,89.99
2273,893,62,3,9.99
2274,894,57,2,39.99
2275,895,24,1,149.99
2276,895,34,2,19.99
2277,895,9,1,299.99
2278,895,66,2,34.99
2279,896,38,1,18.99
2280,897,59,1,9.99
2281,898,27,1,17.99
2282,898,67,1,12.99
2283,898,65,1,9.99
2284,899,58,3,12.99
2285,899,48,3,17.99
2286,899,41,1,17.99
2287,899,3,3,49.99
2288,900,56,2,15.99
2289,900,59,3,9.99
2290,900,4,2,24.99
2291,900,19,3,69.99
2292,901,27,1,17.99
2293,901,20,1,21.99
2294,901,64,1,21.99
2295,901,62,1,9.99
2296,902,54,1,79.99
2297,902,60,1,179.99
2298,903,55,3,16.99
2299,903,5,1,89.99
2300,903,15,1,29.99
2301,903,17,3,36.99
2302,904,61,1,139.99
2303,905,44,2,34.99
2304,905,5,1,89.99
2305,906,59,2,9.99
2306,906,3,2,49.99
2307,906,12,3,22.99
2308,907,19,2,69.99
2309,907,46,3,27.99
2310,908,23,2,22.99
2311,908,64,3,21.99
2312,908,34,3,19.99
2313,909,11,3,34.99
2314,909,45,3,39.99
2315,910,15,3,29.99
2316,910,63,3,17.99
2317,910,29,2,64.99
2318,911,29,2,64.99
2319,911,4,3,24.99
2320,911,28,1,89.99
2321,912,12,3,22.99
2322,912,28,1,89.99
2323,913,4,3,24.99
2324,913,40,2,49.99
2325,913,24,3,149.99
2326,913,27,1,17.99
2327,914,23,2,22.99
2328,915,2,2,39.99
2329,915,66,3,34.99
2330,915,62,2,9.99
2331,915,30,1,44.99
2332,916,46,3,27.99
2333,917,53,1,22.99
2334,917,13,2,139.99
2335,917,35,2,12.99
2336,918,7,3,27.99
2337,919,17,1,36.99
2338,920,18,3,26.99
2339,920,8,2,249.99
2340,920,47,2,14.99
2341,920,68,1,54.99
2342,921,50,1,39.99
2343,921,19,2,69.99
2344,921,43,2,44.99
2345,921,16,1,24.99
2346,922,14,1,99.99
2347,922,2,1,39.99
2348,922,42,2,24.99
2349,923,41,3,17.99
2350,924,1,3,129.99
2351,925,14,3,99.99
2352,925,55,2,16.99
2353,925,25,3,16.99
2354,926,55,1,16.99
2355,927,53,1,22.99
2356,928,16,1,24.99
2357,928,40,3,49.99
2358,928,51,2,32.99
2359,929,46,2,27.99
2360,929,58,2,12.99
2361,929,65,1,9.99
2362,929,20,3,21.99
2363,930,16,2,24.99
2364,930,35,1,12.99
2365,930,34,3,19.99
2366,930,54,1,79.99
2367,931,57,1,39.99
2368,931,68,2,54.99
2369,931,22,2,89.99
2370,932,40,3,49.99
2371,932,9,3,299.99
2372,933,36,2,18.99
2373,933,51,1,32.99
2374,934,7,2,27.99
2375,934,31,1,9.99
2376,935,56,3,15.99
2377,935,14,1,99.99
2378,935,29,2,64.99
2379,936,46,2,27.99
2380,936,20,1,21.99
2381,937,64,3,21.99
2382,937,69,1,14.99
2383,937,42,3,24.99
2384,938,8,1,249.99
2385,938,56,3,15.99
2386,939,59,3,9.99
2387,939,62,3,9.99
2388,940,55,3,16.99
2389,940,24,2,149.99
2390,941,54,2,79.99
2391,941,49,1,44.99
2392,942,43,2,44.99
2393,942,1,3,129.99
2394,942,41,1,17.99
2395,943,50,1,39.99
2396,944,56,1,15.99
2397,944,45,2,39.99
2398,944,59,2,9.99
2399,945,5,2,89.99
2400,946,40,2,49.99
2401,946,35,2,12.99
2402,946,29,1,64.99
2403,947,12,3,22.99
2404,947,62,3,9.99
2405,947,22,1,89.99
2406,948,54,1,79.99
2407,948,52,3,24.99
2408,948,26,2,159.99
2409,948,13,3,139.99
2410,949,50,2,39.99
2411,949,60,1,179.99
2412,950,15,3,29.99
2413,951,15,3,29.99
2414,951,2,3,39.99
2415,952,63,2,17.99
2416,952,8,2,249.99
2417,952,57,3,39.99
2418,953,61,1,139.99
2419,954,20,2,21.99
2420,954,34,2,19.99
2421,954,54,2,79.99
2422,954,17,3,36.99
2423,955,47,1,14.99
2424,956,25,3,16.99
2425,956,45,2,39.99
2426,957,47,1,14.99
2427,957,33,2,13.99
2428,957,57,3,39.99
2429,958,66,1,34.99
2430,959,56,2,15.99
2431,959,24,2,149.99
2432,959,10,3,149.99
2433,960,50,1,39.99
2434,961,45,2,39.99
2435,961,67,3,12.99
2436,961,37,2,22.99
2437,961,16,2,24.99
2438,962,16,2,24.99
2439,962,32,2,14.99
2440,962,46,1,27.99
2441,962,29,3,64.99
2442,963,36,1,18.99
2443,963,3,3,49.99
2444,964,23,3,22.99
2445,964,36,2,18.99
2446,965,24,1,149.99
2447,965,37,2,22.99
2448,965,6,2,79.99
2449,966,59,3,9.99
2450,967,4,2,24.99
2451,967,50,2,39.99
2452,968,57,2,39.99
2453,968,58,1,12.99
2454,968,38,1,18.99
2455,968,57,3,39.99
2456,969,34,3,19.99
2457,969,42,2,24.99
2458,969,2,2,39.99
2459,970,48,2,17.99
2460,970,1,1,129.99
2461,970,4,2,24.99
2462,971,56,1,15.99
2463,971,45,2,39.99
2464,971,62,3,9.99
2465,971,8,1,249.99
2466,972,49,3,44.99
2467,972,16,1,24.99
2468,972,3,3,49.99
2469,972,41,3,17.99
2470,973,37,3,22.99
2471,973,15,3,29.99
2472,974,61,1,139.99
2473,975,3,2,49.99
2474,975,66,3,34.99
2475,975,46,2,27.99
2476,975,66,1,34.99
2477,976,37,2,22.99
2478,976,22,2,89.99
2479,976,9,2,299.99
2480,976,45,3,39.99
2481,977,13,1,139.99
2482,977,63,2,17.99
2483,977,41,3,17.99
2484,978,47,2,14.99
2485,978,10,2,149.99
2486,978,46,1,27.99
2487,978,21,1,84.99
2488,979,26,3,159.99
2489,979,63,1,17.99
2490,979,58,3,12.99
2491,980,54,3,79.99
2492,980,10,2,149.99
2493,981,64,1,21.99
2494,982,7,3,27.99
2495,982,67,1,12.99
2496,982,37,3,22.99
2497,982,31,3,9.99
2498,983,65,2,9.99
2499,984,26,3,159.99
2500,985,4,3,24.99
2501,985,25,3,16.99
2502,985,24,2,149.99
2503,986,67,3,12.99
2504,986,1,1,129.99
2505,987,9,1,299.99
2506,987,3,3,49.99
2507,987,46,2,27.99
2508,988,2,3,39.99
2509,988,5,3,89.99
2510,988,1,2,129.99
2511,988,38,1,18.99
2512,989,42,1,24.99
2513,989,27,3,17.99
2514,990,26,1,159.99
2515,991,69,3,14.99
2516,991,54,1,79.99
2517,991,62,2,9.99
2518,992,40,1,49.99
2519,992,55,2,16.99
2520,992,51,3,32.99
2521,992,55,2,16.99
2522,993,24,1,149.99
2523,993,14,3,99.99
2524,993,53,1,22.99
2525,993,42,2,24.99
2526,994,69,2,14.99
2527,994,20,1,21.99
2528,995,44,3,34.99
2529,995,41,1,17.99
2530,995,24,1,149.99
2531,995,24,2,149.99
2532,996,19,3,69.99
2533,996,32,3,14.99
2534,997,7,1,27.99
2535,997,10,3,149.99
2536,997,61,3,139.99
2537,998,53,3,22.99
2538,998,8,3,249.99
2539,999,23,3,22.99
2540,999,42,3,24.99
2541,999,31,2,9.99
2542,999,60,2,179.99
2543,1000,11,1,34.99
2544,1000,43,1,44.99
2545,1000,27,3,17.99
2546,1001,5,1,89.99
2547,1002,39,1,39.99
2548,1002,41,1,17.99
2549,1002,9,1,299.99
2550,1002,68,2,54.99
2551,1003,16,3,24.99
2552,1003,9,3,299.99
2553,1004,35,3,12.99
2554,1004,65,2,9.99
2555,1004,24,3,149.99
2556,1005,35,3,12.99
2557,1006,35,1,12.99
2558,1006,38,3,18.99
2559,1006,58,1,12.99
2560,1007,46,1,27.99
2561,1007,61,3,139.99
2562,1007,56,2,15.99
2563,1008,37,3,22.99
2564,1009,13,3,139.99
2565,1009,64,2,21.99
2566,1009,55,2,16.99
2567,1010,36,3,18.99
2568,1011,18,2,26.99
2569,1011,6,1,79.99
2570,1011,19,2,69.99
2571,1011,35,1,12.99
2572,1012,43,1,44.99
2573,1012,19,1,69.99
2574,1013,11,1,34.99
2575,1013,58,2,12.99
2576,1013,23,2,22.99
2577,1014,62,1,9.99
2578,1015,19,1,69.99
2579,1015,41,1,17.99
2580,1016,16,1,24.99
2581,1016,41,1,17.99
2582,1016,66,2,34.99
2583,1017,22,3,89.99
2584,1017,14,2,99.99
2585,1017,59,3,9.99
2586,1017,28,2,89.99
2587,1018,48,3,17.99
2588,1018,30,2,44.99
2589,1018,5,3,89.99
2590,1018,30,2,44.99
2591,1019,31,2,9.99
2592,1020,50,2,39.99
2593,1020,13,2,139.99
2594,1020,11,1,34.99
2595,1021,17,3,36.99
2596,1021,49,2,44.99
2597,1021,11,2,34.99
2598,1022,44,3,34.99
2599,1022,33,1,13.99
2600,1023,17,3,36.99
2601,1024,36,3,18.99
2602,1024,58,1,12.99
2603,1025,36,3,18.99
2604,1025,60,3,179.99
2605,1025,58,1,12.99
2606,1026,41,3,17.99
2607,1027,27,2,17.99
2608,1027,19,3,69.99
2609,1027,44,2,34.99
2610,1027,34,3,19.99
2611,1028,23,2,22.99
2612,1028,59,2,9.99
2613,1028,10,1,149.99
2614,1029,63,3,17.99
2615,1029,65,2,9.99
2616,1029,49,3,44.99
2617,1029,61,2,139.99
2618,1030,62,1,9.99
2619,1031,34,3,19.99
2620,1031,67,1,12.99
2621,1031,54,2,79.99
2622,1031,13,2,139.99
2623,1032,13,3,139.99
2624,1032,59,1,9.99
2625,1033,15,2,29.99
2626,1033,27,1,17.99
2627,1034,31,1,9.99
2628,1034,23,2,22.99
2629,1035,23,1,22.99
2630,1036,67,3,12.99
2631,1036,55,3,16.99
2632,1036,21,1,84.99
2633,1037,29,3,64.99
2634,1038,25,2,16.99
2635,1038,16,1,24.99
2636,1039,1,1,129.99
2637,1039,5,3,89.99
2638,1040,33,1,13.99
2639,1041,32,2,14.99
2640,1041,52,2,24.99
2641,1041,10,1,149.99
2642,1041,68,1,54.99
2643,1042,30,3,44.99
2644,1042,20,1,21.99
2645,1043,19,1,69.99
2646,1043,56,1,15.99
2647,1043,56,3,15.99
2648,1043,67,1,12.99
2649,1044,58,1,12.99
2650,1044,3,3,49.99
2651,1044,11,1,34.99
2652,1045,8,2,249.99
2653,1045,32,2,14.99
2654,1046,20,1,21.99
2655,1047,28,1,89.99
2656,1047,13,2,139.99
2657,1048,3,3,49.99
2658,1048,67,2,12.99
2659,1049,16,3,24.99
2660,1049,18,1,26.99
2661,1050,32,1,14.99
2662,1050,50,3,39.99
2663,1051,26,2,159.99
2664,1051,31,3,9.99
2665,1051,12,3,22.99
2666,1051,10,2,149.99
2667,1052,38,2,18.99
2668,1053,37,3,22.99
2669,1053,14,3,99.99
2670,1054,30,1,44.99
2671,1054,65,3,9.99
2672,1054,67,3,12.99
2673,1054,64,3,21.99
2674,1055,67,2,12.99
2675,1055,69,3,14.99
2676,1055,19,3,69.99
2677,1055,2,3,39.99
2678,1056,17,3,36.99
2679,1056,3,3,49.99
2680,1057,43,3,44.99
2681,1057,69,2,14.99
2682,1058,52,3,24.99
2683,1059,15,3,29.99
2684,1060,29,3,64.99
2685,1060,10,2,149.99
2686,1061,34,2,19.99
2687,1061,39,1,39.99
2688,1062,31,3,9.99
2689,1062,22,3,89.99
2690,1063,26,1,159.99
2691,1063,45,3,39.99
2692,1063,66,2,34.99
2693,1063,9,2,299.99
2694,1064,20,1,21.99
2695,1064,21,2,84.99
2696,1065,7,1,27.99
2697,1065,56,2,15.99
2698,1066,1,2,129.99
2699,1066,19,2,69.99
2700,1067,5,2,89.99
2701,1067,51,3,32.99
2702,1067,30,2,44.99
2703,1067,37,2,22.99
2704,1068,63,3,17.99
2705,1068,58,1,12.99
2706,1069,42,2,24.99
2707,1069,12,1,22.99
2708,1069,58,3,12.99
2709,1069,12,1,22.99
2710,1070,42,3,24.99
2711,1071,33,1,13.99
2712,1072,33,3,13.99
2713,1073,47,1,14.99
2714,1073,32,2,14.99
2715,1073,55,2,16.99
2716,1074,30,3,44.99
2717,1074,53,2,22.99
2718,1075,17,1,36.99
2719,1075,6,3,79.99
2720,1075,28,1,89.99
2721,1076,27,2,17.99
2722,1076,55,1,16.99
2723,1077,46,2,27.99
2724,1077,62,2,9.99
2725,1077,69,3,14.99
2726,1078,41,1,17.99
2727,1079,34,1,19.99
2728,1080,62,2,9.99
2729,1080,21,3,84.99
2730,1080,37,2,22.99
2731,1081,58,2,12.99
2732,1081,34,1,19.99
2733,1081,52,1,24.99
2734,1082,19,3,69.99
2735,1083,41,3,17.99
2736,1083,41,3,17.99
2737,1084,56,3,15.99
2738,1084,34,2,19.99
2739,1084,67,2,12.99
2740,1085,20,3,21.99
2741,1086,42,1,24.99
2742,1086,68,2,54.99
2743,1086,8,1,249.99
2744,1087,18,3,26.99
2745,1087,22,1,89.99
2746,1088,26,1,159.99
2747,1088,39,2,39.99
2748,1088,19,1,69.99
2749,1088,6,3,79.99
2750,1089,46,1,27.99
2751,1089,2,2,39.99
2752,1090,34,1,19.99
2753,1091,7,2,27.99
2754,1091,57,1,39.99
2755,1092,26,2,159.99
2756,1092,57,3,39.99
2757,1093,17,1,36.99
2758,1093,64,1,21.99
2759,1094,45,3,39.99
2760,1095,9,3,299.99
2761,1095,18,1,26.99
2762,1095,38,2,18.99
2763,1096,54,2,79.99
2764,1096,36,3,18.99
2765,1096,51,1,32.99
2766,1096,17,3,36.99
2767,1097,63,1,17.99
2768,1098,21,3,84.99
2769,1098,42,1,24.99
2770,1098,48,2,17.99
2771,1099,65,2,9.99
2772,1099,23,3,22.99
2773,1099,55,3,16.99
2774,1100,41,3,17.99
2775,1101,62,2,9.99
2776,1101,9,2,299.99
2777,1101,11,1,34.99
2778,1102,63,2,17.99
2779,1102,16,3,24.99
2780,1102,69,1,14.99
2781,1103,68,2,54.99
2782,1103,19,2,69.99
2783,1104,19,1,69.99
2784,1105,21,3,84.99
2785,1106,53,1,22.99
2786,1106,7,1,27.99
2787,1106,3,2,49.99
2788,1107,43,2,44.99
2789,1107,38,1,18.99
2790,1107,45,2,39.99
2791,1108,38,2,18.99
2792,1108,47,3,14.99
2793,1108,56,1,15.99
2794,1108,16,3,24.99
2795,1109,46,3,27.99
2796,1109,36,2,18.99
2797,1109,59,3,9.99
2798,1110,62,3,9.99
2799,1111,18,1,26.99
2800,1111,59,3,9.99
2801,1112,27,3,17.99
2802,1113,8,3,249.99
2803,1113,42,1,24.99
2804,1113,30,3,44.99
2805,1114,36,2,18.99
2806,1115,59,1,9.99
2807,1116,21,3,84.99
2808,1116,23,1,22.99
2809,1116,35,1,12.99
2810,1116,34,3,19.99
2811,1117,67,1,12.99
2812,1118,5,3,89.99
2813,1118,33,1,13.99
2814,1118,32,3,14.99
2815,1119,68,1,54.99
2816,1120,63,3,17.99
2817,1120,16,3,24.99
2818,1120,13,2,139.99
2819,1120,35,2,12.99
2820,1121,39,1,39.99
2821,1121,39,1,39.99
2822,1121,39,2,39.99
2823,1122,14,2,99.99
2824,1122,4,3,24.99
2825,1123,2,3,39.99
2826,1124,56,3,15.99
2827,1124,18,2,26.99
2828,1124,43,2,44.99
2829,1125,3,1,49.99
2830,1125,28,1,89.99
2831,1125,12,2,22.99
2832,1126,45,3,39.99
2833,1127,36,2,18.99
2834,1128,42,1,24.99
2835,1128,47,1,14.99
2836,1128,38,2,18.99
2837,1128,21,2,84.99
2838,1129,9,3,299.99
2839,1130,11,2,34.99
2840,1130,22,2,89.99
2841,1130,34,3,19.99
2842,1130,30,1,44.99
2843,1131,15,2,29.99
2844,1132,26,3,159.99
2845,1132,63,2,17.99
2846,1133,21,3,84.99
2847,1133,30,2,44.99
2848,1133,37,3,22.99
2849,1133,10,3,149.99
2850,1134,21,2,84.99
2851,1134,57,1,39.99
2852,1135,51,1,32.99
2853,1135,44,3,34.99
2854,1135,33,2,13.99
2855,1135,19,2,69.99
2856,1136,9,3,299.99
2857,1136,65,1,9.99
2858,1136,45,3,39.99
2859,1137,66,1,34.99
2860,1137,13,3,139.99
2861,1137,58,2,12.99
2862,1138,10,3,149.99
2863,1138,22,3,89.99
2864,1138,43,3,44.99
2865,1139,4,2,24.99
2866,1139,24,1,149.99
2867,1140,67,2,12.99
2868,1140,56,3,15.99
2869,1141,15,3,29.99
2870,1142,28,3,89.99
2871,1142,53,3,22.99
2872,1142,69,2,14.99
2873,1142,3,3,49.99
2874,1143,48,3,17.99
2875,1143,24,1,149.99
2876,1143,20,1,21.99
2877,1144,27,3,17.99
2878,1144,4,3,24.99
2879,1144,30,1,44.99
2880,1145,52,3,24.99
2881,1145,54,2,79.99
2882,1146,20,3,21.99
2883,1147,22,1,89.99
2884,1147,11,1,34.99
2885,1147,7,1,27.99
2886,1147,34,3,19.99
2887,1148,28,2,89.99
2888,1148,42,1,24.99
2889,1149,5,3,89.99
2890,1150,39,2,39.99
2891,1150,28,1,89.99
2892,1150,41,2,17.99
2893,1151,39,1,39.99
2894,1151,40,3,49.99
2895,1151,62,1,9.99
2896,1151,59,1,9.99
2897,1152,39,2,39.99
2898,1152,14,1,99.99
2899,1152,47,2,14.99
2900,1153,53,3,22.99
2901,1153,42,1,24.99
2902,1153,38,2,18.99
2903,1153,69,2,14.99
2904,1154,49,1,44.99
2905,1155,37,2,22.99
2906,1156,6,2,79.99
2907,1156,64,3,21.99
2908,1156,53,3,22.99
2909,1156,7,2,27.99
2910,1157,51,3,32.99
2911,1157,9,1,299.99
2912,1157,56,3,15.99
2913,1157,11,1,34.99
2914,1158,17,2,36.99
2915,1159,5,3,89.99
2916,1160,1,2,129.99
2917,1160,16,1,24.99
2918,1161,29,2,64.99
2919,1162,26,3,159.99
2920,1162,58,3,12.99
2921,1162,33,3,13.99
2922,1163,61,1,139.99
2923,1164,2,1,39.99
2924,1164,63,3,17.99
2925,1164,5,2,89.99
2926,1164,1,3,129.99
2927,1165,45,2,39.99
2928,1165,17,3,36.99
2929,1165,56,1,15.99
2930,1165,67,3,12.99
2931,1166,57,1,39.99
2932,1166,17,3,36.99
2933,1166,16,3,24.99
2934,1166,3,3,49.99
2935,1167,69,1,14.99
2936,1167,55,2,16.99
2937,1167,68,2,54.99
2938,1167,45,3,39.99
2939,1168,65,3,9.99
2940,1168,56,1,15.99
2941,1168,53,1,22.99
2942,1169,39,2,39.99
2943,1169,25,2,16.99
2944,1169,45,2,39.99
2945,1169,3,2,49.99
2946,1170,47,3,14.99
2947,1170,24,1,149.99
2948,1170,30,3,44.99
2949,1171,12,1,22.99
2950,1171,20,3,21.99
2951,1171,52,3,24.99
2952,1171,43,1,44.99
2953,1172,10,1,149.99
2954,1173,22,3,89.99
2955,1173,59,3,9.99
2956,1174,20,1,21.99
2957,1175,23,2,22.99
2958,1175,40,1,49.99
2959,1176,69,3,14.99
2960,1177,38,1,18.99
2961,1178,64,2,21.99
2962,1178,14,1,99.99
2963,1179,11,2,34.99
2964,1179,42,3,24.99
2965,1180,27,3,17.99
2966,1180,44,1,34.99
2967,1180,39,3,39.99
2968,1180,61,2,139.99
2969,1181,42,2,24.99
2970,1182,47,1,14.99
2971,1182,41,2,17.99
2972,1183,18,3,26.99
2973,1183,36,1,18.99
2974,1183,37,2,22.99
2975,1183,36,3,18.99
2976,1184,27,1,17.99
2977,1185,13,1,139.99
2978,1185,42,3,24.99
2979,1186,46,3,27.99
2980,1187,33,3,13.99
2981,1187,31,3,9.99
2982,1187,11,1,34.99
2983,1187,63,1,17.99
2984,1188,56,2,15.99
2985,1188,14,2,99.99
2986,1188,38,2,18.99
2987,1188,36,1,18.99
2988,1189,7,1,27.99
2989,1190,7,1,27.99
2990,1190,62,3,9.99
2991,1191,53,3,22.99
2992,1191,40,2,49.99
2993,1191,3,2,49.99
2994,1192,21,1,84.99
2995,1192,31,1,9.99
2996,1193,25,2,16.99
2997,1193,67,2,12.99
2998,1194,63,1,17.99
2999,1194,50,3,39.99
3000,1194,35,1,12.99
3001,1195,14,1,99.99
3002,1195,64,1,21.99
3003,1196,17,3,36.99
3004,1197,41,1,17.99
3005,1197,38,2,18.99
3006,1197,67,1,12.99
3007,1198,14,2,99.99
3008,1199,57,1,39.99
3009,1199,3,3,49.99
3010,1199,28,1,89.99
3011,1200,50,1,39.99
3012,1201,35,3,12.99
3013,1201,15,3,29.99
3014,1201,44,2,34.99
3015,1201,6,2,79.99
3016,1202,47,3,14.99
3017,1202,44,3,34.99
3018,1202,3,1,49.99
3019,1202,59,3,9.99
3020,1203,29,3,64.99
3021,1203,39,3,39.99
3022,1203,57,2,39.99
3023,1204,16,1,24.99
3024,1204,55,1,16.99
3025,1204,62,2,9.99
3026,1205,31,1,9.99
3027,1205,38,1,18.99
3028,1206,10,3,149.99
3029,1206,19,1,69.99
3030,1207,69,3,14.99
3031,1207,31,2,9.99
3032,1207,36,3,18.99
3033,1208,3,3,49.99
3034,1208,15,2,29.99
3035,1208,40,2,49.99
3036,1208,63,3,17.99
3037,1209,54,1,79.99
3038,1209,58,2,12.99
3039,1209,57,3,39.99
3040,1210,41,3,17.99
3041,1211,63,1,17.99
3042,1212,6,2,79.99
3043,1212,33,3,13.99
3044,1212,24,2,149.99
3045,1212,18,3,26.99
3046,1213,20,3,21.99
3047,1213,21,3,84.99
3048,1213,7,2,27.99
3049,1213,11,1,34.99
3050,1214,44,3,34.99
3051,1215,54,1,79.99
3052,1216,59,3,9.99
3053,1217,59,3,9.99
3054,1218,49,2,44.99
3055,1219,28,1,89.99
3056,1219,26,3,159.99
3057,1219,26,1,159.99
3058,1219,51,1,32.99
3059,1220,60,1,179.99
3060,1220,10,1,149.99
3061,1221,62,1,9.99
3062,1221,17,3,36.99
3063,1221,43,1,44.99
3064,1221,40,2,49.99
3065,1222,38,2,18.99
3066,1223,29,1,64.99
3067,1223,24,2,149.99
3068,1223,65,2,9.99
3069,1224,36,2,18.99
3070,1225,50,2,39.99
3071,1225,56,3,15.99
3072,1225,50,1,39.99
3073,1226,31,3,9.99
3074,1227,36,2,18.99
3075,1227,17,2,36.99
3076,1228,13,2,139.99
3077,1228,10,1,149.99
3078,1229,47,2,14.99
3079,1229,52,3,24.99
3080,1230,56,2,15.99
3081,1230,48,1,17.99
3082,1230,62,3,9.99
3083,1231,49,3,44.99
3084,1231,36,2,18.99
3085,1231,25,2,16.99
3086,1232,25,3,16.99
3087,1233,36,3,18.99
3088,1233,21,1,84.99
3089,1234,12,3,22.99
3090,1234,35,2,12.99
3091,1234,9,1,299.99
3092,1234,56,3,15.99
3093,1235,60,1,179.99
3094,1235,39,3,39.99
3095,1235,52,3,24.99
3096,1235,22,2,89.99
3097,1236,29,1,64.99
3098,1236,21,1,84.99
3099,1236,59,3,9.99
3100,1237,22,3,89.99
3101,1237,17,3,36.99
3102,1237,56,3,15.99
3103,1238,63,3,17.99
3104,1239,67,2,12.99
3105,1239,19,2,69.99
3106,1239,30,3,44.99
3107,1240,31,3,9.99
3108,1240,47,3,14.99
3109,1240,46,2,27.99
3110,1240,44,2,34.99
3111,1241,10,1,149.99
3112,1241,68,2,54.99
3113,1241,17,1,36.99
3114,1242,40,2,49.99
3115,1242,6,1,79.99
3116,1242,26,3,159.99
3117,1242,14,2,99.99
3118,1243,36,1,18.99
3119,1243,14,2,99.99
3120,1244,47,3,14.99
3121,1245,58,3,12.99
3122,1245,32,1,14.99
3123,1246,25,1,16.99
3124,1247,42,1,24.99
3125,1247,42,3,24.99
3126,1247,66,2,34.99
3127,1247,45,3,39.99
3128,1248,61,3,139.99
3129,1249,19,1,69.99
3130,1250,52,1,24.99
3131,1250,29,1,64.99
3132,1251,29,2,64.99
3133,1251,66,2,34.99
3134,1251,19,1,69.99
3135,1252,59,2,9.99
3136,1252,27,3,17.99
3137,1253,26,1,159.99
3138,1253,30,1,44.99
3139,1253,46,3,27.99
3140,1253,46,1,27.99
3141,1254,31,3,9.99
3142,1254,37,3,22.99
3143,1254,64,2,21.99
3144,1254,61,3,139.99
3145,1255,20,1,21.99
3146,1255,28,1,89.99
3147,1256,61,3,139.99
3148,1256,21,1,84.99
3149,1256,50,1,39.99
3150,1257,57,1,39.99
3151,1257,30,2,44.99
3152,1257,51,3,32.99
3153,1257,65,1,9.99
3154,1258,14,1,99.99
3155,1258,42,3,24.99
3156,1258,45,2,39.99
3157,1259,26,3,159.99
3158,1259,2,2,39.99
3159,1259,5,2,89.99
3160,1260,59,1,9.99
3161,1260,42,3,24.99
3162,1261,28,2,89.99
3163,1262,30,2,44.99
3164,1263,21,2,84.99
3165,1263,26,3,159.99
3166,1263,27,1,17.99
3167,1263,68,1,54.99
3168,1264,45,2,39.99
3169,1265,26,3,159.99
3170,1265,10,1,149.99
3171,1266,44,2,34.99
3172,1266,8,2,249.99
3173,1266,29,1,64.99
3174,1267,67,2,12.99
3175,1268,20,2,21.99
3176,1268,46,3,27.99
3177,1268,67,2,12.99
3178,1268,21,1,84.99
3179,1269,36,3,18.99
3180,1269,37,1,22.99
3181,1269,24,1,149.99
3182,1269,48,1,17.99
3183,1270,3,1,49.99
3184,1270,35,2,12.99
3185,1270,4,3,24.99
3186,1270,40,2,49.99
3187,1271,2,3,39.99
3188,1271,63,1,17.99
3189,1271,13,2,139.99
3190,1271,10,3,149.99
3191,1272,53,3,22.99
3192,1272,10,2,149.99
3193,1273,59,3,9.99
3194,1274,37,2,22.99
3195,1275,57,2,39.99
3196,1275,38,2,18.99
3197,1275,63,3,17.99
3198,1275,16,1,24.99
3199,1276,61,2,139.99
3200,1276,12,3,22.99
3201,1276,27,2,17.99
3202,1277,28,1,89.99
3203,1277,65,3,9.99
3204,1277,69,1,14.99
3205,1278,13,3,139.99
3206,1278,57,1,39.99
3207,1279,41,1,17.99
3208,1279,48,1,17.99
3209,1280,25,1,16.99
3210,1280,32,3,14.99
3211,1280,41,3,17.99
3212,1281,33,2,13.99
3213,1281,35,3,12.99
3214,1281,23,1,22.99
3215,1281,43,1,44.99
3216,1282,66,1,34.99
3217,1282,25,2,16.99
3218,1282,11,3,34.99
3219,1283,65,1,9.99
3220,1283,56,2,15.99
3221,1283,52,3,24.99
3222,1284,38,3,18.99
3223,1285,25,1,16.99
3224,1285,57,2,39.99
3225,1285,34,3,19.99
3226,1285,62,2,9.99
3227,1286,53,3,22.99
3228,1286,31,2,9.99
3229,1286,40,3,49.99
3230,1287,8,1,249.99
3231,1287,66,1,34.99
3232,1287,16,1,24.99
3233,1287,50,2,39.99
3234,1288,59,2,9.99
3235,1288,20,1,21.99
3236,1289,25,2,16.99
3237,1289,69,1,14.99
3238,1289,47,1,14.99
3239,1290,66,1,34.99
3240,1291,61,1,139.99
3241,1291,62,1,9.99
3242,1291,12,1,22.99
3243,1291,3,1,49.99
3244,1292,6,1,79.99
3245,1292,40,2,49.99
3246,1292,15,3,29.99
3247,1292,62,3,9.99
3248,1293,57,2,39.99
3249,1294,7,2,27.99
3250,1294,37,3,22.99
3251,1294,12,3,22.99
3252,1294,26,3,159.99
3253,1295,31,2,9.99
3254,1295,59,3,9.99
3255,1295,5,2,89.99
3256,1295,41,1,17.99
3257,1296,2,1,39.99
3258,1296,38,2,18.99
3259,1297,23,3,22.99
3260,1297,23,1,22.99
3261,1298,41,3,17.99
3262,1298,55,1,16.99
3263,1298,41,2,17.99
3264,1299,13,1,139.99
3265,1299,5,2,89.99
3266,1299,43,1,44.99
3267,1300,24,1,149.99
3268,1301,25,2,16.99
3269,1301,39,1,39.99
3270,1302,47,1,14.99
3271,1302,22,1,89.99
3272,1302,48,2,17.99
3273,1302,27,2,17.99
3274,1303,19,2,69.99
3275,1303,36,1,18.99
3276,1304,30,3,44.99
3277,1305,66,2,34.99
3278,1306,44,1,34.99
3279,1306,47,2,14.99
3280,1306,8,1,249.99
3281,1307,49,3,44.99
3282,1307,54,2,79.99
3283,1308,47,3,14.99
3284,1309,42,2,24.99
3285,1310,47,2,14.99
3286,1310,52,3,24.99
3287,1310,16,1,24.99
3288,1310,45,3,39.99
3289,1311,48,2,17.99
3290,1312,6,2,79.99
3291,1312,36,3,18.99
3292,1313,53,2,22.99
3293,1314,9,3,299.99
3294,1314,58,2,12.99
3295,1315,50,3,39.99
3296,1315,2,2,39.99
3297,1315,57,2,39.99
3298,1315,26,3,159.99
3299,1316,6,3,79.99
3300,1316,23,2,22.99
3301,1316,35,1,12.99
3302,1316,36,2,18.99
3303,1317,31,2,9.99
3304,1317,8,1,249.99
3305,1317,13,2,139.99
3306,1318,19,1,69.99
3307,1318,57,3,39.99
3308,1318,12,3,22.99
3309,1319,63,2,17.99
3310,1319,7,3,27.99
3311,1319,41,2,17.99
3312,1320,10,3,149.99
3313,1320,20,1,21.99
3314,1320,13,1,139.99
3315,1321,27,3,17.99
3316,1321,63,1,17.99
3317,1321,56,3,15.99
3318,1322,52,1,24.99
3319,1322,27,2,17.99
3320,1322,38,1,18.99
3321,1322,1,2,129.99
3322,1323,39,2,39.99
3323,1323,17,2,36.99
3324,1323,38,2,18.99
3325,1324,50,1,39.99
3326,1324,41,2,17.99
3327,1324,54,2,79.99
3328,1324,29,1,64.99
3329,1325,11,1,34.99
3330,1325,69,1,14.99
3331,1325,30,3,44.99
3332,1325,20,3,21.99
3333,1326,6,2,79.99
3334,1326,29,2,64.99
3335,1327,63,2,17.99
3336,1327,2,1,39.99
3337,1327,8,2,249.99
3338,1328,41,2,17.99
3339,1329,41,3,17.99
3340,1329,46,1,27.99
3341,1329,25,3,16.99
3342,1330,6,1,79.99
3343,1330,61,3,139.99
3344,1331,43,2,44.99
3345,1331,10,3,149.99
3346,1331,65,1,9.99
3347,1331,46,1,27.99
3348,1332,42,3,24.99
3349,1332,58,2,12.99
3350,1333,39,3,39.99
3351,1334,34,1,19.99
3352,1335,16,2,24.99
3353,1335,27,3,17.99
3354,1335,25,3,16.99
3355,1335,23,2,22.99
3356,1336,43,1,44.99
3357,1336,53,3,22.99
3358,1336,62,3,9.99
3359,1336,16,1,24.99
3360,1337,32,2,14.99
3361,1338,42,1,24.99
3362,1338,30,1,44.99
3363,1338,52,3,24.99
3364,1338,28,3,89.99
3365,1339,46,3,27.99
3366,1339,35,3,12.99
3367,1340,29,3,64.99
3368,1340,61,3,139.99
3369,1340,61,3,139.99
3370,1341,8,2,249.99
3371,1341,53,2,22.99
3372,1342,57,3,39.99
3373,1342,5,2,89.99
3374,1343,22,3,89.99
3375,1343,12,2,22.99
3376,1343,24,2,149.99
3377,1343,7,2,27.99
3378,1344,15,3,29.99
3379,1344,11,3,34.99
3380,1345,17,1,36.99
3381,1345,2,2,39.99
3382,1345,14,1,99.99
3383,1346,54,3,79.99
3384,1347,7,3,27.99
3385,1347,60,3,179.99
3386,1347,40,2,49.99
3387,1347,15,3,29.99
3388,1348,47,1,14.99
3389,1348,20,1,21.99
3390,1348,22,3,89.99
3391,1348,32,3,14.99
3392,1349,18,3,26.99
3393,1350,53,3,22.99
3394,1350,54,2,79.99
3395,1351,9,3,299.99
3396,1351,38,2,18.99
3397,1351,12,3,22.99
3398,1352,26,1,159.99
3399,1352,14,1,99.99
3400,1352,23,1,22.99
3401,1353,9,1,299.99
3402,1353,26,2,159.99
3403,1354,34,3,19.99
3404,1354,25,3,16.99
3405,1355,19,1,69.99
3406,1355,42,3,24.99
3407,1356,64,2,21.99
3408,1356,62,3,9.99
3409,1357,46,2,27.99
3410,1357,27,2,17.99
3411,1357,33,3,13.99
3412,1358,68,2,54.99
3413,1359,25,1,16.99
3414,1359,21,1,84.99
3415,1359,29,1,64.99
3416,1359,12,1,22.99
3417,1360,42,3,24.99
3418,1361,47,3,14.99
3419,1361,64,1,21.99
3420,1361,30,2,44.99
3421,1361,57,3,39.99
3422,1362,65,3,9.99
3423,1362,32,3,14.99
3424,1363,50,2,39.99
3425,1363,17,3,36.99
3426,1363,9,1,299.99
3427,1364,40,1,49.99
3428,1364,69,2,14.99
3429,1364,58,2,12.99
3430,1365,25,3,16.99
3431,1365,3,3,49.99
3432,1366,16,1,24.99
3433,1366,15,2,29.99
3434,1366,5,3,89.99
3435,1367,66,1,34.99
3436,1367,17,1,36.99
3437,1367,65,1,9.99
3438,1368,45,3,39.99
3439,1368,32,1,14.99
3440,1368,55,1,16.99
3441,1369,37,3,22.99
3442,1369,46,3,27.99
3443,1369,46,1,27.99
3444,1370,54,2,79.99
3445,1370,25,1,16.99
3446,1370,49,1,44.99
3447,1370,17,3,36.99
3448,1371,68,1,54.99
3449,1371,7,3,27.99
3450,1371,59,3,9.99
3451,1372,28,3,89.99
3452,1372,48,2,17.99
3453,1373,63,2,17.99
3454,1373,29,1,64.99
3455,1374,29,3,64.99
3456,1375,3,1,49.99
3457,1375,59,2,9.99
3458,1375,52,3,24.99
3459,1376,36,1,18.99
3460,1376,19,3,69.99
3461,1376,36,3,18.99
3462,1376,23,3,22.99
3463,1377,17,3,36.99
3464,1377,1,1,129.99
3465,1378,13,3,139.99
3466,1378,32,3,14.99
3467,1378,8,3,249.99
3468,1379,27,2,17.99
3469,1380,16,1,24.99
3470,1380,15,2,29.99
3471,1380,66,1,34.99
3472,1381,42,1,24.99
3473,1381,6,3,79.99
3474,1381,10,1,149.99
3475,1381,58,1,12.99
3476,1382,17,2,36.99
3477,1382,48,3,17.99
3478,1382,65,2,9.99
3479,1383,4,1,24.99
3480,1383,23,2,22.99
3481,1384,11,2,34.99
3482,1384,58,1,12.99
3483,1385,6,3,79.99
3484,1385,57,3,39.99
3485,1385,62,2,9.99
3486,1385,29,3,64.99
3487,1386,50,1,39.99
3488,1386,10,2,149.99
3489,1386,6,3,79.99
3490,1387,27,3,17.99
3491,1387,20,2,21.99
3492,1388,50,2,39.99
3493,1389,46,3,27.99
3494,1389,59,3,9.99
3495,1389,6,2,79.99
3496,1390,17,3,36.99
3497,1391,23,3,22.99
3498,1391,50,3,39.99
3499,1391,59,3,9.99
3500,1391,51,1,32.99
3501,1392,34,2,19.99
3502,1392,19,3,69.99
3503,1393,13,1,139.99
3504,1393,49,3,44.99
3505,1393,54,2,79.99
3506,1393,26,1,159.99
3507,1394,28,1,89.99
3508,1394,20,1,21.99
3509,1394,59,3,9.99
3510,1395,31,3,9.99
3511,1395,1,2,129.99
3512,1396,10,3,149.99
3513,1396,21,2,84.99
3514,1396,17,1,36.99
3515,1396,60,2,179.99
3516,1397,69,3,14.99
3517,1398,32,2,14.99
3518,1398,42,1,24.99
3519,1398,23,3,22.99
3520,1398,61,2,139.99
3521,1399,17,1,36.99
3522,1399,32,1,14.99
3523,1399,29,2,64.99
3524,1400,53,3,22.99
3525,1400,21,3,84.99
3526,1400,48,1,17.99
3527,1400,38,3,18.99
3528,1401,25,2,16.99
3529,1402,31,1,9.99
3530,1402,14,1,99.99
3531,1403,11,1,34.99
3532,1403,49,2,44.99
3533,1403,1,3,129.99
3534,1403,49,1,44.99
3535,1404,29,2,64.99
3536,1405,52,3,24.99
3537,1405,46,3,27.99
3538,1406,61,3,139.99
3539,1406,1,1,129.99
3540,1407,21,1,84.99
3541,1407,8,3,249.99
3542,1407,34,2,19.99
3543,1407,12,1,22.99
3544,1408,56,3,15.99
3545,1409,34,2,19.99
3546,1409,8,1,249.99
3547,1410,46,3,27.99
3548,1410,19,3,69.99
3549,1411,13,2,139.99
3550,1411,51,3,32.99
3551,1411,25,2,16.99
3552,1411,14,3,99.99
3553,1412,58,1,12.99
3554,1413,15,1,29.99
3555,1414,19,1,69.99
3556,1415,12,2,22.99
3557,1415,17,1,36.99
3558,1416,30,3,44.99
3559,1417,6,2,79.99
3560,1417,53,1,22.99
3561,1417,53,3,22.99
3562,1418,68,2,54.99
3563,1419,16,3,24.99
3564,1419,60,1,179.99
3565,1420,66,3,34.99
3566,1420,3,3,49.99
3567,1420,21,3,84.99
3568,1420,15,2,29.99
3569,1421,49,2,44.99
3570,1421,33,3,13.99
3571,1421,47,3,14.99
3572,1421,38,1,18.99
3573,1422,18,3,26.99
3574,1423,50,3,39.99
3575,1423,35,3,12.99
3576,1423,8,2,249.99
3577,1424,25,1,16.99
3578,1425,56,2,15.99
3579,1426,20,1,21.99
3580,1426,53,2,22.99
3581,1427,13,3,139.99
3582,1427,19,2,69.99
3583,1428,2,2,39.99
3584,1428,25,1,16.99
3585,1428,40,3,49.99
3586,1428,47,3,14.99
3587,1429,52,2,24.99
3588,1430,29,2,64.99
3589,1430,32,1,14.99
3590,1430,62,3,9.99
3591,1430,66,2,34.99
3592,1431,53,2,22.99
3593,1431,60,1,179.99
3594,1432,36,1,18.99
3595,1432,6,1,79.99
3596,1432,61,1,139.99
3597,1432,58,1,12.99
3598,1433,9,2,299.99
3599,1433,36,3,18.99
3600,1434,35,1,12.99
3601,1434,35,2,12.99
3602,1434,64,1,21.99
3603,1435,44,3,34.99
3604,1436,33,2,13.99
3605,1436,51,3,32.99
3606,1436,48,1,17.99
3607,1437,22,1,89.99
3608,1438,55,3,16.99
3609,1439,46,1,27.99
3610,1439,8,3,249.99
3611,1439,22,3,89.99
3612,1440,22,1,89.99
3613,1440,53,2,22.99
3614,1440,43,3,44.99
3615,1440,58,2,12.99
3616,1441,48,1,17.99
3617,1441,5,2,89.99
3618,1442,1,1,129.99
3619,1442,31,3,9.99
3620,1442,18,2,26.99
3621,1442,56,2,15.99
3622,1443,16,2,24.99
3623,1443,39,3,39.99
3624,1444,65,3,9.99
3625,1444,18,3,26.99
3626,1444,37,1,22.99
3627,1445,20,2,21.99
3628,1445,51,1,32.99
3629,1445,26,2,159.99
3630,1446,5,1,89.99
3631,1446,29,1,64.99
3632,1446,30,3,44.99
3633,1447,19,3,69.99
3634,1448,11,1,34.99
3635,1448,1,1,129.99
3636,1448,63,3,17.99
3637,1448,15,1,29.99
3638,1449,54,3,79.99
3639,1450,55,2,16.99
3640,1451,3,1,49.99
3641,1452,47,2,14.99
3642,1452,39,1,39.99
3643,1452,39,1,39.99
3644,1453,50,1,39.99
3645,1454,64,3,21.99
3646,1454,15,1,29.99
3647,1454,55,3,16.99
3648,1455,59,1,9.99
3649,1455,31,2,9.99
3650,1456,59,1,9.99
3651,1456,43,2,44.99
3652,1457,9,2,299.99
3653,1457,41,1,17.99
3654,1457,65,1,9.99
3655,1458,13,1,139.99
3656,1458,1,1,129.99
3657,1458,37,1,22.99
3658,1458,68,3,54.99
3659,1459,54,1,79.99
3660,1459,50,3,39.99
3661,1459,36,3,18.99
3662,1459,31,3,9.99
3663,1460,8,1,249.99
3664,1461,2,2,39.99
3665,1461,17,3,36.99
3666,1461,24,1,149.99
3667,1462,37,3,22.99
3668,1462,8,3,249.99
3669,1462,17,1,36.99
3670,1462,33,1,13.99
3671,1463,22,2,89.99
3672,1463,40,2,49.99
3673,1464,1,2,129.99
3674,1465,7,1,27.99
3675,1465,34,3,19.99
3676,1466,11,3,34.99
3677,1466,31,1,9.99
3678,1467,53,3,22.99
3679,1467,21,3,84.99
3680,1468,38,3,18.99
3681,1468,4,2,24.99
3682,1468,16,3,24.99
3683,1469,62,3,9.99
3684,1469,51,1,32.99
3685,1469,59,1,9.99
3686,1469,36,3,18.99
3687,1470,13,3,139.99
3688,1471,30,2,44.99
3689,1472,41,2,17.99
3690,1472,69,1,14.99
3691,1472,30,2,44.99
3692,1472,26,3,159.99
3693,1473,58,3,12.99
3694,1473,66,1,34.99
3695,1473,39,2,39.99
3696,1473,3,2,49.99
3697,1474,10,1,149.99
3698,1475,14,1,99.99
3699,1475,16,2,24.99
3700,1476,21,2,84.99
3701,1476,4,1,24.99
3702,1476,16,3,24.99
3703,1477,59,3,9.99
3704,1477,67,3,12.99
3705,1477,42,3,24.99
3706,1478,6,3,79.99
3707,1478,50,1,39.99
3708,1478,51,1,32.99
3709,1478,40,2,49.99
3710,1479,60,2,179.99
3711,1480,45,3,39.99
3712,1480,25,1,16.99
3713,1480,65,1,9.99
3714,1480,40,2,49.99
3715,1481,38,1,18.99
3716,1482,52,3,24.99
3717,1482,31,1,9.99
3718,1482,51,2,32.99
3719,1482,64,3,21.99
3720,1483,25,2,16.99
3721,1483,22,1,89.99
3722,1484,26,2,159.99
3723,1484,49,2,44.99
3724,1484,69,3,14.99
3725,1484,43,3,44.99
3726,1485,58,3,12.99
3727,1485,10,2,149.99
3728,1486,38,2,18.99
3729,1486,24,3,149.99
3730,1486,46,2,27.99
3731,1487,8,3,249.99
3732,1488,46,1,27.99
3733,1488,40,2,49.99
3734,1488,61,3,139.99
3735,1489,4,3,24.99
3736,1489,29,2,64.99
3737,1490,7,2,27.99
3738,1491,9,3,299.99
3739,1492,31,3,9.99
3740,1492,6,2,79.99
3741,1492,34,2,19.99
3742,1492,44,3,34.99
3743,1493,26,3,159.99
3744,1493,59,3,9.99
3745,1493,55,2,16.99
3746,1494,67,1,12.99
3747,1495,3,3,49.99
3748,1495,67,2,12.99
3749,1495,59,1,9.99
3750,1495,27,2,17.99
3751,1496,49,3,44.99
3752,1496,11,1,34.99
3753,1496,35,3,12.99
3754,1497,53,3,22.99
3755,1498,48,3,17.99
3756,1499,2,3,39.99
3757,1500,37,3,22.99
3758,1500,45,3,39.99
3759,1501,34,2,19.99
3760,1501,60,3,179.99
3761,1502,59,2,9.99
3762,1502,30,3,44.99
3763,1503,12,2,22.99
3764,1504,11,2,34.99
3765,1505,61,2,139.99
3766,1505,35,1,12.99
3767,1506,16,1,24.99
3768,1506,26,1,159.99
3769,1507,33,3,13.99
3770,1507,57,2,39.99
3771,1507,27,1,17.99
3772,1508,14,2,99.99
3773,1508,22,2,89.99
3774,1508,20,1,21.99
3775,1509,32,3,14.99
3776,1509,29,3,64.99
3777,1509,46,3,27.99
3778,1510,34,3,19.99
3779,1510,1,3,129.99
3780,1510,54,1,79.99
3781,1510,47,2,14.99
3782,1511,11,3,34.99
3783,1511,56,2,15.99
3784,1511,60,3,179.99
3785,1511,16,1,24.99
3786,1512,46,3,27.99
3787,1513,63,3,17.99
3788,1514,3,1,49.99
3789,1514,22,3,89.99
3790,1514,46,1,27.99
3791,1515,6,1,79.99
3792,1515,53,1,22.99
3793,1515,60,2,179.99
3794,1516,63,3,17.99
3795,1516,45,2,39.99
3796,1516,6,2,79.99
3797,1516,53,3,22.99
3798,1517,11,1,34.99
3799,1517,9,3,299.99
3800,1518,17,3,36.99
3801,1518,21,2,84.99
3802,1519,65,2,9.99
3803,1519,14,3,99.99
3804,1520,4,1,24.99
3805,1520,54,2,79.99
3806,1520,28,3,89.99
3807,1521,55,2,16.99
3808,1521,31,2,9.99
3809,1521,11,1,34.99
3810,1521,57,2,39.99
3811,1522,59,2,9.99
3812,1522,29,1,64.99
3813,1522,23,2,22.99
3814,1523,48,3,17.99
3815,1523,53,3,22.99
3816,1524,30,1,44.99
3817,1524,11,2,34.99
3818,1525,56,3,15.99
3819,1525,60,3,179.99
3820,1526,64,3,21.99
3821,1527,10,2,149.99
3822,1527,54,3,79.99
3823,1528,11,3,34.99
3824,1529,28,3,89.99
3825,1530,23,1,22.99
3826,1531,26,2,159.99
3827,1531,7,1,27.99
3828,1531,39,1,39.99
3829,1531,39,1,39.99
3830,1532,34,2,19.99
3831,1532,35,3,12.99
3832,1532,9,2,299.99
3833,1532,65,1,9.99
3834,1533,66,3,34.99
3835,1533,40,1,49.99
3836,1533,22,3,89.99
3837,1533,52,3,24.99
3838,1534,22,1,89.99
3839,1534,23,3,22.99
3840,1535,69,1,14.99
3841,1535,56,2,15.99
3842,1535,23,3,22.99
3843,1535,63,2,17.99
3844,1536,35,1,12.99
3845,1536,37,2,22.99
3846,1536,30,2,44.99
3847,1536,29,1,64.99
3848,1537,8,2,249.99
3849,1537,14,2,99.99
3850,1537,48,1,17.99
3851,1538,38,3,18.99
3852,1538,22,1,89.99
3853,1538,62,3,9.99
3854,1539,36,3,18.99
3855,1539,20,1,21.99
3856,1539,47,1,14.99
3857,1539,19,1,69.99
3858,1540,30,2,44.99
3859,1541,40,3,49.99
3860,1541,46,3,27.99
3861,1541,27,3,17.99
3862,1542,11,2,34.99
3863,1542,2,2,39.99
3864,1542,8,2,249.99
3865,1543,58,1,12.99
3866,1543,19,3,69.99
3867,1543,44,2,34.99
3868,1544,67,1,12.99
3869,1544,49,2,44.99
3870,1544,42,2,24.99
3871,1544,2,1,39.99
3872,1545,12,3,22.99
3873,1546,57,2,39.99
3874,1546,56,3,15.99
3875,1546,68,3,54.99
3876,1547,63,2,17.99
3877,1547,35,2,12.99
3878,1547,15,2,29.99
3879,1548,22,1,89.99
3880,1549,12,1,22.99
3881,1549,11,3,34.99
3882,1549,36,1,18.99
3883,1549,22,1,89.99
3884,1550,15,3,29.99
3885,1550,22,2,89.99
3886,1551,32,3,14.99
3887,1551,2,1,39.99
3888,1551,16,3,24.99
3889,1552,48,2,17.99
3890,1552,45,1,39.99
3891,1552,11,1,34.99
3892,1553,9,1,299.99
3893,1554,4,1,24.99
3894,1554,4,1,24.99
3895,1555,63,2,17.99
3896,1555,15,3,29.99
3897,1555,62,3,9.99
3898,1556,55,2,16.99
3899,1557,42,1,24.99
3900,1557,18,2,26.99
3901,1558,25,2,16.99
3902,1558,9,1,299.99
3903,1559,3,1,49.99
3904,1559,7,3,27.99
3905,1559,22,2,89.99
3906,1559,6,1,79.99
3907,1560,23,2,22.99
3908,1561,20,2,21.99
3909,1561,15,1,29.99
3910,1562,58,2,12.99
3911,1562,64,1,21.99
3912,1562,66,1,34.99
3913,1563,9,1,299.99
3914,1563,63,3,17.99
3915,1564,13,1,139.99
3916,1565,65,1,9.99
3917,1565,20,2,21.99
3918,1565,4,1,24.99
3919,1565,20,1,21.99
3920,1566,14,3,99.99
3921,1566,34,3,19.99
3922,1566,32,1,14.99
3923,1567,4,2,24.99
3924,1567,29,2,64.99
3925,1567,34,3,19.99
3926,1568,18,1,26.99
3927,1568,42,1,24.99
3928,1569,42,1,24.99
3929,1569,10,1,149.99
3930,1569,26,2,159.99
3931,1569,48,2,17.99
3932,1570,30,3,44.99
3933,1570,49,1,44.99
3934,1571,69,3,14.99
3935,1571,68,3,54.99
3936,1571,45,2,39.99
3937,1571,25,2,16.99
3938,1572,62,1,9.99
3939,1573,30,1,44.99
3940,1573,11,3,34.99
3941,1574,27,3,17.99
3942,1575,2,2,39.99
3943,1575,9,3,299.99
3944,1575,8,2,249.99
3945,1575,66,2,34.99
3946,1576,46,2,27.99
3947,1576,21,2,84.99
3948,1576,50,1,39.99
3949,1576,68,3,54.99
3950,1577,3,1,49.99
3951,1578,29,2,64.99
3952,1579,10,2,149.99
3953,1579,60,3,179.99
3954,1579,11,3,34.99
3955,1580,25,1,16.99
3956,1581,68,1,54.99
3957,1581,7,2,27.99
3958,1581,63,1,17.99
3959,1581,23,1,22.99
3960,1582,14,1,99.99
3961,1582,51,3,32.99
3962,1582,12,1,22.99
3963,1583,58,1,12.99
3964,1583,11,3,34.99
3965,1584,51,2,32.99
3966,1584,48,1,17.99
3967,1585,25,1,16.99
3968,1586,18,2,26.99
3969,1586,34,1,19.99
3970,1586,55,3,16.99
3971,1587,27,3,17.99
3972,1588,18,3,26.99
3973,1588,21,1,84.99
3974,1588,22,2,89.99
3975,1588,14,3,99.99
3976,1589,14,3,99.99
3977,1589,63,3,17.99
3978,1589,26,2,159.99
3979,1590,25,1,16.99
3980,1590,22,1,89.99
3981,1590,43,1,44.99
3982,1590,5,3,89.99
3983,1591,45,3,39.99
3984,1592,59,2,9.99
3985,1592,38,2,18.99
3986,1593,29,3,64.99
3987,1593,64,1,21.99
3988,1593,53,2,22.99
3989,1593,5,3,89.99
3990,1594,1,2,129.99
3991,1595,61,3,139.99
3992,1595,25,2,16.99
3993,1595,63,2,17.99
3994,1595,7,2,27.99
3995,1596,47,1,14.99
3996,1596,48,3,17.99
3997,1597,66,1,34.99
3998,1597,11,3,34.99
3999,1597,14,3,99.99
4000,1597,19,1,69.99
4001,1598,32,1,14.99
4002,1598,47,3,14.99
4003,1599,67,3,12.99
4004,1599,13,2,139.99
4005,1599,53,2,22.99
4006,1599,60,1,179.99
4007,1600,65,3,9.99
4008,1600,34,3,19.99
4009,1600,65,1,9.99
4010,1601,45,3,39.99
4011,1601,68,3,54.99
4012,1602,53,1,22.99
4013,1603,42,1,24.99
4014,1603,31,1,9.99
4015,1604,63,3,17.99
4016,1604,9,1,299.99
4017,1604,3,2,49.99
4018,1604,49,2,44.99
4019,1605,42,1,24.99
4020,1605,9,1,299.99
4021,1606,36,2,18.99
4022,1607,26,2,159.99
4023,1607,26,2,159.99
4024,1607,45,1,39.99
4025,1607,6,3,79.99
4026,1608,41,1,17.99
4027,1608,52,2,24.99
4028,1608,61,1,139.99
4029,1608,3,3,49.99
4030,1609,69,3,14.99
4031,1609,47,2,14.99
4032,1609,54,1,79.99
4033,1610,21,3,84.99
4034,1610,26,1,159.99
4035,1610,33,2,13.99
4036,1610,44,3,34.99
4037,1611,19,2,69.99
4038,1611,33,3,13.99
4039,1611,39,3,39.99
4040,1611,32,3,14.99
4041,1612,8,2,249.99
4042,1612,25,1,16.99
4043,1612,48,3,17.99
4044,1612,59,1,9.99
4045,1613,63,2,17.99
4046,1613,24,3,149.99
4047,1613,10,1,149.99
4048,1614,33,3,13.99
4049,1615,40,1,49.99
4050,1615,41,1,17.99
4051,1615,68,2,54.99
4052,1616,41,1,17.99
4053,1616,46,1,27.99
4054,1616,24,2,149.99
4055,1617,50,2,39.99
4056,1617,1,1,129.99
4057,1618,11,1,34.99
4058,1619,68,3,54.99
4059,1619,50,3,39.99
4060,1620,28,1,89.99
4061,1620,64,2,21.99
4062,1620,69,1,14.99
4063,1620,45,1,39.99
4064,1621,26,3,159.99
4065,1621,21,2,84.99
4066,1622,36,3,18.99
4067,1622,57,2,39.99
4068,1622,8,3,249.99
4069,1622,39,3,39.99
4070,1623,58,3,12.99
4071,1623,42,2,24.99
4072,1623,53,1,22.99
4073,1623,5,2,89.99
4074,1624,26,2,159.99
4075,1624,32,3,14.99
4076,1625,52,1,24.99
4077,1625,3,2,49.99
4078,1626,63,3,17.99
4079,1626,54,3,79.99
4080,1626,35,1,12.99
4081,1626,45,2,39.99
4082,1627,10,2,149.99
4083,1627,18,1,26.99
4084,1627,44,1,34.99
4085,1627,52,3,24.99
4086,1628,54,3,79.99
4087,1628,43,3,44.99
4088,1629,31,2,9.99
4089,1629,45,1,39.99
4090,1629,28,3,89.99
4091,1629,50,1,39.99
4092,1630,46,2,27.99
4093,1630,2,3,39.99
4094,1630,40,1,49.99
4095,1630,53,2,22.99
4096,1631,49,2,44.99
4097,1631,27,2,17.99
4098,1631,57,3,39.99
4099,1632,41,2,17.99
4100,1632,19,2,69.99
4101,1632,50,1,39.99
4102,1632,22,1,89.99
4103,1633,3,2,49.99
4104,1633,25,1,16.99
4105,1633,35,2,12.99
4106,1634,66,2,34.99
4107,1634,59,1,9.99
4108,1635,22,2,89.99
4109,1635,2,1,39.99
4110,1635,41,3,17.99
4111,1636,64,1,21.99
4112,1636,1,2,129.99
4113,1636,61,2,139.99
4114,1636,45,1,39.99
4115,1637,3,2,49.99
4116,1638,16,3,24.99
4117,1638,60,2,179.99
4118,1638,31,2,9.99
4119,1639,65,3,9.99
4120,1639,27,2,17.99
4121,1639,64,2,21.99
4122,1640,54,2,79.99
4123,1641,60,3,179.99
4124,1642,43,3,44.99
4125,1642,23,1,22.99
4126,1642,45,3,39.99
4127,1643,6,3,79.99
4128,1644,34,2,19.99
4129,1644,46,2,27.99
4130,1645,43,3,44.99
4131,1645,21,1,84.99
4132,1645,15,3,29.99
4133,1646,22,2,89.99
4134,1647,63,2,17.99
4135,1647,6,1,79.99
4136,1647,28,3,89.99
4137,1648,14,3,99.99
4138,1648,27,3,17.99
4139,1649,16,1,24.99
4140,1649,13,2,139.99
4141,1649,24,2,149.99
4142,1650,15,3,29.99
4143,1650,62,3,9.99
4144,1651,20,1,21.99
4145,1651,5,3,89.99
4146,1651,58,3,12.99
4147,1652,54,3,79.99
4148,1652,18,1,26.99
4149,1653,2,1,39.99
4150,1653,17,1,36.99
4151,1654,44,2,34.99
4152,1655,36,2,18.99
4153,1655,22,3,89.99
4154,1655,26,1,159.99
4155,1656,13,2,139.99
4156,1656,18,2,26.99
4157,1656,8,3,249.99
4158,1656,48,1,17.99
4159,1657,13,2,139.99
4160,1658,43,2,44.99
4161,1658,28,2,89.99
4162,1658,2,1,39.99
4163,1658,68,1,54.99
4164,1659,19,2,69.99
4165,1659,54,1,79.99
4166,1659,21,2,84.99
4167,1659,56,2,15.99
4168,1660,27,2,17.99
4169,1660,64,2,21.99
4170,1661,35,2,12.99
4171,1661,42,3,24.99
4172,1662,25,3,16.99
4173,1662,22,2,89.99
4174,1663,14,3,99.99
4175,1664,20,2,21.99
4176,1664,26,2,159.99
4177,1664,27,2,17.99
4178,1664,7,1,27.99
4179,1665,33,3,13.99
4180,1665,21,1,84.99
4181,1665,29,1,64.99
4182,1666,63,1,17.99
4183,1666,41,1,17.99
4184,1666,8,1,249.99
4185,1667,57,1,39.99
4186,1668,56,2,15.99
4187,1668,31,2,9.99
4188,1668,9,1,299.99
4189,1668,24,1,149.99
4190,1669,56,2,15.99
4191,1670,48,2,17.99
4192,1670,56,1,15.99
4193,1671,1,3,129.99
4194,1672,56,1,15.99
4195,1672,49,3,44.99
4196,1673,21,1,84.99
4197,1673,28,3,89.99
4198,1674,62,1,9.99
4199,1675,62,3,9.99
4200,1676,43,3,44.99
4201,1676,63,3,17.99
4202,1677,66,1,34.99
4203,1677,4,3,24.99
4204,1677,36,2,18.99
4205,1677,30,3,44.99
4206,1678,40,2,49.99
4207,1679,62,2,9.99
4208,1679,41,3,17.99
4209,1679,15,1,29.99
4210,1679,53,2,22.99
4211,1680,25,2,16.99
4212,1680,69,1,14.99
4213,1681,20,1,21.99
4214,1681,37,2,22.99
4215,1681,31,1,9.99
4216,1681,48,2,17.99
4217,1682,32,1,14.99
4218,1682,55,3,16.99
4219,1682,67,1,12.99
4220,1682,17,2,36.99
4221,1683,48,3,17.99
4222,1684,10,1,149.99
4223,1684,58,2,12.99
4224,1685,47,1,14.99
4225,1686,31,1,9.99
4226,1687,44,3,34.99
4227,1688,20,3,21.99
4228,1689,20,3,21.99
4229,1689,33,3,13.99
4230,1689,20,1,21.99
4231,1690,53,3,22.99
4232,1690,28,1,89.99
4233,1690,52,1,24.99
4234,1691,66,2,34.99
4235,1691,45,3,39.99
4236,1692,55,2,16.99
4237,1692,34,3,19.99
4238,1692,5,1,89.99
4239,1692,2,2,39.99
4240,1693,19,1,69.99
4241,1694,43,1,44.99
4242,1694,9,1,299.99
4243,1694,47,2,14.99
4244,1694,55,3,16.99
4245,1695,54,1,79.99
4246,1695,62,2,9.99
4247,1695,6,2,79.99
4248,1696,15,2,29.99
4249,1696,63,1,17.99
4250,1696,24,2,149.99
4251,1696,17,1,36.99
4252,1697,31,2,9.99
4253,1697,51,3,32.99
4254,1697,54,2,79.99
4255,1698,51,3,32.99
4256,1698,55,2,16.99
4257,1699,43,3,44.99
4258,1699,2,3,39.99
4259,1700,52,1,24.99
4260,1700,68,3,54.99
4261,1700,65,1,9.99
4262,1700,57,1,39.99
4263,1701,47,1,14.99
4264,1701,26,1,159.99
4265,1702,59,1,9.99
4266,1702,40,1,49.99
4267,1703,60,1,179.99
4268,1703,61,1,139.99
4269,1703,60,3,179.99
4270,1704,34,3,19.99
4271,1705,59,3,9.99
4272,1706,53,3,22.99
4273,1706,26,1,159.99
4274,1706,4,1,24.99
4275,1706,48,3,17.99
4276,1707,25,3,16.99
4277,1707,50,1,39.99
4278,1708,16,3,24.99
4279,1708,15,1,29.99
4280,1708,61,1,139.99
4281,1709,26,3,159.99
4282,1710,28,2,89.99
4283,1710,48,1,17.99
4284,1710,37,2,22.99
4285,1710,51,3,32.99
4286,1711,22,2,89.99
4287,1711,10,2,149.99
4288,1711,50,1,39.99
4289,1712,19,3,69.99
4290,1713,38,1,18.99
4291,1713,27,1,17.99
4292,1713,21,2,84.99
4293,1714,68,3,54.99
4294,1714,46,2,27.99
4295,1714,47,3,14.99
4296,1714,60,1,179.99
4297,1715,17,3,36.99
4298,1715,59,1,9.99
4299,1715,5,3,89.99
4300,1715,40,1,49.99
4301,1716,10,2,149.99
4302,1717,31,2,9.99
4303,1717,29,1,64.99
4304,1717,66,2,34.99
4305,1718,50,3,39.99
4306,1718,67,2,12.99
4307,1718,66,2,34.99
4308,1719,12,1,22.99
4309,1719,53,3,22.99
4310,1719,9,2,299.99
4311,1719,27,1,17.99
4312,1720,53,1,22.99
4313,1720,16,1,24.99
4314,1720,37,3,22.99
4315,1720,6,2,79.99
4316,1721,38,3,18.99
4317,1721,54,1,79.99
4318,1721,55,1,16.99
4319,1721,9,3,299.99
4320,1722,15,2,29.99
4321,1722,54,2,79.99
4322,1722,59,3,9.99
4323,1722,3,2,49.99
4324,1723,20,3,21.99
4325,1723,52,2,24.99
4326,1723,51,3,32.99
4327,1723,14,2,99.99
4328,1724,62,3,9.99
4329,1724,44,2,34.99
4330,1724,3,2,49.99
4331,1725,39,1,39.99
4332,1726,61,2,139.99
4333,1726,12,1,22.99
4334,1726,23,1,22.99
4335,1726,44,3,34.99
4336,1727,16,3,24.99
4337,1727,6,2,79.99
4338,1728,10,2,149.99
4339,1728,37,2,22.99
4340,1728,69,2,14.99
4341,1728,66,2,34.99
4342,1729,49,1,44.99
4343,1730,12,1,22.99
4344,1730,41,1,17.99
4345,1730,40,1,49.99
4346,1731,1,1,129.99
4347,1731,30,3,44.99
4348,1731,9,3,299.99
4349,1732,30,2,44.99
4350,1732,40,1,49.99
4351,1732,1,2,129.99
4352,1732,61,2,139.99
4353,1733,38,2,18.99
4354,1733,3,1,49.99
4355,1733,47,3,14.99
4356,1733,28,2,89.99
4357,1734,50,2,39.99
4358,1734,57,1,39.99
4359,1734,5,2,89.99
4360,1734,59,1,9.99
4361,1735,29,3,64.99
4362,1735,50,1,39.99
4363,1736,31,3,9.99
4364,1736,33,2,13.99
4365,1737,55,1,16.99
4366,1737,15,1,29.99
4367,1737,62,1,9.99
4368,1737,2,3,39.99
4369,1738,9,1,299.99
4370,1738,58,2,12.99
4371,1738,50,1,39.99
4372,1738,20,2,21.99
4373,1739,64,3,21.99
4374,1739,23,1,22.99
4375,1739,57,2,39.99
4376,1740,23,3,22.99
4377,1740,37,2,22.99
4378,1740,69,2,14.99
4379,1740,21,1,84.99
4380,1741,66,2,34.99
4381,1741,22,1,89.99
4382,1741,25,1,16.99
4383,1741,6,1,79.99
4384,1742,66,3,34.99
4385,1742,10,1,149.99
4386,1742,15,1,29.99
4387,1742,57,3,39.99
4388,1743,37,3,22.99
4389,1743,11,3,34.99
4390,1743,19,2,69.99
4391,1744,21,2,84.99
4392,1744,29,1,64.99
4393,1744,21,1,84.99
4394,1744,52,2,24.99
4395,1745,14,2,99.99
4396,1746,47,2,14.99
4397,1746,49,3,44.99
4398,1746,13,2,139.99
4399,1747,68,1,54.99
4400,1747,12,3,22.99
4401,1747,26,2,159.99
4402,1748,48,3,17.99
4403,1748,20,2,21.99
4404,1748,14,3,99.99
4405,1749,24,1,149.99
4406,1749,33,1,13.99
4407,1749,58,1,12.99
4408,1749,45,1,39.99
4409,1750,67,2,12.99
4410,1750,45,3,39.99
4411,1750,47,1,14.99
4412,1750,8,3,249.99
4413,1751,55,2,16.99
4414,1752,10,2,149.99
4415,1752,2,3,39.99
4416,1752,19,1,69.99
4417,1753,60,1,179.99
4418,1753,29,2,64.99
4419,1754,48,2,17.99
4420,1754,14,1,99.99
4421,1754,41,3,17.99
4422,1754,31,3,9.99
4423,1755,36,2,18.99
4424,1755,52,3,24.99
4425,1755,34,1,19.99
4426,1755,31,3,9.99
4427,1756,12,1,22.99
4428,1757,48,1,17.99
4429,1757,12,3,22.99
4430,1758,61,3,139.99
4431,1759,32,1,14.99
4432,1760,23,2,22.99
4433,1760,58,1,12.99
4434,1761,45,3,39.99
4435,1761,58,1,12.99
4436,1762,59,1,9.99
4437,1762,33,3,13.99
4438,1763,69,2,14.99
4439,1763,45,3,39.99
4440,1763,30,1,44.99
4441,1763,16,3,24.99
4442,1764,28,2,89.99
4443,1764,68,1,54.99
4444,1764,10,2,149.99
4445,1764,59,1,9.99
4446,1765,17,3,36.99
4447,1765,26,2,159.99
4448,1766,4,1,24.99
4449,1766,45,3,39.99
4450,1767,6,3,79.99
4451,1767,32,2,14.99
4452,1768,16,3,24.99
4453,1769,41,1,17.99
4454,1769,30,2,44.99
4455,1769,51,2,32.99
4456,1770,59,1,9.99
4457,1770,26,1,159.99
4458,1771,20,2,21.99
4459,1771,48,3,17.99
4460,1772,29,3,64.99
4461,1773,25,2,16.99
4462,1773,27,2,17.99
4463,1773,6,1,79.99
4464,1773,13,2,139.99
4465,1774,56,1,15.99
4466,1774,2,3,39.99
4467,1774,3,3,49.99
4468,1775,9,3,299.99
4469,1775,14,3,99.99
4470,1775,40,2,49.99
4471,1776,50,2,39.99
4472,1776,19,3,69.99
4473,1776,33,3,13.99
4474,1777,57,1,39.99
4475,1777,1,3,129.99
4476,1777,49,1,44.99
4477,1778,42,1,24.99
4478,1779,56,2,15.99
4479,1779,46,2,27.99
4480,1780,24,1,149.99
4481,1780,69,3,14.99
4482,1780,64,2,21.99
4483,1781,15,3,29.99
4484,1782,11,3,34.99
4485,1782,3,2,49.99
4486,1782,15,2,29.99
4487,1782,40,3,49.99
4488,1783,20,1,21.99
4489,1784,63,3,17.99
4490,1784,10,1,149.99
4491,1784,19,1,69.99
4492,1785,34,2,19.99
4493,1785,23,2,22.99
4494,1785,56,2,15.99
4495,1786,44,3,34.99
4496,1786,2,3,39.99
4497,1786,43,3,44.99
4498,1786,47,2,14.99
4499,1787,66,1,34.99
4500,1787,36,2,18.99
4501,1787,19,1,69.99
4502,1787,38,3,18.99
4503,1788,55,2,16.99
4504,1789,13,2,139.99
4505,1789,21,2,84.99
4506,1789,8,1,249.99
4507,1790,6,3,79.99
4508,1790,31,1,9.99
4509,1790,51,2,32.99
4510,1790,58,2,12.99
4511,1791,64,3,21.99
4512,1791,11,2,34.99
4513,1792,52,1,24.99
4514,1792,48,3,17.99
4515,1792,20,3,21.99
4516,1792,12,2,22.99
4517,1793,19,2,69.99
4518,1793,64,3,21.99
4519,1793,2,1,39.99
4520,1794,10,3,149.99
4521,1794,68,1,54.99
4522,1795,55,3,16.99
4523,1796,10,1,149.99
4524,1797,10,1,149.99
4525,1798,52,1,24.99
4526,1798,51,1,32.99
4527,1798,17,3,36.99
4528,1799,16,3,24.99
4529,1799,62,3,9.99
4530,1799,63,2,17.99
4531,1800,24,2,149.99
4532,1800,58,1,12.99
4533,1801,58,1,12.99
4534,1802,2,3,39.99
4535,1802,56,1,15.99
4536,1803,31,1,9.99
4537,1803,8,1,249.99
4538,1804,52,3,24.99
4539,1804,35,1,12.99
4540,1805,57,3,39.99
4541,1805,35,1,12.99
4542,1806,62,1,9.99
4543,1806,59,1,9.99
4544,1807,9,1,299.99
4545,1807,60,2,179.99
4546,1807,6,3,79.99
4547,1807,64,1,21.99
4548,1808,3,3,49.99
4549,1808,53,3,22.99
4550,1808,5,3,89.99
4551,1809,58,2,12.99
4552,1809,15,1,29.99
4553,1809,32,1,14.99
4554,1809,53,1,22.99
4555,1810,25,2,16.99
4556,1811,32,1,14.99
4557,1811,31,3,9.99
4558,1811,25,2,16.99
4559,1812,29,1,64.99
4560,1812,69,1,14.99
4561,1812,4,2,24.99
4562,1812,3,1,49.99
4563,1813,17,1,36.99
4564,1813,14,2,99.99
4565,1813,31,1,9.99
4566,1814,24,1,149.99
4567,1815,14,2,99.99
4568,1815,3,2,49.99
4569,1816,2,1,39.99
4570,1816,33,2,13.99
4571,1817,65,1,9.99
4572,1817,63,1,17.99
4573,1817,47,1,14.99
4574,1818,8,2,249.99
4575,1818,41,3,17.99
4576,1819,27,3,17.99
4577,1819,36,2,18.99
4578,1820,19,3,69.99
4579,1820,60,1,179.99
4580,1820,66,2,34.99
4581,1821,39,1,39.99
4582,1821,25,1,16.99
4583,1821,53,1,22.99
4584,1821,20,2,21.99
4585,1822,45,1,39.99
4586,1822,69,2,14.99
4587,1823,24,1,149.99
4588,1823,33,2,13.99
4589,1823,62,1,9.99
4590,1823,47,1,14.99
4591,1824,42,3,24.99
4592,1824,2,1,39.99
4593,1825,8,3,249.99
4594,1826,67,2,12.99
4595,1826,1,3,129.99
4596,1826,32,2,14.99
4597,1826,43,1,44.99
4598,1827,53,2,22.99
4599,1827,18,3,26.99
4600,1828,17,3,36.99
4601,1828,3,1,49.99
4602,1828,26,3,159.99
4603,1828,58,1,12.99
4604,1829,7,1,27.99
4605,1829,59,2,9.99
4606,1829,13,1,139.99
4607,1829,59,2,9.99
4608,1830,1,3,129.99
4609,1831,56,1,15.99
4610,1831,4,2,24.99
4611,1831,40,3,49.99
4612,1832,37,3,22.99
4613,1832,21,1,84.99
4614,1832,66,1,34.99
4615,1832,13,1,139.99
4616,1833,13,1,139.99
4617,1834,40,2,49.99
4618,1834,57,2,39.99
4619,1834,18,2,26.99
4620,1834,39,3,39.99
4621,1835,68,1,54.99
4622,1835,14,1,99.99
4623,1835,56,1,15.99
4624,1836,47,2,14.99
4625,1836,64,3,21.99
4626,1837,2,2,39.99
4627,1837,5,2,89.99
4628,1837,66,2,34.99
4629,1837,37,1,22.99
4630,1838,15,3,29.99
4631,1838,24,3,149.99
4632,1839,26,3,159.99
4633,1839,56,1,15.99
4634,1839,65,2,9.99
4635,1839,42,2,24.99
4636,1840,46,2,27.99
4637,1840,65,3,9.99
4638,1840,45,2,39.99
4639,1840,2,1,39.99
4640,1841,22,1,89.99
4641,1842,8,3,249.99
4642,1842,46,3,27.99
4643,1843,51,2,32.99
4644,1843,56,3,15.99
4645,1844,8,1,249.99
4646,1845,69,2,14.99
4647,1846,23,1,22.99
4648,1846,65,1,9.99
4649,1847,27,2,17.99
4650,1847,12,3,22.99
4651,1848,41,1,17.99
4652,1849,45,2,39.99
4653,1849,20,1,21.99
4654,1849,42,3,24.99
4655,1850,17,1,36.99
4656,1850,40,1,49.99
4657,1850,47,1,14.99
4658,1850,51,1,32.99
4659,1851,66,3,34.99
4660,1851,10,1,149.99
4661,1851,4,2,24.99
4662,1851,54,3,79.99
4663,1852,2,2,39.99
4664,1852,16,1,24.99
4665,1852,10,1,149.99
4666,1852,37,1,22.99
4667,1853,39,1,39.99
4668,1853,63,1,17.99
4669,1853,12,1,22.99
4670,1853,68,3,54.99
4671,1854,57,2,39.99
4672,1854,35,2,12.99
4673,1854,14,3,99.99
4674,1854,14,1,99.99
4675,1855,4,2,24.99
4676,1855,38,3,18.99
4677,1855,51,3,32.99
4678,1856,8,3,249.99
4679,1856,4,2,24.99
4680,1856,1,1,129.99
4681,1857,4,1,24.99
4682,1858,45,1,39.99
4683,1858,13,1,139.99
4684,1859,52,1,24.99
4685,1859,5,1,89.99
4686,1859,25,2,16.99
4687,1859,24,1,149.99
4688,1860,59,1,9.99
4689,1860,50,2,39.99
4690,1861,30,2,44.99
4691,1861,9,1,299.99
4692,1861,29,2,64.99
4693,1861,47,2,14.99
4694,1862,23,2,22.99
4695,1863,25,2,16.99
4696,1863,27,2,17.99
4697,1864,32,2,14.99
4698,1864,44,3,34.99
4699,1865,13,1,139.99
4700,1865,69,1,14.99
4701,1865,11,3,34.99
4702,1866,5,2,89.99
4703,1866,4,3,24.99
4704,1866,27,1,17.99
4705,1866,62,3,9.99
4706,1867,3,1,49.99
4707,1867,69,1,14.99
4708,1867,32,2,14.99
4709,1868,31,3,9.99
4710,1868,38,2,18.99
4711,1868,29,3,64.99
4712,1868,66,1,34.99
4713,1869,53,1,22.99
4714,1869,17,3,36.99
4715,1869,51,3,32.99
4716,1870,4,3,24.99
4717,1870,57,3,39.99
4718,1870,67,3,12.99
4719,1870,69,2,14.99
4720,1871,37,2,22.99
4721,1872,48,1,17.99
4722,1872,9,2,299.99
4723,1873,4,3,24.99
4724,1873,27,3,17.99
4725,1873,57,3,39.99
4726,1874,10,1,149.99
4727,1874,51,2,32.99
4728,1874,49,3,44.99
4729,1874,50,1,39.99
4730,1875,51,1,32.99
4731,1875,38,1,18.99
4732,1875,43,1,44.99
4733,1875,51,3,32.99
4734,1876,47,1,14.99
4735,1876,49,1,44.99
4736,1877,43,3,44.99
4737,1878,47,1,14.99
4738,1878,29,3,64.99
4739,1878,57,2,39.99
4740,1878,48,2,17.99
4741,1879,32,3,14.99
4742,1880,64,3,21.99
4743,1880,4,3,24.99
4744,1881,54,2,79.99
4745,1882,21,2,84.99
4746,1883,46,1,27.99
4747,1883,38,3,18.99
4748,1883,28,2,89.99
4749,1883,55,1,16.99
4750,1884,21,3,84.99
4751,1884,40,1,49.99
4752,1884,24,1,149.99
4753,1885,20,3,21.99
4754,1885,66,3,34.99
4755,1885,31,3,9.99
4756,1885,1,1,129.99
4757,1886,57,2,39.99
4758,1887,22,1,89.99
4759,1887,20,1,21.99
4760,1887,50,2,39.99
4761,1888,63,2,17.99
4762,1888,15,1,29.99
4763,1888,66,3,34.99
4764,1889,64,2,21.99
4765,1890,62,1,9.99
4766,1891,65,1,9.99
4767,1891,28,1,89.99
4768,1891,13,1,139.99
4769,1891,58,3,12.99
4770,1892,57,1,39.99
4771,1892,52,2,24.99
4772,1893,65,1,9.99
4773,1893,24,1,149.99
4774,1893,3,1,49.99
4775,1893,45,3,39.99
4776,1894,39,3,39.99
4777,1894,19,2,69.99
4778,1894,69,3,14.99
4779,1894,38,1,18.99
4780,1895,5,3,89.99
4781,1895,35,1,12.99
4782,1895,68,3,54.99
4783,1895,3,1,49.99
4784,1896,43,3,44.99
4785,1896,65,2,9.99
4786,1897,37,2,22.99
4787,1897,40,3,49.99
4788,1897,4,2,24.99
4789,1898,57,3,39.99
4790,1898,33,2,13.99
4791,1898,52,2,24.99
4792,1899,3,2,49.99
4793,1899,25,1,16.99
4794,1899,36,2,18.99
4795,1900,69,3,14.99
4796,1901,22,1,89.99
4797,1902,47,1,14.99
4798,1902,41,3,17.99
4799,1903,63,2,17.99
4800,1903,27,3,17.99
4801,1904,64,2,21.99
4802,1904,33,1,13.99
4803,1904,51,2,32.99
4804,1905,23,3,22.99
4805,1905,44,2,34.99
4806,1905,3,1,49.99
4807,1906,19,2,69.99
4808,1906,55,2,16.99
4809,1907,67,3,12.99
4810,1907,36,2,18.99
4811,1907,69,2,14.99
4812,1908,29,3,64.99
4813,1908,13,3,139.99
4814,1908,53,1,22.99
4815,1908,50,1,39.99
4816,1909,60,2,179.99
4817,1909,34,1,19.99
4818,1909,40,1,49.99
4819,1910,33,1,13.99
4820,1910,53,1,22.99
4821,1910,18,3,26.99
4822,1911,53,2,22.99
4823,1911,63,2,17.99
4824,1912,48,1,17.99
4825,1912,17,1,36.99
4826,1912,25,3,16.99
4827,1912,35,2,12.99
4828,1913,65,3,9.99
4829,1913,41,3,17.99
4830,1914,4,1,24.99
4831,1914,68,3,54.99
4832,1915,44,3,34.99
4833,1915,67,2,12.99
4834,1916,22,3,89.99
4835,1916,3,3,49.99
4836,1916,53,2,22.99
4837,1916,5,3,89.99
4838,1917,16,2,24.99
4839,1917,4,1,24.99
4840,1917,59,2,9.99
4841,1918,51,3,32.99
4842,1918,47,1,14.99
4843,1918,7,2,27.99
4844,1919,23,3,22.99
4845,1919,69,3,14.99
4846,1919,59,2,9.99
4847,1920,7,3,27.99
4848,1920,19,2,69.99
4849,1920,15,1,29.99
4850,1920,34,3,19.99
4851,1921,56,1,15.99
4852,1921,67,2,12.99
4853,1922,3,2,49.99
4854,1922,40,3,49.99
4855,1922,35,3,12.99
4856,1922,22,3,89.99
4857,1923,58,2,12.99
4858,1924,48,1,17.99
4859,1924,30,1,44.99
4860,1925,37,1,22.99
4861,1925,3,1,49.99
4862,1926,60,1,179.99
4863,1926,10,1,149.99
4864,1927,60,2,179.99
4865,1927,15,1,29.99
4866,1927,28,3,89.99
4867,1927,45,1,39.99
4868,1928,49,2,44.99
4869,1929,33,3,13.99
4870,1930,62,3,9.99
4871,1930,67,2,12.99
4872,1931,17,3,36.99
4873,1931,64,2,21.99
4874,1931,26,2,159.99
4875,1931,55,1,16.99
4876,1932,7,2,27.99
4877,1932,44,2,34.99
4878,1932,1,3,129.99
4879,1933,57,1,39.99
4880,1933,6,1,79.99
4881,1933,4,1,24.99
4882,1934,29,1,64.99
4883,1934,54,3,79.99
4884,1934,65,1,9.99
4885,1935,14,3,99.99
4886,1935,16,1,24.99
4887,1935,26,1,159.99
4888,1936,20,3,21.99
4889,1936,46,2,27.99
4890,1936,5,2,89.99
4891,1936,17,3,36.99
4892,1937,8,1,249.99
4893,1937,35,3,12.99
4894,1938,61,2,139.99
4895,1938,45,1,39.99
4896,1938,28,1,89.99
4897,1939,40,1,49.99
4898,1940,65,3,9.99
4899,1940,55,1,16.99
4900,1941,45,1,39.99
4901,1941,16,2,24.99
4902,1941,26,2,159.99
4903,1942,40,2,49.99
4904,1943,46,1,27.99
4905,1943,3,2,49.99
4906,1944,31,1,9.99
4907,1944,10,2,149.99
4908,1945,49,1,44.99
4909,1945,24,3,149.99
4910,1945,2,3,39.99
4911,1945,22,2,89.99
4912,1946,34,1,19.99
4913,1946,12,3,22.99
4914,1947,18,2,26.99
4915,1948,35,3,12.99
4916,1948,43,2,44.99
4917,1948,14,1,99.99
4918,1949,9,1,299.99
4919,1949,38,1,18.99
4920,1950,31,1,9.99
4921,1950,22,1,89.99
4922,1950,63,1,17.99
4923,1951,22,1,89.99
4924,1952,4,2,24.99
4925,1953,35,2,12.99
4926,1953,48,1,17.99
4927,1954,67,2,12.99
4928,1954,31,3,9.99
4929,1955,59,1,9.99
4930,1956,19,1,69.99
4931,1957,30,3,44.99
4932,1958,48,1,17.99
4933,1959,21,1,84.99
4934,1959,35,1,12.99
4935,1959,57,1,39.99
4936,1959,65,3,9.99
4937,1960,20,1,21.99
4938,1960,10,1,149.99
4939,1960,11,2,34.99
4940,1961,32,3,14.99
4941,1962,24,2,149.99
4942,1962,51,1,32.99
4943,1962,69,3,14.99
4944,1963,1,3,129.99
4945,1963,41,1,17.99
4946,1964,3,3,49.99
4947,1964,21,3,84.99
4948,1964,27,2,17.99
4949,1964,44,1,34.99
4950,1965,3,3,49.99
4951,1966,54,2,79.99
4952,1966,4,3,24.99
4953,1966,1,2,129.99
4954,1966,40,1,49.99
4955,1967,69,3,14.99
4956,1968,60,3,179.99
4957,1968,41,2,17.99
4958,1968,23,2,22.99
4959,1969,23,2,22.99
4960,1970,35,1,12.99
4961,1971,5,3,89.99
4962,1972,3,3,49.99
4963,1972,42,1,24.99
4964,1973,45,3,39.99
4965,1973,23,1,22.99
4966,1974,19,2,69.99
4967,1974,5,1,89.99
4968,1974,59,2,9.99
4969,1975,49,3,44.99
4970,1975,30,3,44.99
4971,1976,7,3,27.99
4972,1976,10,2,149.99
4973,1977,34,1,19.99
4974,1977,44,1,34.99
4975,1977,37,2,22.99
4976,1977,28,3,89.99
4977,1978,11,2,34.99
4978,1978,13,2,139.99
4979,1979,49,3,44.99
4980,1979,48,2,17.99
4981,1979,44,2,34.99
4982,1980,54,2,79.99
4983,1980,69,3,14.99
4984,1980,61,2,139.99
4985,1981,69,2,14.99
4986,1982,58,2,12.99
4987,1982,69,2,14.99
4988,1982,32,3,14.99
4989,1983,6,2,79.99
4990,1983,46,1,27.99
4991,1983,62,3,9.99
4992,1984,17,3,36.99
4993,1984,15,3,29.99
4994,1984,64,2,21.99
4995,1984,42,2,24.99
4996,1985,39,2,39.99
4997,1985,7,3,27.99
4998,1985,48,1,17.99
4999,1986,45,2,39.99
5000,1986,69,1,14.99
5001,1986,9,3,299.99
5002,1986,35,2,12.99
5003,1987,7,3,27.99
5004,1988,20,1,21.99
5005,1988,67,2,12.99
5006,1988,63,2,17.99
5007,1989,7,2,27.99
5008,1990,28,3,89.99
5009,1990,27,3,17.99
5010,1990,48,1,17.99
5011,1990,44,3,34.99
5012,1991,9,3,299.99
5013,1991,47,3,14.99
5014,1991,62,2,9.99
5015,1991,48,1,17.99
5016,1992,25,3,16.99
5017,1992,20,3,21.99
5018,1992,69,2,14.99
5019,1993,4,1,24.99
5020,1993,25,2,16.99
5021,1993,14,2,99.99
5022,1994,61,2,139.99
5023,1994,45,3,39.99
5024,1994,18,3,26.99
5025,1994,65,2,9.99
5026,1995,58,2,12.99
5027,1995,6,3,79.99
5028,1995,65,1,9.99
5029,1996,31,1,9.99
5030,1997,24,1,149.99
5031,1997,29,1,64.99
5032,1998,62,1,9.99
5033,1998,52,3,24.99
5034,1998,9,3,299.99
5035,1999,18,2,26.99
5036,1999,31,1,9.99
5037,1999,7,2,27.99
5038,2000,27,2,17.99
5039,2001,12,2,22.99
5040,2001,65,1,9.99
5041,2002,20,1,21.99
5042,2003,63,1,17.99
5043,2004,57,3,39.99
5044,2005,6,2,79.99
5045,2005,69,1,14.99
5046,2006,30,2,44.99
5047,2006,63,1,17.99
5048,2006,18,3,26.99
5049,2006,49,2,44.99
5050,2007,1,2,129.99
5051,2008,11,3,34.99
5052,2008,25,3,16.99
5053,2009,31,2,9.99
5054,2009,24,3,149.99
5055,2009,38,2,18.99
5056,2010,23,1,22.99
5057,2010,6,3,79.99
5058,2011,34,1,19.99
5059,2012,60,1,179.99
5060,2012,6,1,79.99
5061,2012,62,2,9.99
5062,2013,38,1,18.99
5063,2013,42,1,24.99
5064,2014,60,3,179.99
5065,2015,23,1,22.99
5066,2016,5,2,89.99
5067,2017,13,2,139.99
5068,2017,23,3,22.99
5069,2017,44,2,34.99
5070,2017,7,1,27.99
5071,2018,25,3,16.99
5072,2018,58,3,12.99
5073,2019,60,2,179.99
5074,2019,61,3,139.99
5075,2020,27,3,17.99
5076,2020,36,3,18.99
5077,2021,48,3,17.99
5078,2021,36,2,18.99
5079,2021,46,3,27.99
5080,2022,23,3,22.99
5081,2023,48,1,17.99
5082,2024,17,3,36.99
5083,2024,63,1,17.99
5084,2024,63,2,17.99
5085,2024,7,3,27.99
5086,2025,20,2,21.99
5087,2025,18,2,26.99
5088,2025,16,3,24.99
5089,2025,65,3,9.99
5090,2026,19,3,69.99
5091,2026,15,2,29.99
5092,2026,38,3,18.99
5093,2027,1,3,129.99
5094,2027,55,1,16.99
5095,2028,69,1,14.99
5096,2028,20,1,21.99
5097,2029,3,3,49.99
5098,2029,60,1,179.99
5099,2030,68,2,54.99
5100,2030,59,1,9.99
5101,2030,17,3,36.99
5102,2030,68,2,54.99
5103,2031,36,3,18.99
5104,2031,29,3,64.99
5105,2031,12,3,22.99
5106,2031,29,3,64.99
5107,2032,49,2,44.99
5108,2032,48,3,17.99
5109,2032,44,3,34.99
5110,2033,2,2,39.99
5111,2034,11,1,34.99
5112,2035,13,1,139.99
5113,2035,12,2,22.99
5114,2035,31,1,9.99
5115,2036,56,2,15.99
5116,2036,61,2,139.99
5117,2036,36,1,18.99
5118,2036,56,1,15.99
5119,2037,69,2,14.99
5120,2037,9,2,299.99
5121,2037,25,3,16.99
5122,2038,43,2,44.99
5123,2039,31,2,9.99
5124,2040,29,2,64.99
5125,2040,57,3,39.99
5126,2040,62,3,9.99
5127,2041,57,3,39.99
5128,2041,50,1,39.99
5129,2042,37,1,22.99
5130,2043,28,3,89.99
5131,2043,33,1,13.99
5132,2043,14,2,99.99
5133,2043,30,2,44.99
5134,2044,28,2,89.99
5135,2045,9,1,299.99
5136,2045,67,1,12.99
5137,2046,34,3,19.99
5138,2046,17,1,36.99
5139,2046,21,2,84.99
5140,2046,30,3,44.99
5141,2047,2,3,39.99
5142,2048,51,2,32.99
5143,2048,69,1,14.99
5144,2048,17,1,36.99
5145,2048,43,3,44.99
5146,2049,57,3,39.99
5147,2049,33,3,13.99
5148,2049,37,3,22.99
5149,2049,57,1,39.99
5150,2050,10,1,149.99
5151,2051,29,2,64.99
5152,2052,18,3,26.99
5153,2052,13,3,139.99
5154,2053,9,3,299.99
5155,2053,55,2,16.99
5156,2053,57,3,39.99
5157,2053,43,2,44.99
5158,2054,49,3,44.99
5159,2054,27,3,17.99
5160,2054,8,3,249.99
5161,2055,30,1,44.99
5162,2055,66,1,34.99
5163,2056,1,3,129.99
5164,2056,67,2,12.99
5165,2057,39,2,39.99
5166,2057,24,3,149.99
5167,2057,35,3,12.99
5168,2058,56,2,15.99
5169,2058,21,3,84.99
5170,2058,29,2,64.99
5171,2058,16,2,24.99
5172,2059,6,3,79.99
5173,2059,39,3,39.99
5174,2059,63,3,17.99
5175,2059,16,3,24.99
5176,2060,11,1,34.99
5177,2060,21,1,84.99
5178,2060,9,2,299.99
5179,2060,57,1,39.99
5180,2061,4,3,24.99
5181,2061,58,3,12.99
5182,2061,24,2,149.99
5183,2061,66,2,34.99
5184,2062,25,3,16.99
5185,2062,9,1,299.99
5186,2062,6,1,79.99
5187,2062,21,1,84.99
5188,2063,12,2,22.99
5189,2063,43,3,44.99
5190,2063,4,3,24.99
5191,2063,26,1,159.99
5192,2064,4,3,24.99
5193,2064,48,1,17.99
5194,2064,35,1,12.99
5195,2064,33,3,13.99
5196,2065,9,2,299.99
5197,2065,45,2,39.99
5198,2065,17,3,36.99
5199,2066,61,3,139.99
5200,2067,69,1,14.99
5201,2067,55,2,16.99
5202,2067,15,2,29.99
5203,2067,50,1,39.99
5204,2068,12,3,22.99
5205,2068,65,1,9.99
5206,2068,31,1,9.99
5207,2068,57,3,39.99
5208,2069,47,2,14.99
5209,2069,6,2,79.99
5210,2069,38,1,18.99
5211,2069,38,2,18.99
5212,2070,64,1,21.99
5213,2070,20,2,21.99
5214,2070,15,3,29.99
5215,2071,31,1,9.99
5216,2071,54,1,79.99
5217,2072,67,2,12.99
5218,2073,44,3,34.99
5219,2073,48,2,17.99
5220,2073,20,2,21.99
5221,2074,38,1,18.99
5222,2074,7,1,27.99
5223,2074,1,3,129.99
5224,2075,11,1,34.99
5225,2076,33,2,13.99
5226,2076,4,3,24.99
5227,2076,47,1,14.99
5228,2077,10,3,149.99
5229,2077,19,1,69.99
5230,2078,28,2,89.99
5231,2078,8,1,249.99
5232,2078,37,1,22.99
5233,2079,31,1,9.99
5234,2079,10,3,149.99
5235,2079,42,2,24.99
5236,2079,23,3,22.99
5237,2080,52,1,24.99
5238,2080,69,1,14.99
5239,2081,47,1,14.99
5240,2081,29,3,64.99
5241,2082,42,2,24.99
5242,2083,25,3,16.99
5243,2083,27,3,17.99
5244,2083,67,2,12.99
5245,2084,14,3,99.99
5246,2084,5,2,89.99
5247,2084,21,1,84.99
5248,2085,12,2,22.99
5249,2085,28,3,89.99
5250,2086,33,3,13.99
5251,2086,35,1,12.99
5252,2086,14,2,99.99
5253,2087,56,3,15.99
5254,2088,12,3,22.99
5255,2089,68,1,54.99
5256,2089,10,2,149.99
5257,2090,69,3,14.99
5258,2090,35,3,12.99
5259,2091,14,1,99.99
5260,2091,33,2,13.99
5261,2091,18,1,26.99
5262,2091,44,1,34.99
5263,2092,40,1,49.99
5264,2092,36,2,18.99
5265,2092,44,3,34.99
5266,2093,54,1,79.99
5267,2093,21,2,84.99
5268,2093,47,3,14.99
5269,2094,38,1,18.99
5270,2094,61,1,139.99
5271,2094,65,2,9.99
5272,2095,9,2,299.99
5273,2095,60,3,179.99
5274,2096,48,3,17.99
5275,2096,20,3,21.99
5276,2096,3,3,49.99
5277,2096,22,3,89.99
5278,2097,21,3,84.99
5279,2097,10,1,149.99
5280,2097,66,3,34.99
5281,2098,55,3,16.99
5282,2098,43,3,44.99
5283,2099,57,2,39.99
5284,2100,43,1,44.99
5285,2100,45,2,39.99
5286,2101,22,2,89.99
5287,2101,25,3,16.99
5288,2102,24,2,149.99
5289,2102,60,2,179.99
5290,2102,14,1,99.99
5291,2103,3,1,49.99
5292,2103,63,3,17.99
5293,2103,61,2,139.99
5294,2103,43,1,44.99
5295,2104,51,1,32.99
5296,2105,36,1,18.99
5297,2105,9,1,299.99
5298,2106,45,2,39.99
5299,2106,56,2,15.99
5300,2106,30,1,44.99
5301,2107,8,3,249.99
5302,2107,41,2,17.99
5303,2108,59,1,9.99
5304,2108,46,2,27.99
5305,2109,22,2,89.99
5306,2109,42,2,24.99
5307,2110,14,3,99.99
5308,2111,56,2,15.99
5309,2111,67,2,12.99
5310,2111,6,1,79.99
5311,2111,56,2,15.99
5312,2112,30,3,44.99
5313,2112,56,2,15.99
5314,2112,34,3,19.99
5315,2112,66,3,34.99
5316,2113,59,2,9.99
5317,2113,14,3,99.99
5318,2113,14,1,99.99
5319,2113,66,2,34.99
5320,2114,18,2,26.99
5321,2114,27,1,17.99
5322,2114,3,1,49.99
5323,2115,53,1,22.99
5324,2116,33,3,13.99
5325,2116,32,2,14.99
5326,2117,46,2,27.99
5327,2117,11,2,34.99
5328,2117,59,3,9.99
5329,2117,57,2,39.99
5330,2118,43,1,44.99
5331,2118,22,3,89.99
5332,2118,30,2,44.99
5333,2119,39,1,39.99
5334,2119,58,1,12.99
5335,2119,66,3,34.99
5336,2119,29,2,64.99
5337,2120,49,3,44.99
5338,2120,24,2,149.99
5339,2120,13,3,139.99
5340,2120,24,3,149.99
5341,2121,14,3,99.99
5342,2121,37,1,22.99
5343,2122,64,3,21.99
5344,2122,43,2,44.99
5345,2122,26,2,159.99
5346,2123,51,1,32.99
5347,2123,13,2,139.99
5348,2123,52,3,24.99
5349,2123,42,3,24.99
5350,2124,9,1,299.99
5351,2124,1,3,129.99
5352,2124,67,2,12.99
5353,2124,15,3,29.99
5354,2125,57,3,39.99
5355,2125,14,3,99.99
5356,2126,28,1,89.99
5357,2126,56,2,15.99
5358,2126,59,3,9.99
5359,2127,55,2,16.99
5360,2127,48,2,17.99
5361,2128,46,2,27.99
5362,2128,22,2,89.99
5363,2128,60,2,179.99
5364,2129,24,2,149.99
5365,2129,37,1,22.99
5366,2130,61,1,139.99
5367,2130,57,1,39.99
5368,2130,42,2,24.99
5369,2131,42,3,24.99
5370,2131,41,3,17.99
5371,2132,2,3,39.99
5372,2132,44,3,34.99
5373,2132,44,2,34.99
5374,2132,29,3,64.99
5375,2133,10,1,149.99
5376,2133,68,1,54.99
5377,2133,19,1,69.99
5378,2133,24,1,149.99
5379,2134,13,2,139.99
5380,2134,39,3,39.99
5381,2135,65,1,9.99
5382,2135,53,3,22.99
5383,2136,59,3,9.99
5384,2136,13,1,139.99
5385,2136,61,1,139.99
5386,2136,60,1,179.99
5387,2137,15,3,29.99
5388,2137,35,1,12.99
5389,2137,50,2,39.99
5390,2138,5,3,89.99
5391,2138,1,2,129.99
5392,2138,35,3,12.99
5393,2139,69,2,14.99
5394,2140,65,1,9.99
5395,2140,45,1,39.99
5396,2140,51,2,32.99
5397,2140,5,2,89.99
5398,2141,50,1,39.99
5399,2141,21,1,84.99
5400,2141,8,3,249.99
5401,2142,2,3,39.99
5402,2143,15,1,29.99
5403,2143,50,2,39.99
5404,2144,65,2,9.99
5405,2145,29,3,64.99
5406,2145,38,3,18.99
5407,2146,48,3,17.99
5408,2147,42,3,24.99
5409,2148,47,2,14.99
5410,2148,42,2,24.99
5411,2149,41,1,17.99
5412,2150,11,1,34.99
5413,2151,65,2,9.99
5414,2151,62,3,9.99
5415,2152,21,2,84.99
5416,2152,28,2,89.99
5417,2153,50,2,39.99
5418,2153,55,1,16.99
5419,2153,35,3,12.99
5420,2154,24,3,149.99
5421,2154,64,2,21.99
5422,2154,24,3,149.99
5423,2154,19,3,69.99
5424,2155,14,1,99.99
5425,2155,54,2,79.99
5426,2155,65,3,9.99
5427,2155,47,1,14.99
5428,2156,19,2,69.99
5429,2156,14,3,99.99
5430,2157,35,3,12.99
5431,2158,62,2,9.99
5432,2158,6,3,79.99
5433,2158,32,1,14.99
5434,2159,39,1,39.99
5435,2159,23,1,22.99
5436,2159,9,2,299.99
5437,2159,34,3,19.99
5438,2160,27,2,17.99
5439,2161,63,2,17.99
5440,2161,7,3,27.99
5441,2161,53,2,22.99
5442,2162,24,2,149.99
5443,2162,55,3,16.99
5444,2162,56,2,15.99
5445,2162,10,1,149.99
5446,2163,25,1,16.99
5447,2164,63,1,17.99
5448,2164,41,3,17.99
5449,2165,3,3,49.99
5450,2165,23,3,22.99
5451,2166,17,3,36.99
5452,2166,49,3,44.99
5453,2166,13,2,139.99
5454,2166,15,3,29.99
5455,2167,45,2,39.99
5456,2167,28,2,89.99
5457,2167,55,1,16.99
5458,2168,59,1,9.99
5459,2168,39,3,39.99
5460,2168,58,1,12.99
5461,2169,18,2,26.99
5462,2169,2,1,39.99
5463,2169,19,1,69.99
5464,2169,65,1,9.99
5465,2170,55,3,16.99
5466,2170,14,3,99.99
5467,2170,42,2,24.99
5468,2171,2,2,39.99
5469,2171,67,2,12.99
5470,2171,11,3,34.99
5471,2172,4,1,24.99
5472,2173,21,3,84.99
5473,2173,6,1,79.99
5474,2173,65,2,9.99
5475,2173,11,3,34.99
5476,2174,60,3,179.99
5477,2174,49,3,44.99
5478,2175,36,2,18.99
5479,2175,26,1,159.99
5480,2176,33,1,13.99
5481,2177,29,3,64.99
5482,2177,39,2,39.99
5483,2177,59,3,9.99
5484,2177,15,3,29.99
5485,2178,14,3,99.99
5486,2178,1,3,129.99
5487,2179,43,1,44.99
5488,2179,15,2,29.99
5489,2180,3,2,49.99
5490,2180,53,1,22.99
5491,2180,3,3,49.99
5492,2181,69,1,14.99
5493,2181,67,1,12.99
5494,2181,20,3,21.99
5495,2181,52,2,24.99
5496,2182,15,1,29.99
5497,2182,65,2,9.99
5498,2182,60,1,179.99
5499,2182,5,1,89.99
5500,2183,21,3,84.99
5501,2184,52,2,24.99
5502,2184,50,3,39.99
5503,2185,48,1,17.99
5504,2185,45,3,39.99
5505,2185,3,3,49.99
5506,2185,54,2,79.99
5507,2186,68,3,54.99
5508,2186,7,1,27.99
5509,2186,64,2,21.99
5510,2187,19,3,69.99
5511,2188,56,2,15.99
5512,2189,66,3,34.99
5513,2189,68,3,54.99
5514,2190,18,2,26.99
5515,2190,50,1,39.99
5516,2191,37,2,22.99
5517,2191,50,2,39.99
5518,2191,4,2,24.99
5519,2191,37,2,22.99
5520,2192,53,1,22.99
5521,2192,54,1,79.99
5522,2192,68,1,54.99
5523,2192,35,1,12.99
5524,2193,19,2,69.99
5525,2193,18,2,26.99
5526,2193,16,3,24.99
5527,2193,69,1,14.99
5528,2194,39,3,39.99
5529,2194,14,2,99.99
5530,2194,46,2,27.99
5531,2195,29,2,64.99
5532,2195,52,3,24.99
5533,2196,11,1,34.99
5534,2196,11,3,34.99
5535,2197,36,3,18.99
5536,2197,20,1,21.99
5537,2197,61,3,139.99
5538,2198,56,2,15.99
5539,2199,51,3,32.99
5540,2199,66,1,34.99
5541,2200,53,3,22.99
5542,2201,65,1,9.99
5543,2201,25,1,16.99
5544,2202,2,3,39.99
5545,2202,43,1,44.99
5546,2202,32,2,14.99
5547,2203,4,3,24.99
5548,2204,1,3,129.99
5549,2204,64,1,21.99
5550,2204,36,3,18.99
5551,2205,44,1,34.99
5552,2205,37,3,22.99
5553,2205,17,3,36.99
5554,2205,57,2,39.99
5555,2206,27,1,17.99
5556,2206,6,1,79.99
5557,2206,61,3,139.99
5558,2207,54,3,79.99
5559,2207,38,2,18.99
5560,2207,34,1,19.99
5561,2208,40,3,49.99
5562,2208,65,3,9.99
5563,2208,46,2,27.99
5564,2209,7,3,27.99
5565,2210,7,1,27.99
5566,2210,9,3,299.99
5567,2211,64,1,21.99
5568,2211,33,1,13.99
5569,2211,49,3,44.99
5570,2212,65,2,9.99
5571,2212,34,1,19.99
5572,2212,61,1,139.99
5573,2213,41,1,17.99
5574,2213,4,3,24.99
5575,2214,33,2,13.99
5576,2214,24,1,149.99
5577,2214,12,3,22.99
5578,2214,11,2,34.99
5579,2215,57,2,39.99
5580,2215,69,2,14.99
5581,2215,26,2,159.99
5582,2215,6,1,79.99
5583,2216,6,3,79.99
5584,2217,62,1,9.99
5585,2217,56,3,15.99
5586,2217,25,2,16.99
5587,2217,34,3,19.99
5588,2218,27,3,17.99
5589,2218,62,1,9.99
5590,2219,20,1,21.99
5591,2220,3,1,49.99
5592,2220,11,1,34.99
5593,2220,42,3,24.99
5594,2221,60,1,179.99
5595,2221,36,3,18.99
5596,2222,1,1,129.99
5597,2222,27,3,17.99
5598,2223,47,2,14.99
5599,2223,27,2,17.99
5600,2223,30,2,44.99
5601,2223,49,3,44.99
5602,2224,63,3,17.99
5603,2224,49,2,44.99
5604,2224,9,1,299.99
5605,2224,6,2,79.99
5606,2225,27,3,17.99
5607,2226,58,3,12.99
5608,2226,9,3,299.99
5609,2227,30,1,44.99
5610,2227,57,2,39.99
5611,2228,1,1,129.99
5612,2228,1,3,129.99
5613,2228,66,3,34.99
5614,2229,44,1,34.99
5615,2229,18,2,26.99
5616,2229,17,2,36.99
5617,2229,16,3,24.99
5618,2230,59,3,9.99
5619,2230,1,3,129.99
5620,2230,38,3,18.99
5621,2231,62,1,9.99
5622,2231,17,2,36.99
5623,2231,32,2,14.99
5624,2231,36,2,18.99
5625,2232,23,3,22.99
5626,2232,20,3,21.99
5627,2232,30,2,44.99
5628,2232,49,3,44.99
5629,2233,32,1,14.99
5630,2233,14,2,99.99
5631,2234,64,3,21.99
5632,2234,53,1,22.99
5633,2234,4,1,24.99
5634,2235,17,2,36.99
5635,2235,22,2,89.99
5636,2235,64,2,21.99
5637,2236,35,3,12.99
5638,2236,28,2,89.99
5639,2236,68,3,54.99
5640,2237,45,1,39.99
5641,2237,1,2,129.99
5642,2237,18,3,26.99
5643,2238,6,1,79.99
5644,2238,20,2,21.99
5645,2238,46,3,27.99
5646,2239,43,1,44.99
5647,2239,50,2,39.99
5648,2239,66,3,34.99
5649,2239,45,2,39.99
5650,2240,43,2,44.99
5651,2240,17,3,36.99
5652,2240,3,2,49.99
5653,2241,30,1,44.99
5654,2241,58,1,12.99
5655,2241,1,3,129.99
5656,2242,59,3,9.99
5657,2242,44,3,34.99
5658,2242,31,1,9.99
5659,2242,50,3,39.99
5660,2243,14,1,99.99
5661,2243,43,2,44.99
5662,2243,60,1,179.99
5663,2244,14,2,99.99
5664,2244,29,3,64.99
5665,2244,16,2,24.99
5666,2244,44,3,34.99
5667,2245,30,1,44.99
5668,2245,60,2,179.99
5669,2246,33,2,13.99
5670,2246,21,3,84.99
5671,2246,20,3,21.99
5672,2246,46,2,27.99
5673,2247,39,3,39.99
5674,2247,21,1,84.99
5675,2247,38,2,18.99
5676,2247,47,1,14.99
5677,2248,58,1,12.99
5678,2248,46,2,27.99
5679,2249,24,1,149.99
5680,2249,40,2,49.99
5681,2249,69,1,14.99
5682,2249,46,1,27.99
5683,2250,41,1,17.99
5684,2250,10,1,149.99
5685,2250,18,3,26.99
5686,2250,41,1,17.99
5687,2251,38,1,18.99
5688,2251,48,2,17.99
5689,2252,6,1,79.99
5690,2252,69,1,14.99
5691,2252,16,2,24.99
5692,2253,6,3,79.99
5693,2254,30,1,44.99
5694,2255,68,3,54.99
5695,2255,57,3,39.99
5696,2256,40,3,49.99
5697,2256,14,2,99.99
5698,2257,23,3,22.99
5699,2257,51,2,32.99
5700,2257,56,3,15.99
5701,2258,44,3,34.99
5702,2258,4,1,24.99
5703,2258,33,2,13.99
5704,2259,1,2,129.99
5705,2259,37,1,22.99
5706,2259,63,1,17.99
5707,2259,41,1,17.99
5708,2260,30,3,44.99
5709,2261,69,1,14.99
5710,2261,26,2,159.99
5711,2262,7,2,27.99
5712,2263,42,3,24.99
5713,2263,38,1,18.99
5714,2263,64,1,21.99
5715,2264,27,1,17.99
5716,2264,47,3,14.99
5717,2264,32,2,14.99
5718,2264,31,2,9.99
5719,2265,62,2,9.99
5720,2265,24,3,149.99
5721,2265,37,3,22.99
5722,2265,58,2,12.99
5723,2266,5,3,89.99
5724,2266,46,3,27.99
5725,2266,58,1,12.99
5726,2267,50,2,39.99
5727,2267,36,2,18.99
5728,2268,30,3,44.99
5729,2269,41,3,17.99
5730,2269,12,3,22.99
5731,2270,8,3,249.99
5732,2271,29,1,64.99
5733,2271,58,2,12.99
5734,2272,13,3,139.99
5735,2272,1,3,129.99
5736,2272,36,3,18.99
5737,2273,8,1,249.99
5738,2273,7,2,27.99
5739,2273,50,3,39.99
5740,2274,59,2,9.99
5741,2274,28,3,89.99
5742,2275,27,3,17.99
5743,2275,4,3,24.99
5744,2276,18,2,26.99
5745,2276,36,2,18.99
5746,2276,30,2,44.99
5747,2277,42,3,24.99
5748,2277,14,3,99.99
5749,2278,11,2,34.99
5750,2278,49,1,44.99
5751,2278,2,2,39.99
5752,2278,69,3,14.99
5753,2279,50,2,39.99
5754,2280,48,1,17.99
5755,2281,16,1,24.99
5756,2281,12,1,22.99
5757,2281,11,3,34.99
5758,2282,57,1,39.99
5759,2282,6,2,79.99
5760,2282,11,2,34.99
5761,2283,26,3,159.99
5762,2283,44,3,34.99
5763,2283,40,1,49.99
5764,2284,34,2,19.99
5765,2284,14,2,99.99
5766,2284,22,2,89.99
5767,2284,18,3,26.99
5768,2285,16,1,24.99
5769,2285,48,1,17.99
5770,2285,6,3,79.99
5771,2286,47,3,14.99
5772,2286,49,1,44.99
5773,2286,23,3,22.99
5774,2287,42,1,24.99
5775,2287,40,3,49.99
5776,2287,43,1,44.99
5777,2287,36,2,18.99
5778,2288,14,3,99.99
5779,2288,9,2,299.99
5780,2289,52,1,24.99
5781,2289,16,1,24.99
5782,2290,50,1,39.99
5783,2290,39,2,39.99
5784,2290,21,1,84.99
5785,2290,48,2,17.99
5786,2291,23,3,22.99
5787,2291,69,3,14.99
5788,2291,60,2,179.99
5789,2291,33,1,13.99
5790,2292,41,2,17.99
5791,2292,3,1,49.99
5792,2292,37,1,22.99
5793,2292,49,3,44.99
5794,2293,2,2,39.99
5795,2293,58,2,12.99
5796,2293,39,2,39.99
5797,2294,24,1,149.99
5798,2295,52,1,24.99
5799,2295,62,3,9.99
5800,2295,19,3,69.99
5801,2295,66,3,34.99
5802,2296,42,1,24.99
5803,2296,42,3,24.99
5804,2297,51,3,32.99
5805,2297,34,1,19.99
5806,2298,16,2,24.99
5807,2298,34,1,19.99
5808,2298,19,3,69.99
5809,2299,47,3,14.99
5810,2299,26,3,159.99
5811,2299,1,2,129.99
5812,2299,57,2,39.99
5813,2300,17,1,36.99
5814,2300,39,1,39.99
5815,2300,29,1,64.99
5816,2300,60,1,179.99
5817,2301,63,3,17.99
5818,2301,29,2,64.99
5819,2301,48,3,17.99
5820,2301,26,3,159.99
5821,2302,46,3,27.99
5822,2302,53,2,22.99
5823,2302,42,1,24.99
5824,2302,38,3,18.99
5825,2303,46,3,27.99
5826,2303,42,3,24.99
5827,2303,36,3,18.99
5828,2304,56,2,15.99
5829,2304,62,2,9.99
5830,2305,67,2,12.99
5831,2305,37,1,22.99
5832,2306,47,1,14.99
5833,2307,63,2,17.99
5834,2307,10,3,149.99
5835,2307,38,3,18.99
5836,2307,6,1,79.99
5837,2308,6,3,79.99
5838,2309,47,1,14.99
5839,2309,39,2,39.99
5840,2310,36,1,18.99
5841,2310,33,3,13.99
5842,2311,4,3,24.99
5843,2311,51,1,32.99
5844,2311,26,3,159.99
5845,2312,27,1,17.99
5846,2312,19,1,69.99
5847,2312,46,1,27.99
5848,2312,6,2,79.99
5849,2313,44,3,34.99
5850,2313,50,3,39.99
5851,2314,13,3,139.99
5852,2314,49,3,44.99
5853,2315,57,3,39.99
5854,2316,39,3,39.99
5855,2316,1,1,129.99
5856,2317,42,3,24.99
5857,2317,6,1,79.99
5858,2318,45,1,39.99
5859,2318,1,2,129.99
5860,2319,43,2,44.99
5861,2319,60,3,179.99
5862,2319,58,1,12.99
5863,2319,9,1,299.99
5864,2320,40,3,49.99
5865,2321,53,3,22.99
5866,2321,13,1,139.99
5867,2321,50,3,39.99
5868,2321,2,2,39.99
5869,2322,68,2,54.99
5870,2322,12,2,22.99
5871,2323,57,3,39.99
5872,2323,50,1,39.99
5873,2324,35,1,12.99
5874,2325,55,2,16.99
5875,2325,21,3,84.99
5876,2326,3,3,49.99
5877,2326,56,1,15.99
5878,2326,59,1,9.99
5879,2327,53,2,22.99
5880,2328,14,2,99.99
5881,2328,53,2,22.99
5882,2328,49,1,44.99
5883,2329,59,3,9.99
5884,2330,34,3,19.99
5885,2330,1,2,129.99
5886,2330,58,1,12.99
5887,2330,56,3,15.99
5888,2331,20,3,21.99
5889,2331,60,1,179.99
5890,2331,54,2,79.99
5891,2331,64,2,21.99
5892,2332,54,2,79.99
5893,2332,55,3,16.99
5894,2332,3,1,49.99
5895,2332,46,3,27.99
5896,2333,51,3,32.99
5897,2333,31,2,9.99
5898,2333,56,3,15.99
5899,2334,29,2,64.99
5900,2334,8,2,249.99
5901,2334,19,3,69.99
5902,2334,8,1,249.99
5903,2335,4,3,24.99
5904,2335,58,3,12.99
5905,2335,34,1,19.99
5906,2335,40,3,49.99
5907,2336,52,3,24.99
5908,2336,69,2,14.99
5909,2336,4,1,24.99
5910,2337,53,2,22.99
5911,2337,62,1,9.99
5912,2338,51,2,32.99
5913,2339,40,2,49.99
5914,2340,7,3,27.99
5915,2341,63,2,17.99
5916,2342,12,2,22.99
5917,2343,6,2,79.99
5918,2344,22,1,89.99
5919,2345,43,2,44.99
5920,2345,28,2,89.99
5921,2345,67,3,12.99
5922,2346,67,1,12.99
5923,2347,39,1,39.99
5924,2347,6,3,79.99
5925,2347,36,3,18.99
5926,2348,40,3,49.99
5927,2348,59,2,9.99
5928,2349,69,3,14.99
5929,2349,34,2,19.99
5930,2349,17,1,36.99
5931,2349,13,2,139.99
5932,2350,51,1,32.99
5933,2351,68,2,54.99
5934,2352,52,3,24.99
5935,2352,51,1,32.99
5936,2353,63,3,17.99
5937,2353,12,3,22.99
5938,2353,63,3,17.99
5939,2353,57,2,39.99
5940,2354,65,2,9.99
5941,2354,29,1,64.99
5942,2355,20,1,21.99
5943,2355,50,3,39.99
5944,2356,34,1,19.99
5945,2356,4,3,24.99
5946,2357,57,3,39.99
5947,2358,20,2,21.99
5948,2358,21,2,84.99
5949,2359,44,2,34.99
5950,2359,15,3,29.99
5951,2359,32,3,14.99
5952,2359,43,3,44.99
5953,2360,29,2,64.99
5954,2360,63,2,17.99
5955,2360,25,3,16.99
5956,2360,49,2,44.99
5957,2361,46,3,27.99
5958,2361,4,3,24.99
5959,2362,54,1,79.99
5960,2362,30,3,44.99
5961,2362,8,2,249.99
5962,2362,10,1,149.99
5963,2363,62,1,9.99
5964,2363,54,1,79.99
5965,2364,26,3,159.99
5966,2364,14,2,99.99
5967,2364,26,3,159.99
5968,2364,20,2,21.99
5969,2365,14,1,99.99
5970,2365,65,2,9.99
5971,2366,13,1,139.99
5972,2366,27,2,17.99
5973,2366,39,3,39.99
5974,2367,44,1,34.99
5975,2368,51,2,32.99
5976,2368,25,1,16.99
5977,2368,14,1,99.99
5978,2369,13,2,139.99
5979,2370,5,2,89.99
5980,2370,34,3,19.99
5981,2370,45,3,39.99
5982,2370,66,2,34.99
5983,2371,46,2,27.99
5984,2371,52,1,24.99
5985,2371,8,2,249.99
5986,2371,37,2,22.99
5987,2372,36,2,18.99
5988,2372,37,2,22.99
5989,2373,33,3,13.99
5990,2374,9,2,299.99
5991,2375,22,3,89.99
5992,2375,34,2,19.99
5993,2376,37,1,22.99
5994,2376,21,3,84.99
5995,2376,62,2,9.99
5996,2376,14,1,99.99
5997,2377,10,1,149.99
5998,2377,22,1,89.99
5999,2377,42,3,24.99
6000,2377,38,3,18.99
6001,2378,25,1,16.99
6002,2378,9,3,299.99
6003,2378,20,2,21.99
6004,2379,22,3,89.99
6005,2380,65,1,9.99
6006,2380,19,1,69.99
6007,2380,53,3,22.99
6008,2380,64,1,21.99
6009,2381,52,2,24.99
6010,2382,33,2,13.99
6011,2382,15,2,29.99
6012,2382,63,3,17.99
6013,2383,50,1,39.99
6014,2383,25,2,16.99
6015,2383,25,1,16.99
6016,2383,32,2,14.99
6017,2384,33,2,13.99
6018,2384,25,3,16.99
6019,2385,20,3,21.99
6020,2385,2,3,39.99
6021,2385,53,2,22.99
6022,2385,11,1,34.99
6023,2386,7,1,27.99
6024,2386,17,1,36.99
6025,2386,59,1,9.99
6026,2387,19,2,69.99
6027,2387,27,2,17.99
6028,2387,60,2,179.99
6029,2388,11,1,34.99
6030,2389,42,2,24.99
6031,2389,2,1,39.99
6032,2389,69,3,14.99
6033,2390,67,1,12.99
6034,2390,52,1,24.99
6035,2390,30,1,44.99
6036,2390,34,3,19.99
6037,2391,27,2,17.99
6038,2391,21,1,84.99
6039,2391,16,1,24.99
6040,2391,47,1,14.99
6041,2392,22,3,89.99
6042,2392,49,2,44.99
6043,2393,1,3,129.99
6044,2393,47,2,14.99
6045,2394,32,1,14.99
6046,2394,22,1,89.99
6047,2394,66,1,34.99
6048,2395,14,3,99.99
6049,2395,11,3,34.99
6050,2396,42,2,24.99
6051,2396,18,2,26.99
6052,2396,24,2,149.99
6053,2396,8,1,249.99
6054,2397,68,3,54.99
6055,2397,28,2,89.99
6056,2398,18,3,26.99
6057,2398,41,1,17.99
6058,2399,66,1,34.99
6059,2400,26,2,159.99
6060,2400,2,3,39.99
6061,2401,24,3,149.99
6062,2401,60,2,179.99
6063,2401,20,1,21.99
6064,2401,47,2,14.99
6065,2402,33,1,13.99
6066,2403,62,3,9.99
6067,2403,62,2,9.99
6068,2403,1,1,129.99
6069,2403,12,3,22.99
6070,2404,66,1,34.99
6071,2404,35,3,12.99
6072,2404,67,3,12.99
6073,2404,64,1,21.99
6074,2405,57,3,39.99
6075,2406,35,1,12.99
6076,2406,57,1,39.99
6077,2406,1,1,129.99
6078,2407,3,1,49.99
6079,2407,7,3,27.99
6080,2407,45,3,39.99
6081,2408,58,2,12.99
6082,2408,60,3,179.99
6083,2408,63,3,17.99
6084,2409,7,3,27.99
6085,2409,27,1,17.99
6086,2409,27,2,17.99
6087,2409,64,3,21.99
6088,2410,23,3,22.99
6089,2410,69,2,14.99
6090,2411,10,2,149.99
6091,2411,44,2,34.99
6092,2412,26,2,159.99
6093,2412,39,1,39.99
6094,2412,30,2,44.99
6095,2412,6,3,79.99
6096,2413,49,1,44.99
6097,2413,13,1,139.99
6098,2413,67,2,12.99
6099,2413,55,2,16.99
6100,2414,5,3,89.99
6101,2414,45,3,39.99
6102,2414,54,1,79.99
6103,2415,69,2,14.99
6104,2416,10,1,149.99
6105,2416,50,2,39.99
6106,2416,16,3,24.99
6107,2416,68,3,54.99
6108,2417,24,3,149.99
6109,2417,10,1,149.99
6110,2417,33,3,13.99
6111,2417,51,1,32.99
6112,2418,54,3,79.99
6113,2418,6,2,79.99
6114,2418,41,3,17.99
6115,2419,68,2,54.99
6116,2420,58,3,12.99
6117,2421,51,2,32.99
6118,2421,51,3,32.99
6119,2421,24,3,149.99
6120,2422,8,2,249.99
6121,2423,17,3,36.99
6122,2423,47,1,14.99
6123,2423,44,1,34.99
6124,2423,3,2,49.99
6125,2424,68,2,54.99
6126,2425,6,1,79.99
6127,2426,8,2,249.99
6128,2426,54,1,79.99
6129,2426,58,1,12.99
6130,2427,59,3,9.99
6131,2427,67,1,12.99
6132,2428,24,3,149.99
6133,2429,35,2,12.99
6134,2429,58,1,12.99
6135,2429,17,3,36.99
6136,2430,64,3,21.99
6137,2430,65,2,9.99
6138,2430,41,2,17.99
6139,2431,58,3,12.99
6140,2431,9,2,299.99
6141,2432,4,2,24.99
6142,2433,7,2,27.99
6143,2434,47,1,14.99
6144,2435,19,1,69.99
6145,2436,52,2,24.99
6146,2436,6,1,79.99
6147,2436,55,3,16.99
6148,2436,24,3,149.99
6149,2437,18,2,26.99
6150,2437,43,2,44.99
6151,2438,16,1,24.99
6152,2438,55,1,16.99
6153,2438,62,1,9.99
6154,2438,59,2,9.99
6155,2439,2,1,39.99
6156,2439,28,3,89.99
6157,2440,8,2,249.99
6158,2440,43,3,44.99
6159,2440,52,3,24.99
6160,2441,65,1,9.99
6161,2441,40,1,49.99
6162,2441,23,2,22.99
6163,2441,14,1,99.99
6164,2442,58,1,12.99
6165,2442,46,2,27.99
6166,2443,27,1,17.99
6167,2443,23,3,22.99
6168,2443,52,2,24.99
6169,2444,5,1,89.99
6170,2444,56,2,15.99
6171,2445,51,1,32.99
6172,2446,32,2,14.99
6173,2446,43,3,44.99
6174,2446,47,2,14.99
6175,2446,16,1,24.99
6176,2447,68,3,54.99
6177,2448,20,2,21.99
6178,2448,29,3,64.99
6179,2449,51,1,32.99
6180,2449,32,3,14.99
6181,2449,2,2,39.99
6182,2450,2,2,39.99
6183,2450,30,2,44.99
6184,2450,61,2,139.99
6185,2451,7,3,27.99
6186,2451,53,2,22.99
6187,2451,35,2,12.99
6188,2451,49,1,44.99
6189,2452,27,1,17.99
6190,2453,41,1,17.99
6191,2453,4,3,24.99
6192,2453,48,1,17.99
6193,2453,35,1,12.99
6194,2454,18,1,26.99
6195,2454,2,2,39.99
6196,2455,65,1,9.99
6197,2455,9,1,299.99
6198,2455,65,2,9.99
6199,2455,41,2,17.99
6200,2456,29,3,64.99
6201,2456,69,2,14.99
6202,2456,2,3,39.99
6203,2457,54,2,79.99
6204,2457,32,1,14.99
6205,2457,44,2,34.99
6206,2457,62,3,9.99
6207,2458,40,3,49.99
6208,2458,46,3,27.99
6209,2458,26,3,159.99
6210,2458,5,3,89.99
6211,2459,20,3,21.99
6212,2459,60,2,179.99
6213,2460,58,3,12.99
6214,2460,51,1,32.99
6215,2460,31,3,9.99
6216,2460,54,2,79.99
6217,2461,53,2,22.99
6218,2461,29,2,64.99
6219,2462,16,1,24.99
6220,2462,40,1,49.99
6221,2462,63,1,17.99
6222,2463,7,2,27.99
6223,2463,29,2,64.99
6224,2463,64,2,21.99
6225,2463,64,2,21.99
6226,2464,31,2,9.99
6227,2464,29,3,64.99
6228,2464,53,3,22.99
6229,2465,59,1,9.99
6230,2465,55,1,16.99
6231,2466,16,1,24.99
6232,2466,64,2,21.99
6233,2466,25,3,16.99
6234,2466,39,1,39.99
6235,2467,54,3,79.99
6236,2467,30,1,44.99
6237,2467,4,2,24.99
6238,2468,29,2,64.99
6239,2469,27,1,17.99
6240,2469,2,2,39.99
6241,2469,5,1,89.99
6242,2470,37,1,22.99
6243,2470,42,3,24.99
6244,2470,55,1,16.99
6245,2471,35,2,12.99
6246,2471,39,3,39.99
6247,2471,6,2,79.99
6248,2472,41,3,17.99
6249,2472,6,1,79.99
6250,2473,16,3,24.99
6251,2473,59,1,9.99
6252,2474,52,2,24.99
6253,2474,54,1,79.99
6254,2474,7,1,27.99
6255,2475,67,1,12.99
6256,2475,19,1,69.99
6257,2475,27,1,17.99
6258,2475,3,2,49.99
6259,2476,7,1,27.99
6260,2476,34,1,19.99
6261,2477,58,2,12.99
6262,2478,46,2,27.99
6263,2479,7,2,27.99
6264,2479,25,1,16.99
6265,2480,10,3,149.99
6266,2480,28,3,89.99
6267,2480,28,3,89.99
6268,2480,2,2,39.99
6269,2481,58,2,12.99
6270,2481,12,3,22.99
6271,2481,37,1,22.99
6272,2481,47,2,14.99
6273,2482,16,3,24.99
6274,2482,16,3,24.99
6275,2482,17,3,36.99
6276,2482,42,2,24.99
6277,2483,47,3,14.99
6278,2483,28,2,89.99
6279,2484,17,2,36.99
6280,2484,45,3,39.99
6281,2484,65,2,9.99
6282,2484,67,3,12.99
6283,2485,25,1,16.99
6284,2485,34,1,19.99
6285,2485,1,3,129.99
6286,2485,49,1,44.99
6287,2486,45,3,39.99
6288,2486,35,3,12.99
6289,2486,48,3,17.99
6290,2486,31,2,9.99
6291,2487,11,1,34.99
6292,2488,38,3,18.99
6293,2488,44,2,34.99
6294,2489,59,1,9.99
6295,2490,69,3,14.99
6296,2490,6,3,79.99
6297,2491,41,2,17.99
6298,2491,65,1,9.99
6299,2491,24,2,149.99
6300,2491,17,1,36.99
6301,2492,58,3,12.99
6302,2492,38,1,18.99
6303,2493,20,2,21.99
6304,2493,21,1,84.99
6305,2493,68,2,54.99
6306,2493,67,3,12.99
6307,2494,1,3,129.99
6308,2495,25,2,16.99
6309,2495,26,2,159.99
6310,2495,53,3,22.99
6311,2495,17,1,36.99
6312,2496,55,2,16.99
6313,2497,36,3,18.99
6314,2497,57,2,39.99
6315,2497,63,1,17.99
6316,2498,39,1,39.99
6317,2498,39,1,39.99
6318,2498,31,1,9.99
6319,2498,32,3,14.99
6320,2499,36,2,18.99
6321,2499,50,2,39.99
6322,2499,66,3,34.99
6323,2499,49,3,44.99
6324,2500,52,3,24.99
6325,2500,15,2,29.99
6326,2500,30,3,44.99
6327,2500,5,3,89.99
6328,2501,17,2,36.99
6329,2501,37,1,22.99
6330,2501,4,1,24.99
6331,2502,8,2,249.99
6332,2503,64,2,21.99
6333,2503,36,1,18.99
6334,2503,45,2,39.99
6335,2504,16,3,24.99
6336,2504,28,2,89.99
6337,2504,43,2,44.99
6338,2504,5,1,89.99
6339,2505,40,3,49.99
6340,2505,26,2,159.99
6341,2506,37,2,22.99
6342,2506,31,1,9.99
6343,2507,7,2,27.99
6344,2507,47,1,14.99
6345,2507,67,1,12.99
6346,2508,46,2,27.99
6347,2508,62,1,9.99
6348,2508,68,3,54.99
6349,2508,47,2,14.99
6350,2509,31,1,9.99
6351,2509,41,2,17.99
6352,2510,17,1,36.99
6353,2510,35,3,12.99
6354,2510,16,3,24.99
6355,2511,14,3,99.99
6356,2511,23,1,22.99
6357,2512,19,3,69.99
6358,2512,31,2,9.99
6359,2512,63,2,17.99
6360,2512,15,1,29.99
6361,2513,16,2,24.99
6362,2513,28,1,89.99
6363,2513,40,2,49.99
6364,2513,24,2,149.99
6365,2514,17,2,36.99
6366,2514,62,3,9.99
6367,2514,46,3,27.99
6368,2515,29,1,64.99
6369,2515,17,2,36.99
6370,2516,32,2,14.99
6371,2516,57,1,39.99
6372,2516,28,2,89.99
6373,2517,63,1,17.99
6374,2518,7,1,27.99
6375,2519,6,1,79.99
6376,2519,66,1,34.99
6377,2519,27,3,17.99
6378,2520,4,1,24.99
6379,2520,33,2,13.99
6380,2520,25,3,16.99
6381,2521,24,2,149.99
6382,2522,22,3,89.99
6383,2522,61,1,139.99
6384,2522,52,2,24.99
6385,2522,25,1,16.99
6386,2523,56,3,15.99
6387,2523,27,3,17.99
6388,2524,21,3,84.99
6389,2524,41,1,17.99
6390,2524,31,2,9.99
6391,2525,63,1,17.99
6392,2526,15,3,29.99
6393,2526,1,1,129.99
6394,2527,40,3,49.99
6395,2527,48,3,17.99
6396,2527,61,1,139.99
6397,2527,32,1,14.99
6398,2528,34,1,19.99
6399,2528,65,3,9.99
6400,2529,66,3,34.99
6401,2529,2,3,39.99
6402,2529,55,2,16.99
6403,2530,10,1,149.99
6404,2530,61,1,139.99
6405,2530,28,2,89.99
6406,2530,44,1,34.99
6407,2531,60,1,179.99
6408,2531,33,3,13.99
6409,2531,17,3,36.99
6410,2532,36,1,18.99
6411,2532,67,3,12.99
6412,2532,40,1,49.99
6413,2532,27,1,17.99
6414,2533,61,2,139.99
6415,2533,64,1,21.99
6416,2533,42,3,24.99
6417,2533,7,1,27.99
6418,2534,54,3,79.99
6419,2534,58,3,12.99
6420,2534,60,1,179.99
6421,2535,13,1,139.99
6422,2535,14,2,99.99
6423,2536,48,2,17.99
6424,2536,18,1,26.99
6425,2537,37,1,22.99
6426,2537,5,3,89.99
6427,2537,39,3,39.99
6428,2538,35,1,12.99
6429,2539,55,2,16.99
6430,2539,33,3,13.99
6431,2539,64,2,21.99
6432,2539,14,1,99.99
6433,2540,45,1,39.99
6434,2540,54,2,79.99
6435,2540,62,1,9.99
6436,2541,46,1,27.99
6437,2542,45,1,39.99
6438,2542,14,1,99.99
6439,2543,55,1,16.99
6440,2544,38,1,18.99
6441,2544,3,3,49.99
6442,2544,51,2,32.99
6443,2544,45,1,39.99
6444,2545,67,2,12.99
6445,2545,35,1,12.99
6446,2546,31,2,9.99
6447,2546,47,1,14.99
6448,2546,62,3,9.99
6449,2546,68,1,54.99
6450,2547,37,1,22.99
6451,2548,35,3,12.99
6452,2548,7,3,27.99
6453,2548,20,1,21.99
6454,2548,44,1,34.99
6455,2549,56,1,15.99
6456,2549,1,1,129.99
6457,2549,58,3,12.99
6458,2549,63,2,17.99
6459,2550,57,2,39.99
6460,2551,33,2,13.99
6461,2551,41,3,17.99
6462,2552,18,1,26.99
6463,2552,53,3,22.99
6464,2553,19,3,69.99
6465,2553,20,3,21.99
6466,2553,3,1,49.99
6467,2554,4,1,24.99
6468,2554,22,1,89.99
6469,2554,30,1,44.99
6470,2555,65,3,9.99
6471,2555,24,1,149.99
6472,2555,13,1,139.99
6473,2556,48,1,17.99
6474,2557,57,3,39.99
6475,2557,12,2,22.99
6476,2558,3,3,49.99
6477,2558,16,2,24.99
6478,2558,60,3,179.99
6479,2558,35,1,12.99
6480,2559,36,3,18.99
6481,2559,62,2,9.99
6482,2559,15,3,29.99
6483,2559,2,1,39.99
6484,2560,33,1,13.99
6485,2560,14,2,99.99
6486,2560,36,3,18.99
6487,2561,61,1,139.99
6488,2562,60,1,179.99
6489,2562,4,3,24.99
6490,2563,27,1,17.99
6491,2563,22,1,89.99
6492,2563,29,1,64.99
6493,2563,67,1,12.99
6494,2564,3,2,49.99
6495,2564,43,1,44.99
6496,2564,26,3,159.99
6497,2564,41,3,17.99
6498,2565,66,1,34.99
6499,2565,39,2,39.99
6500,2565,13,1,139.99
6501,2565,36,3,18.99
6502,2566,53,3,22.99
6503,2566,50,1,39.99
6504,2566,63,3,17.99
6505,2567,33,3,13.99
6506,2567,7,2,27.99
6507,2567,37,2,22.99
6508,2568,8,3,249.99
6509,2568,17,1,36.99
6510,2568,45,1,39.99
6511,2568,7,2,27.99
6512,2569,8,2,249.99
6513,2570,23,1,22.99
6514,2570,5,3,89.99
6515,2570,25,2,16.99
6516,2570,10,3,149.99
6517,2571,59,1,9.99
6518,2571,2,3,39.99
6519,2571,61,1,139.99
6520,2572,62,2,9.99
6521,2572,43,3,44.99
6522,2572,42,3,24.99
6523,2573,41,2,17.99
6524,2574,61,1,139.99
6525,2574,38,3,18.99
6526,2575,58,2,12.99
6527,2576,36,3,18.99
6528,2577,14,3,99.99
6529,2577,49,3,44.99
6530,2578,58,1,12.99
6531,2578,64,3,21.99
6532,2578,12,2,22.99
6533,2579,63,1,17.99
6534,2579,24,2,149.99
6535,2579,17,1,36.99
6536,2580,65,3,9.99
6537,2580,5,2,89.99
6538,2580,51,2,32.99
6539,2581,50,2,39.99
6540,2581,1,1,129.99
6541,2582,12,2,22.99
6542,2582,56,2,15.99
6543,2582,54,3,79.99
6544,2582,41,3,17.99
6545,2583,33,3,13.99
6546,2583,16,1,24.99
6547,2583,64,3,21.99
6548,2583,43,1,44.99
6549,2584,39,1,39.99
6550,2584,48,1,17.99
6551,2584,8,3,249.99
6552,2585,7,3,27.99
6553,2585,26,2,159.99
6554,2585,5,2,89.99
6555,2585,60,1,179.99
6556,2586,67,2,12.99
6557,2586,27,2,17.99
6558,2587,26,3,159.99
6559,2587,36,3,18.99
6560,2587,36,1,18.99
6561,2587,15,2,29.99
6562,2588,1,3,129.99
6563,2589,27,1,17.99
6564,2589,15,1,29.99
6565,2589,45,2,39.99
6566,2589,13,2,139.99
6567,2590,13,2,139.99
6568,2591,55,1,16.99
6569,2591,56,1,15.99
6570,2591,16,1,24.99
6571,2592,11,3,34.99
6572,2592,30,3,44.99
6573,2592,56,2,15.99
6574,2592,34,2,19.99
6575,2593,12,3,22.99
6576,2593,59,1,9.99
6577,2594,42,2,24.99
6578,2595,53,1,22.99
6579,2596,21,3,84.99
6580,2596,21,3,84.99
6581,2596,2,1,39.99
6582,2597,2,3,39.99
6583,2598,69,3,14.99
6584,2598,23,1,22.99
6585,2598,20,1,21.99
6586,2599,46,1,27.99
6587,2599,31,3,9.99
6588,2600,53,1,22.99
6589,2600,15,3,29.99
6590,2600,68,3,54.99
6591,2601,12,3,22.99
6592,2601,62,3,9.99
6593,2602,29,2,64.99
6594,2602,61,1,139.99
6595,2602,68,2,54.99
6596,2603,22,3,89.99
6597,2603,35,2,12.99
6598,2603,59,3,9.99
6599,2603,38,1,18.99
6600,2604,36,3,18.99
6601,2604,61,3,139.99
6602,2604,63,2,17.99
6603,2604,22,1,89.99
6604,2605,5,2,89.99
6605,2605,4,1,24.99
6606,2605,28,1,89.99
6607,2605,3,1,49.99
6608,2606,20,3,21.99
6609,2606,29,2,64.99
6610,2606,35,3,12.99
6611,2606,56,2,15.99
6612,2607,36,1,18.99
6613,2607,50,3,39.99
6614,2607,3,2,49.99
6615,2607,15,1,29.99
6616,2608,41,2,17.99
6617,2608,6,1,79.99
6618,2608,26,3,159.99
6619,2609,23,1,22.99
6620,2609,10,2,149.99
6621,2609,52,3,24.99
6622,2610,34,3,19.99
6623,2610,9,2,299.99
6624,2610,63,1,17.99
6625,2611,23,3,22.99
6626,2612,2,3,39.99
6627,2612,12,1,22.99
6628,2613,2,1,39.99
6629,2613,33,1,13.99
6630,2613,61,1,139.99
6631,2613,22,1,89.99
6632,2614,11,3,34.99
6633,2614,60,3,179.99
6634,2614,7,1,27.99
6635,2615,20,3,21.99
6636,2615,66,3,34.99
6637,2616,23,1,22.99
6638,2616,66,1,34.99
6639,2617,29,2,64.99
6640,2618,3,3,49.99
6641,2618,17,2,36.99
6642,2619,43,2,44.99
6643,2619,39,1,39.99
6644,2619,67,3,12.99
6645,2620,63,1,17.99
6646,2621,13,1,139.99
6647,2621,61,2,139.99
6648,2621,2,2,39.99
6649,2621,34,3,19.99
6650,2622,38,2,18.99
6651,2622,23,2,22.99
6652,2623,36,1,18.99
6653,2624,6,3,79.99
6654,2624,21,2,84.99
6655,2624,57,1,39.99
6656,2625,13,3,139.99
6657,2625,23,1,22.99
6658,2626,16,1,24.99
6659,2626,39,1,39.99
6660,2626,33,1,13.99
6661,2626,63,3,17.99
6662,2627,33,2,13.99
6663,2627,4,3,24.99
6664,2627,58,3,12.99
6665,2628,45,3,39.99
6666,2629,47,3,14.99
6667,2630,10,2,149.99
6668,2631,62,2,9.99
6669,2631,60,3,179.99
6670,2632,43,1,44.99
6671,2632,31,2,9.99
6672,2633,68,2,54.99
6673,2633,9,2,299.99
6674,2634,17,3,36.99
6675,2634,66,3,34.99
6676,2634,67,3,12.99
6677,2635,2,2,39.99
6678,2635,14,2,99.99
6679,2635,38,3,18.99
6680,2635,36,1,18.99
6681,2636,10,1,149.99
6682,2636,57,2,39.99
6683,2637,14,3,99.99
6684,2637,25,3,16.99
6685,2637,65,1,9.99
6686,2638,32,3,14.99
6687,2638,35,1,12.99
6688,2638,17,3,36.99
6689,2639,39,1,39.99
6690,2639,9,1,299.99
6691,2639,17,3,36.99
6692,2640,30,2,44.99
6693,2641,7,1,27.99
6694,2641,68,1,54.99
6695,2641,55,2,16.99
6696,2642,53,1,22.99
6697,2642,58,1,12.99
6698,2642,5,3,89.99
6699,2643,24,2,149.99
6700,2644,35,1,12.99
6701,2645,58,1,12.99
6702,2645,8,1,249.99
6703,2645,36,1,18.99
6704,2646,50,1,39.99
6705,2646,24,2,149.99
6706,2646,61,1,139.99
6707,2646,43,2,44.99
6708,2647,11,3,34.99
6709,2647,29,1,64.99
6710,2647,23,1,22.99
6711,2647,41,1,17.99
6712,2648,58,2,12.99
6713,2649,62,1,9.99
6714,2650,60,3,179.99
6715,2650,23,1,22.99
6716,2650,26,1,159.99
6717,2650,9,2,299.99
6718,2651,17,3,36.99
6719,2651,63,2,17.99
6720,2651,68,3,54.99
6721,2651,24,1,149.99
6722,2652,35,1,12.99
6723,2652,45,1,39.99
6724,2653,38,3,18.99
6725,2653,67,1,12.99
6726,2654,15,1,29.99
6727,2654,29,1,64.99
6728,2655,14,1,99.99
6729,2655,50,3,39.99
6730,2655,51,2,32.99
6731,2655,40,3,49.99
6732,2656,22,3,89.99
6733,2656,62,2,9.99
6734,2656,7,3,27.99
6735,2656,57,2,39.99
6736,2657,4,1,24.99
6737,2657,17,2,36.99
6738,2658,36,2,18.99
6739,2659,21,1,84.99
6740,2659,19,2,69.99
6741,2660,24,2,149.99
6742,2660,64,2,21.99
6743,2661,35,2,12.99
6744,2662,21,3,84.99
6745,2662,42,1,24.99
6746,2662,54,3,79.99
6747,2663,52,3,24.99
6748,2663,65,1,9.99
6749,2664,44,3,34.99
6750,2664,58,2,12.99
6751,2665,6,1,79.99
6752,2665,10,2,149.99
6753,2666,42,3,24.99
6754,2667,50,1,39.99
6755,2667,12,1,22.99
6756,2667,58,3,12.99
6757,2667,20,2,21.99
6758,2668,65,1,9.99
6759,2668,63,1,17.99
6760,2668,52,2,24.99
6761,2668,68,2,54.99
6762,2669,7,1,27.99
6763,2670,38,2,18.99
6764,2670,26,2,159.99
6765,2670,13,3,139.99
6766,2670,14,1,99.99
6767,2671,46,1,27.99
6768,2672,41,3,17.99
6769,2672,13,3,139.99
6770,2672,19,2,69.99
6771,2673,36,2,18.99
6772,2674,17,3,36.99
6773,2675,29,2,64.99
6774,2675,41,3,17.99
6775,2675,43,2,44.99
6776,2676,20,2,21.99
6777,2676,54,1,79.99
6778,2676,18,1,26.99
6779,2676,53,3,22.99
6780,2677,34,2,19.99
6781,2678,33,3,13.99
6782,2678,38,2,18.99
6783,2678,7,2,27.99
6784,2678,62,1,9.99
6785,2679,26,1,159.99
6786,2679,1,3,129.99
6787,2679,51,3,32.99
6788,2680,69,2,14.99
6789,2680,63,2,17.99
6790,2680,19,1,69.99
6791,2680,68,2,54.99
6792,2681,40,3,49.99
6793,2682,23,2,22.99
6794,2682,24,3,149.99
6795,2682,37,2,22.99
6796,2682,66,1,34.99
6797,2683,37,2,22.99
6798,2683,25,2,16.99
6799,2684,52,3,24.99
6800,2684,34,1,19.99
6801,2684,40,1,49.99
6802,2684,36,3,18.99
6803,2685,38,3,18.99
6804,2685,32,3,14.99
6805,2685,52,1,24.99
6806,2685,13,1,139.99
6807,2686,64,1,21.99
6808,2686,48,2,17.99
6809,2687,33,2,13.99
6810,2687,56,3,15.99
6811,2688,38,3,18.99
6812,2688,15,1,29.99
6813,2688,15,2,29.99
6814,2688,69,2,14.99
6815,2689,55,3,16.99
6816,2689,38,3,18.99
6817,2689,6,1,79.99
6818,2689,52,1,24.99
6819,2690,36,3,18.99
6820,2691,12,1,22.99
6821,2691,50,2,39.99
6822,2691,10,1,149.99
6823,2692,38,3,18.99
6824,2692,59,2,9.99
6825,2692,11,1,34.99
6826,2693,30,3,44.99
6827,2693,51,1,32.99
6828,2693,17,2,36.99
6829,2693,69,3,14.99
6830,2694,56,3,15.99
6831,2694,31,1,9.99
6832,2694,17,1,36.99
6833,2695,57,3,39.99
6834,2695,56,2,15.99
6835,2695,1,2,129.99
6836,2696,7,2,27.99
6837,2696,2,1,39.99
6838,2696,35,1,12.99
6839,2696,22,1,89.99
6840,2697,57,1,39.99
6841,2697,28,2,89.99
6842,2697,10,1,149.99
6843,2697,3,1,49.99
6844,2698,39,1,39.99
6845,2699,34,2,19.99
6846,2700,47,2,14.99
6847,2700,26,2,159.99
6848,2700,63,1,17.99
6849,2700,60,2,179.99
6850,2701,66,1,34.99
6851,2702,15,2,29.99
6852,2702,55,2,16.99
6853,2702,12,1,22.99
6854,2703,57,1,39.99
6855,2703,18,3,26.99
6856,2703,21,1,84.99
6857,2704,63,2,17.99
6858,2705,46,3,27.99
6859,2705,65,1,9.99
6860,2705,51,3,32.99
6861,2706,61,3,139.99
6862,2707,45,2,39.99
6863,2707,5,1,89.99
6864,2707,29,3,64.99
6865,2708,7,2,27.99
6866,2708,8,1,249.99
6867,2709,30,2,44.99
6868,2709,49,2,44.99
6869,2710,11,1,34.99
6870,2710,42,2,24.99
6871,2710,4,1,24.99
6872,2710,42,2,24.99
6873,2711,6,2,79.99
6874,2711,52,3,24.99
6875,2711,33,2,13.99
6876,2711,8,1,249.99
6877,2712,4,2,24.99
6878,2712,55,3,16.99
6879,2712,49,1,44.99
6880,2713,15,2,29.99
6881,2713,47,1,14.99
6882,2713,5,1,89.99
6883,2713,18,2,26.99
6884,2714,28,3,89.99
6885,2714,23,2,22.99
6886,2715,54,2,79.99
6887,2716,49,2,44.99
6888,2716,23,1,22.99
6889,2717,7,3,27.99
6890,2717,17,1,36.99
6891,2718,50,3,39.99
6892,2718,25,1,16.99
6893,2718,19,1,69.99
6894,2719,24,1,149.99
6895,2719,24,3,149.99
6896,2720,58,1,12.99
6897,2720,36,2,18.99
6898,2721,39,1,39.99
6899,2721,36,3,18.99
6900,2721,42,2,24.99
6901,2722,54,1,79.99
6902,2722,19,3,69.99
6903,2723,42,1,24.99
6904,2724,3,1,49.99
6905,2724,26,3,159.99
6906,2725,15,2,29.99
6907,2726,29,1,64.99
6908,2726,23,3,22.99
6909,2727,42,2,24.99
6910,2728,9,2,299.99
6911,2728,47,2,14.99
6912,2728,47,3,14.99
6913,2729,36,3,18.99
6914,2729,66,1,34.99
6915,2729,33,1,13.99
6916,2729,18,3,26.99
6917,2730,38,2,18.99
6918,2731,68,1,54.99
6919,2731,45,3,39.99
6920,2732,64,3,21.99
6921,2733,10,3,149.99
6922,2733,2,2,39.99
6923,2734,58,2,12.99
6924,2734,19,1,69.99
6925,2734,39,3,39.99
6926,2735,18,2,26.99
6927,2735,1,2,129.99
6928,2735,54,3,79.99
6929,2736,69,3,14.99
6930,2736,47,1,14.99
6931,2737,19,1,69.99
6932,2737,30,2,44.99
6933,2738,30,1,44.99
6934,2739,15,2,29.99
6935,2739,27,3,17.99
6936,2739,33,1,13.99
6937,2740,38,3,18.99
6938,2740,25,2,16.99
6939,2740,58,1,12.99
6940,2740,48,2,17.99
6941,2741,16,1,24.99
6942,2741,40,3,49.99
6943,2742,53,2,22.99
6944,2743,68,1,54.99
6945,2743,34,1,19.99
6946,2743,30,2,44.99
6947,2743,55,1,16.99
6948,2744,19,1,69.99
6949,2744,36,3,18.99
6950,2744,33,3,13.99
6951,2745,57,3,39.99
6952,2745,7,1,27.99
6953,2746,42,1,24.99
6954,2746,46,1,27.99
6955,2746,6,2,79.99
6956,2746,34,2,19.99
6957,2747,21,2,84.99
6958,2747,6,1,79.99
6959,2748,53,3,22.99
6960,2748,31,2,9.99
6961,2748,35,2,12.99
6962,2748,36,2,18.99
6963,2749,66,1,34.99
6964,2749,23,3,22.99
6965,2749,55,1,16.99
6966,2750,32,2,14.99
6967,2750,10,1,149.99
6968,2751,53,3,22.99
6969,2751,36,1,18.99
6970,2751,62,2,9.99
6971,2752,46,3,27.99
6972,2753,66,1,34.99
6973,2754,65,1,9.99
6974,2755,37,2,22.99
6975,2755,28,3,89.99
6976,2756,30,2,44.99
6977,2756,39,3,39.99
6978,2756,53,3,22.99
6979,2757,43,1,44.99
6980,2757,31,2,9.99
6981,2757,59,3,9.99
6982,2758,26,1,159.99
6983,2758,18,1,26.99
6984,2758,44,3,34.99
6985,2759,57,3,39.99
6986,2759,19,1,69.99
6987,2760,26,1,159.99
6988,2760,14,3,99.99
6989,2761,10,1,149.99
6990,2761,16,3,24.99
6991,2761,63,2,17.99
6992,2762,51,2,32.99
6993,2762,43,2,44.99
6994,2763,8,3,249.99
6995,2763,19,1,69.99
6996,2763,68,2,54.99
6997,2763,7,1,27.99
6998,2764,61,3,139.99
6999,2765,14,1,99.99
7000,2766,55,2,16.99
7001,2767,61,1,139.99
7002,2767,12,2,22.99
7003,2768,56,3,15.99
7004,2768,10,2,149.99
7005,2768,32,2,14.99
7006,2768,29,2,64.99
7007,2769,55,1,16.99
7008,2769,16,1,24.99
7009,2769,7,1,27.99
7010,2770,61,2,139.99
7011,2770,18,2,26.99
7012,2770,69,1,14.99
7013,2770,46,1,27.99
7014,2771,55,3,16.99
7015,2771,20,2,21.99
7016,2772,29,3,64.99
7017,2772,29,1,64.99
7018,2772,18,2,26.99
7019,2773,30,3,44.99
7020,2773,31,2,9.99
7021,2773,31,1,9.99
7022,2774,45,3,39.99
7023,2774,52,3,24.99
7024,2775,12,1,22.99
7025,2775,38,3,18.99
7026,2775,66,2,34.99
7027,2776,46,3,27.99
7028,2777,19,1,69.99
7029,2778,51,3,32.99
7030,2778,48,2,17.99
7031,2778,29,2,64.99
7032,2779,39,2,39.99
7033,2779,66,1,34.99
7034,2779,67,1,12.99
7035,2779,50,2,39.99
7036,2780,5,1,89.99
7037,2780,12,2,22.99
7038,2780,45,1,39.99
7039,2781,25,3,16.99
7040,2781,44,3,34.99
7041,2781,52,3,24.99
7042,2782,62,1,9.99
7043,2783,45,1,39.99
7044,2784,32,2,14.99
7045,2784,39,1,39.99
7046,2784,34,1,19.99
7047,2785,21,2,84.99
7048,2785,18,2,26.99
7049,2785,7,2,27.99
7050,2785,34,2,19.99
7051,2786,12,2,22.99
7052,2786,10,1,149.99
7053,2786,9,1,299.99
7054,2786,2,1,39.99
7055,2787,11,3,34.99
7056,2787,19,2,69.99
7057,2788,65,3,9.99
7058,2788,23,1,22.99
7059,2788,49,1,44.99
7060,2789,24,2,149.99
7061,2790,42,3,24.99
7062,2791,7,2,27.99
7063,2791,55,3,16.99
7064,2792,5,2,89.99
7065,2792,17,3,36.99
7066,2792,1,3,129.99
7067,2793,61,2,139.99
7068,2793,16,1,24.99
7069,2793,28,3,89.99
7070,2794,33,1,13.99
7071,2794,53,3,22.99
7072,2795,60,2,179.99
7073,2795,16,1,24.99
7074,2795,40,3,49.99
7075,2796,68,3,54.99
7076,2796,29,2,64.99
7077,2797,53,2,22.99
7078,2798,13,1,139.99
7079,2798,48,1,17.99
7080,2799,38,3,18.99
7081,2799,68,3,54.99
7082,2800,20,2,21.99
7083,2800,57,2,39.99
7084,2800,65,1,9.99
7085,2800,25,1,16.99
7086,2801,51,2,32.99
7087,2801,8,2,249.99
7088,2802,58,1,12.99
7089,2802,10,1,149.99
7090,2803,67,2,12.99
7091,2804,3,3,49.99
7092,2805,33,3,13.99
7093,2805,14,1,99.99
7094,2806,34,1,19.99
7095,2806,66,3,34.99
7096,2807,55,1,16.99
7097,2808,5,1,89.99
7098,2808,49,3,44.99
7099,2809,59,3,9.99
7100,2809,28,2,89.99
7101,2809,62,2,9.99
7102,2809,19,2,69.99
7103,2810,51,2,32.99
7104,2811,15,3,29.99
7105,2812,10,1,149.99
7106,2812,56,1,15.99
7107,2812,68,1,54.99
7108,2812,30,3,44.99
7109,2813,14,1,99.99
7110,2813,54,2,79.99
7111,2813,63,2,17.99
7112,2814,34,3,19.99
7113,2815,10,2,149.99
7114,2815,41,3,17.99
7115,2815,65,2,9.99
7116,2815,27,2,17.99
7117,2816,1,2,129.99
7118,2816,51,1,32.99
7119,2816,58,1,12.99
7120,2817,9,1,299.99
7121,2818,59,1,9.99
7122,2818,4,1,24.99
7123,2818,17,2,36.99
7124,2819,12,3,22.99
7125,2820,32,2,14.99
7126,2820,19,3,69.99
7127,2820,65,2,9.99
7128,2820,34,1,19.99
7129,2821,51,3,32.99
7130,2821,30,2,44.99
7131,2821,34,2,19.99
7132,2821,29,3,64.99
7133,2822,6,2,79.99
7134,2822,69,1,14.99
7135,2822,21,1,84.99
7136,2823,9,2,299.99
7137,2823,55,1,16.99
7138,2824,21,1,84.99
7139,2825,57,3,39.99
7140,2825,22,1,89.99
7141,2826,1,1,129.99
7142,2826,52,1,24.99
7143,2827,67,2,12.99
7144,2828,11,3,34.99
7145,2828,62,3,9.99
7146,2829,2,2,39.99
7147,2830,69,2,14.99
7148,2831,25,2,16.99
7149,2832,35,1,12.99
7150,2832,37,2,22.99
7151,2832,46,2,27.99
7152,2832,49,2,44.99
7153,2833,50,1,39.99
7154,2833,12,2,22.99
7155,2833,47,2,14.99
7156,2833,16,3,24.99
7157,2834,25,3,16.99
7158,2834,55,3,16.99
7159,2835,63,1,17.99
7160,2835,39,1,39.99
7161,2835,35,2,12.99
7162,2836,7,1,27.99
7163,2837,66,1,34.99
7164,2837,49,1,44.99
7165,2837,54,2,79.99
7166,2837,28,3,89.99
7167,2838,22,3,89.99
7168,2838,56,3,15.99
7169,2838,37,1,22.99
7170,2838,55,1,16.99
7171,2839,42,2,24.99
7172,2839,30,1,44.99
7173,2839,42,2,24.99
7174,2839,51,1,32.99
7175,2840,32,1,14.99
7176,2840,13,3,139.99
7177,2840,23,3,22.99
7178,2840,43,3,44.99
7179,2841,16,2,24.99
7180,2841,6,1,79.99
7181,2841,28,1,89.99
7182,2841,66,2,34.99
7183,2842,21,3,84.99
7184,2842,42,3,24.99
7185,2843,65,3,9.99
7186,2843,59,1,9.99
7187,2843,42,3,24.99
7188,2844,14,2,99.99
7189,2844,30,3,44.99
7190,2844,31,2,9.99
7191,2844,33,1,13.99
7192,2845,51,1,32.99
7193,2845,18,2,26.99
7194,2845,16,3,24.99
7195,2845,64,3,21.99
7196,2846,9,1,299.99
7197,2846,35,3,12.99
7198,2847,39,1,39.99
7199,2847,28,3,89.99
7200,2847,45,1,39.99
7201,2847,41,1,17.99
7202,2848,32,1,14.99
7203,2848,59,2,9.99
7204,2848,65,1,9.99
7205,2849,35,2,12.99
7206,2849,18,1,26.99
7207,2850,54,1,79.99
7208,2850,5,1,89.99
7209,2850,18,3,26.99
7210,2850,16,1,24.99
7211,2851,47,1,14.99
7212,2851,20,1,21.99
7213,2851,22,3,89.99
7214,2851,32,2,14.99
7215,2852,13,1,139.99
7216,2852,68,2,54.99
7217,2852,3,2,49.99
7218,2853,60,1,179.99
7219,2853,54,1,79.99
7220,2853,1,3,129.99
7221,2854,56,2,15.99
7222,2855,17,1,36.99
7223,2855,47,2,14.99
7224,2856,19,1,69.99
7225,2857,49,1,44.99
7226,2857,50,1,39.99
7227,2858,10,2,149.99
7228,2858,42,1,24.99
7229,2858,15,2,29.99
7230,2859,27,2,17.99
7231,2859,67,3,12.99
7232,2860,51,1,32.99
7233,2860,14,1,99.99
7234,2861,40,3,49.99
7235,2861,61,2,139.99
7236,2861,31,2,9.99
7237,2861,36,2,18.99
7238,2862,19,3,69.99
7239,2862,12,2,22.99
7240,2862,54,2,79.99
7241,2863,56,2,15.99
7242,2863,33,1,13.99
7243,2863,56,1,15.99
7244,2864,67,1,12.99
7245,2865,52,3,24.99
7246,2866,55,3,16.99
7247,2866,12,1,22.99
7248,2866,2,3,39.99
7249,2867,33,1,13.99
7250,2868,7,1,27.99
7251,2869,23,2,22.99
7252,2869,61,1,139.99
7253,2869,40,1,49.99
7254,2869,63,1,17.99
7255,2870,67,2,12.99
7256,2871,10,3,149.99
7257,2872,14,1,99.99
7258,2872,29,2,64.99
7259,2872,6,3,79.99
7260,2872,51,2,32.99
7261,2873,38,3,18.99
7262,2873,29,3,64.99
7263,2873,7,2,27.99
7264,2874,31,1,9.99
7265,2874,38,1,18.99
7266,2875,24,1,149.99
7267,2875,4,1,24.99
7268,2875,56,2,15.99
7269,2876,37,1,22.99
7270,2876,45,1,39.99
7271,2876,37,2,22.99
7272,2877,10,3,149.99
7273,2877,22,3,89.99
7274,2877,51,2,32.99
7275,2877,6,1,79.99
7276,2878,43,1,44.99
7277,2878,22,3,89.99
7278,2878,32,2,14.99
7279,2878,65,3,9.99
7280,2879,46,2,27.99
7281,2880,68,3,54.99
7282,2880,63,2,17.99
7283,2880,26,3,159.99
7284,2881,1,3,129.99
7285,2882,29,2,64.99
7286,2882,67,2,12.99
7287,2882,47,3,14.99
7288,2883,49,1,44.99
7289,2883,14,3,99.99
7290,2884,65,1,9.99
7291,2884,44,3,34.99
7292,2884,34,3,19.99
7293,2885,36,1,18.99
7294,2885,50,2,39.99
7295,2885,60,1,179.99
7296,2886,36,3,18.99
7297,2886,17,3,36.99
7298,2886,2,1,39.99
7299,2887,15,2,29.99
7300,2887,44,1,34.99
7301,2888,40,1,49.99
7302,2888,64,1,21.99
7303,2888,18,2,26.99
7304,2888,29,1,64.99
7305,2889,67,1,12.99
7306,2890,25,3,16.99
7307,2890,56,1,15.99
7308,2890,3,3,49.99
7309,2890,38,3,18.99
7310,2891,44,3,34.99
7311,2891,28,2,89.99
7312,2892,25,2,16.99
7313,2892,54,3,79.99
7314,2892,31,3,9.99
7315,2892,38,3,18.99
7316,2893,50,3,39.99
7317,2894,54,1,79.99
7318,2894,62,3,9.99
7319,2894,8,1,249.99
7320,2895,9,2,299.99
7321,2895,55,1,16.99
7322,2896,6,3,79.99
7323,2896,27,3,17.99
7324,2896,38,2,18.99
7325,2897,31,3,9.99
7326,2897,27,1,17.99
7327,2897,21,1,84.99
7328,2897,8,3,249.99
7329,2898,59,2,9.99
7330,2898,14,3,99.99
7331,2899,69,2,14.99
7332,2900,6,3,79.99
7333,2901,6,2,79.99
7334,2901,6,1,79.99
7335,2901,58,1,12.99
7336,2902,13,3,139.99
7337,2902,56,2,15.99
7338,2902,42,3,24.99
7339,2903,68,3,54.99
7340,2904,62,1,9.99
7341,2904,8,1,249.99
7342,2905,34,2,19.99
7343,2905,30,2,44.99
7344,2905,59,3,9.99
7345,2905,14,1,99.99
7346,2906,38,2,18.99
7347,2906,9,2,299.99
7348,2906,38,3,18.99
7349,2906,20,2,21.99
7350,2907,52,3,24.99
7351,2907,31,2,9.99
7352,2908,63,3,17.99
7353,2909,12,3,22.99
7354,2909,5,2,89.99
7355,2910,27,3,17.99
7356,2910,22,2,89.99
7357,2910,36,1,18.99
7358,2911,25,1,16.99
7359,2911,42,2,24.99
7360,2911,21,2,84.99
7361,2911,15,1,29.99
7362,2912,61,1,139.99
7363,2913,25,3,16.99
7364,2913,3,3,49.99
7365,2914,37,1,22.99
7366,2915,41,3,17.99
7367,2915,46,2,27.99
7368,2915,9,3,299.99
7369,2916,44,2,34.99
7370,2916,65,3,9.99
7371,2916,11,3,34.99
7372,2916,38,1,18.99
7373,2917,60,2,179.99
7374,2917,25,1,16.99
7375,2917,10,2,149.99
7376,2917,23,3,22.99
7377,2918,67,3,12.99
7378,2919,45,2,39.99
7379,2919,7,1,27.99
7380,2919,3,2,49.99
7381,2920,6,2,79.99
7382,2920,32,2,14.99
7383,2920,65,3,9.99
7384,2920,41,3,17.99
7385,2921,50,3,39.99
7386,2921,52,2,24.99
7387,2921,56,3,15.99
7388,2922,50,3,39.99
7389,2922,23,2,22.99
7390,2922,58,2,12.99
7391,2922,56,2,15.99
7392,2923,25,2,16.99
7393,2923,58,1,12.99
7394,2924,1,3,129.99
7395,2924,33,2,13.99
7396,2925,43,2,44.99
7397,2926,39,3,39.99
7398,2926,24,1,149.99
7399,2926,34,2,19.99
7400,2927,4,2,24.99
7401,2927,5,1,89.99
7402,2927,59,1,9.99
7403,2928,47,3,14.99
7404,2929,10,1,149.99
7405,2930,3,1,49.99
7406,2930,9,2,299.99
7407,2931,9,2,299.99
7408,2931,31,2,9.99
7409,2932,37,3,22.99
7410,2932,14,3,99.99
7411,2932,1,3,129.99
7412,2933,36,2,18.99
7413,2933,46,3,27.99
7414,2933,61,2,139.99
7415,2934,29,1,64.99
7416,2934,19,2,69.99
7417,2934,21,1,84.99
7418,2935,62,2,9.99
7419,2935,4,2,24.99
7420,2935,62,2,9.99
7421,2936,9,1,299.99
7422,2936,8,3,249.99
7423,2936,3,1,49.99
7424,2936,41,2,17.99
7425,2937,32,3,14.99
7426,2937,8,2,249.99
7427,2937,6,3,79.99
7428,2937,29,1,64.99
7429,2938,28,3,89.99
7430,2938,65,1,9.99
7431,2938,7,3,27.99
7432,2939,4,2,24.99
7433,2939,42,3,24.99
7434,2940,19,2,69.99
7435,2940,68,1,54.99
7436,2941,29,2,64.99
7437,2942,29,1,64.99
7438,2942,3,2,49.99
7439,2942,64,2,21.99
7440,2943,55,1,16.99
7441,2943,34,3,19.99
7442,2943,4,2,24.99
7443,2943,37,1,22.99
7444,2944,15,2,29.99
7445,2944,8,3,249.99
7446,2944,24,3,149.99
7447,2944,39,1,39.99
7448,2945,13,2,139.99
7449,2945,47,2,14.99
7450,2945,13,2,139.99
7451,2945,25,1,16.99
7452,2946,51,1,32.99
7453,2946,63,3,17.99
7454,2946,45,2,39.99
7455,2946,1,1,129.99
7456,2947,11,1,34.99
7457,2947,63,1,17.99
7458,2947,64,2,21.99
7459,2947,13,1,139.99
7460,2948,56,3,15.99
7461,2948,65,2,9.99
7462,2949,4,1,24.99
7463,2949,32,3,14.99
7464,2950,48,1,17.99
7465,2950,63,3,17.99
7466,2950,1,1,129.99
7467,2950,5,2,89.99
7468,2951,41,3,17.99
7469,2951,34,3,19.99
7470,2951,2,2,39.99
7471,2952,47,2,14.99
7472,2952,59,2,9.99
7473,2953,13,3,139.99
7474,2953,19,2,69.99
7475,2953,28,3,89.99
7476,2954,50,1,39.99
7477,2954,24,3,149.99
7478,2954,61,1,139.99
7479,2954,50,2,39.99
7480,2955,56,1,15.99
7481,2955,60,2,179.99
7482,2955,7,3,27.99
7483,2956,58,1,12.99
7484,2957,46,2,27.99
7485,2957,56,3,15.99
7486,2957,19,2,69.99
7487,2957,3,2,49.99
7488,2958,63,1,17.99
7489,2958,31,2,9.99
7490,2958,18,3,26.99
7491,2958,60,1,179.99
7492,2959,24,3,149.99
7493,2959,36,3,18.99
7494,2959,54,1,79.99
7495,2959,7,2,27.99
7496,2960,64,3,21.99
7497,2960,23,1,22.99
7498,2960,66,1,34.99
7499,2960,13,1,139.99
7500,2961,8,3,249.99
7501,2962,17,2,36.99
7502,2962,35,2,12.99
7503,2962,28,1,89.99
7504,2963,8,1,249.99
7505,2963,62,2,9.99
7506,2964,69,1,14.99
7507,2964,67,1,12.99
7508,2964,31,2,9.99
7509,2964,43,3,44.99
7510,2965,5,1,89.99
7511,2965,50,1,39.99
7512,2965,65,2,9.99
7513,2966,67,3,12.99
7514,2966,68,3,54.99
7515,2966,61,2,139.99
7516,2966,59,3,9.99
7517,2967,65,2,9.99
7518,2967,24,3,149.99
7519,2968,33,1,13.99
7520,2969,7,3,27.99
7521,2969,38,3,18.99
7522,2970,56,3,15.99
7523,2970,21,2,84.99
7524,2971,8,2,249.99
7525,2972,22,3,89.99
7526,2972,43,3,44.99
7527,2972,58,2,12.99
7528,2973,56,3,15.99
7529,2973,2,1,39.99
7530,2974,13,1,139.99
7531,2974,56,3,15.99
7532,2974,49,1,44.99
7533,2975,35,2,12.99
7534,2975,3,2,49.99
7535,2975,3,1,49.99
7536,2976,28,1,89.99
7537,2976,14,1,99.99
7538,2976,5,3,89.99
7539,2976,45,1,39.99
7540,2977,46,2,27.99
7541,2977,1,1,129.99
7542,2977,13,1,139.99
7543,2977,27,2,17.99
7544,2978,41,2,17.99
7545,2978,54,2,79.99
7546,2979,61,2,139.99
7547,2979,39,3,39.99
7548,2979,48,3,17.99
7549,2980,7,2,27.99
7550,2980,39,3,39.99
7551,2980,53,3,22.99
7552,2981,2,2,39.99
7553,2981,13,3,139.99
7554,2981,25,3,16.99
7555,2981,11,1,34.99
7556,2982,23,2,22.99
7557,2983,5,1,89.99
7558,2983,21,2,84.99
7559,2984,29,1,64.99
7560,2984,17,3,36.99
7561,2985,44,2,34.99
7562,2985,21,1,84.99
7563,2985,56,2,15.99
7564,2985,48,2,17.99
7565,2986,68,3,54.99
7566,2986,35,3,12.99
7567,2986,39,2,39.99
7568,2987,41,3,17.99
7569,2987,64,3,21.99
7570,2987,11,2,34.99
7571,2988,31,3,9.99
7572,2988,48,1,17.99
7573,2988,11,2,34.99
7574,2988,37,3,22.99
7575,2989,30,2,44.99
7576,2989,31,1,9.99
7577,2989,42,2,24.99
7578,2989,34,1,19.99
7579,2990,15,2,29.99
7580,2990,60,3,179.99
7581,2990,47,3,14.99
7582,2990,3,3,49.99
7583,2991,38,1,18.99
7584,2991,2,3,39.99
7585,2991,28,3,89.99
7586,2992,54,1,79.99
7587,2992,12,3,22.99
7588,2992,6,2,79.99
7589,2992,66,3,34.99
7590,2993,42,2,24.99
7591,2993,66,1,34.99
7592,2993,50,1,39.99
7593,2993,66,1,34.99
7594,2994,66,1,34.99
7595,2995,47,3,14.99
7596,2995,39,1,39.99
7597,2995,38,2,18.99
7598,2995,18,2,26.99
7599,2996,68,1,54.99
7600,2996,36,1,18.99
7601,2996,67,3,12.99
7602,2996,50,3,39.99
7603,2997,56,1,15.99
7604,2997,18,1,26.99
7605,2997,36,3,18.99
7606,2997,33,3,13.99
7607,2998,61,2,139.99
7608,2998,30,1,44.99
7609,2999,65,1,9.99
7610,2999,23,2,22.99
7611,2999,46,3,27.99
7612,3000,14,2,99.99
7613,3001,31,1,9.99
7614,3001,19,2,69.99
7615,3002,30,1,44.99
7616,3002,39,1,39.99
7617,3003,33,2,13.99
7618,3003,38,2,18.99
7619,3004,65,3,9.99
7620,3004,58,1,12.99
7621,3004,40,3,49.99
7622,3004,25,2,16.99
7623,3005,52,2,24.99
7624,3006,40,2,49.99
7625,3006,20,2,21.99
7626,3007,24,1,149.99
7627,3007,21,1,84.99
7628,3007,42,1,24.99
7629,3008,64,1,21.99
7630,3008,34,3,19.99
7631,3009,30,1,44.99
7632,3009,55,3,16.99
7633,3010,36,1,18.99
7634,3010,21,3,84.99
7635,3011,69,3,14.99
7636,3011,10,1,149.99
7637,3012,56,2,15.99
7638,3013,38,1,18.99
7639,3013,65,2,9.99
7640,3013,68,3,54.99
7641,3014,68,1,54.99
7642,3014,10,3,149.99
7643,3014,64,2,21.99
7644,3015,6,1,79.99
7645,3015,13,1,139.99
7646,3016,42,1,24.99
7647,3016,1,2,129.99
7648,3016,52,1,24.99
7649,3017,20,3,21.99
7650,3018,39,2,39.99
7651,3018,35,2,12.99
7652,3018,39,3,39.99
7653,3019,31,2,9.99
7654,3020,59,2,9.99
7655,3020,43,1,44.99
7656,3020,63,1,17.99
7657,3020,51,2,32.99
7658,3021,54,3,79.99
7659,3021,40,3,49.99
7660,3021,68,1,54.99
7661,3022,50,3,39.99
7662,3022,15,1,29.99
7663,3022,50,2,39.99
7664,3023,39,1,39.99
7665,3023,24,1,149.99
7666,3023,27,2,17.99
7667,3024,35,1,12.99
7668,3024,50,2,39.99
7669,3025,57,2,39.99
7670,3025,28,3,89.99
7671,3025,9,1,299.99
7672,3026,6,1,79.99
7673,3026,30,3,44.99
7674,3027,12,2,22.99
7675,3027,57,3,39.99
7676,3028,2,3,39.99
7677,3028,26,1,159.99
7678,3028,53,1,22.99
7679,3029,49,2,44.99
7680,3029,22,1,89.99
7681,3029,42,3,24.99
7682,3030,52,2,24.99
7683,3030,36,2,18.99
7684,3030,69,2,14.99
7685,3030,26,2,159.99
7686,3031,45,3,39.99
7687,3031,45,1,39.99
7688,3032,51,1,32.99
7689,3033,57,2,39.99
7690,3033,2,2,39.99
7691,3033,12,3,22.99
7692,3033,56,2,15.99
7693,3034,38,2,18.99
7694,3034,21,1,84.99
7695,3035,48,2,17.99
7696,3035,53,3,22.99
7697,3035,27,3,17.99
7698,3036,15,3,29.99
7699,3037,45,1,39.99
7700,3037,58,3,12.99
7701,3037,3,1,49.99
7702,3038,25,1,16.99
7703,3038,66,3,34.99
7704,3038,60,1,179.99
7705,3038,50,2,39.99
7706,3039,29,2,64.99
7707,3039,40,3,49.99
7708,3039,14,2,99.99
7709,3039,32,2,14.99
7710,3040,27,2,17.99
7711,3040,8,2,249.99
7712,3040,46,2,27.99
7713,3041,66,1,34.99
7714,3041,53,3,22.99
7715,3042,35,2,12.99
7716,3042,30,3,44.99
7717,3043,66,3,34.99
7718,3043,51,3,32.99
7719,3043,34,2,19.99
7720,3044,33,2,13.99
7721,3045,56,3,15.99
7722,3045,36,1,18.99
7723,3046,25,1,16.99
7724,3046,42,2,24.99
7725,3046,23,3,22.99
7726,3046,43,3,44.99
7727,3047,34,2,19.99
7728,3047,40,1,49.99
7729,3048,64,2,21.99
7730,3048,50,1,39.99
7731,3049,28,2,89.99
7732,3049,59,1,9.99
7733,3049,39,3,39.99
7734,3049,56,3,15.99
7735,3050,40,2,49.99
7736,3050,17,2,36.99
7737,3050,22,1,89.99
7738,3050,48,2,17.99
7739,3051,55,3,16.99
7740,3051,36,1,18.99
7741,3052,49,3,44.99
7742,3052,19,1,69.99
7743,3052,52,3,24.99
7744,3053,18,2,26.99
7745,3053,4,1,24.99
7746,3054,15,2,29.99
7747,3054,33,2,13.99
7748,3054,6,3,79.99
7749,3054,17,2,36.99
7750,3055,66,2,34.99
7751,3056,38,3,18.99
7752,3056,61,3,139.99
7753,3056,62,1,9.99
7754,3056,69,3,14.99
7755,3057,27,1,17.99
7756,3057,13,1,139.99
7757,3057,1,3,129.99
7758,3057,41,3,17.99
7759,3058,48,3,17.99
7760,3058,20,2,21.99
7761,3059,65,3,9.99
7762,3059,57,2,39.99
7763,3059,15,1,29.99
7764,3060,12,1,22.99
7765,3061,43,1,44.99
7766,3061,52,2,24.99
7767,3061,43,3,44.99
7768,3061,65,3,9.99
7769,3062,51,3,32.99
7770,3062,51,1,32.99
7771,3063,38,3,18.99
7772,3063,15,1,29.99
7773,3063,14,2,99.99
7774,3063,62,3,9.99
7775,3064,14,3,99.99
7776,3065,56,3,15.99
7777,3066,51,3,32.99
7778,3066,52,2,24.99
7779,3067,28,3,89.99
7780,3067,36,3,18.99
7781,3067,20,1,21.99
7782,3068,56,3,15.99
7783,3068,52,1,24.99
7784,3069,32,1,14.99
7785,3070,64,2,21.99
7786,3070,16,3,24.99
7787,3070,60,2,179.99
7788,3071,49,1,44.99
7789,3071,18,1,26.99
7790,3071,35,1,12.99
7791,3071,7,2,27.99
7792,3072,1,1,129.99
7793,3072,30,1,44.99
7794,3072,2,1,39.99
7795,3073,18,3,26.99
7796,3073,2,3,39.99
7797,3073,69,2,14.99
7798,3073,57,2,39.99
7799,3074,32,2,14.99
7800,3074,41,3,17.99
7801,3074,67,2,12.99
7802,3075,12,2,22.99
7803,3075,46,2,27.99
7804,3076,9,1,299.99
7805,3076,54,1,79.99
7806,3077,39,3,39.99
7807,3077,20,2,21.99
7808,3077,31,3,9.99
7809,3077,65,1,9.99
7810,3078,58,1,12.99
7811,3078,67,3,12.99
7812,3078,63,2,17.99
7813,3079,52,2,24.99
7814,3079,8,1,249.99
7815,3079,15,3,29.99
7816,3079,12,2,22.99
7817,3080,10,1,149.99
7818,3081,25,2,16.99
7819,3082,21,1,84.99
7820,3082,28,1,89.99
7821,3082,66,1,34.99
7822,3083,37,3,22.99
7823,3083,28,2,89.99
7824,3083,57,1,39.99
7825,3084,58,1,12.99
7826,3084,51,2,32.99
7827,3085,2,1,39.99
7828,3085,7,2,27.99
7829,3085,46,1,27.99
7830,3086,54,2,79.99
7831,3086,30,2,44.99
7832,3086,7,1,27.99
7833,3086,6,1,79.99
7834,3087,19,1,69.99
7835,3087,19,1,69.99
7836,3087,44,1,34.99
7837,3087,44,1,34.99
7838,3088,54,3,79.99
7839,3088,11,1,34.99
7840,3088,6,1,79.99
7841,3088,6,1,79.99
7842,3089,49,2,44.99
7843,3089,58,3,12.99
7844,3090,51,2,32.99
7845,3091,67,3,12.99
7846,3091,49,2,44.99
7847,3092,8,1,249.99
7848,3092,34,3,19.99
7849,3092,16,2,24.99
7850,3092,4,1,24.99
7851,3093,35,3,12.99
7852,3093,6,2,79.99
7853,3093,5,1,89.99
7854,3093,26,3,159.99
7855,3094,19,2,69.99
7856,3094,19,2,69.99
7857,3094,44,3,34.99
7858,3095,36,2,18.99
7859,3096,54,3,79.99
7860,3096,26,2,159.99
7861,3097,66,3,34.99
7862,3097,28,2,89.99
7863,3097,69,2,14.99
7864,3097,14,1,99.99
7865,3098,10,1,149.99
7866,3099,49,3,44.99
7867,3100,10,1,149.99
7868,3100,61,2,139.99
7869,3101,36,2,18.99
7870,3101,52,3,24.99
7871,3101,32,1,14.99
7872,3101,9,1,299.99
7873,3102,22,2,89.99
7874,3103,57,3,39.99
7875,3103,4,1,24.99
7876,3104,36,2,18.99
7877,3104,31,2,9.99
7878,3104,49,1,44.99
7879,3105,37,2,22.99
7880,3105,6,2,79.99
7881,3105,44,1,34.99
7882,3105,19,1,69.99
7883,3106,26,2,159.99
7884,3107,42,3,24.99
7885,3107,22,1,89.99
7886,3108,42,2,24.99
7887,3108,12,3,22.99
7888,3108,63,2,17.99
7889,3108,42,2,24.99
7890,3109,62,1,9.99
7891,3109,29,1,64.99
7892,3109,62,2,9.99
7893,3109,17,1,36.99
7894,3110,60,2,179.99
7895,3111,45,2,39.99
7896,3112,4,1,24.99
7897,3112,66,1,34.99
7898,3113,68,2,54.99
7899,3113,50,2,39.99
7900,3113,58,2,12.99
7901,3113,32,1,14.99
7902,3114,54,2,79.99
7903,3114,20,3,21.99
7904,3115,56,1,15.99
7905,3115,57,1,39.99
7906,3116,13,1,139.99
7907,3116,32,3,14.99
7908,3116,2,1,39.99
7909,3116,20,1,21.99
7910,3117,47,3,14.99
7911,3118,10,3,149.99
7912,3118,39,2,39.99
7913,3119,32,1,14.99
7914,3119,46,3,27.99
7915,3120,22,2,89.99
7916,3121,17,3,36.99
7917,3121,2,1,39.99
7918,3122,36,1,18.99
7919,3122,64,3,21.99
7920,3123,27,2,17.99
7921,3124,23,2,22.99
7922,3125,55,3,16.99
7923,3125,68,1,54.99
7924,3125,37,3,22.99
7925,3126,14,2,99.99
7926,3126,38,3,18.99
7927,3126,35,1,12.99
7928,3126,40,3,49.99
7929,3127,5,1,89.99
7930,3127,17,3,36.99
7931,3127,59,2,9.99
7932,3128,54,3,79.99
7933,3128,55,2,16.99
7934,3128,5,3,89.99
7935,3129,12,3,22.99
7936,3129,65,1,9.99
7937,3129,16,1,24.99
7938,3130,11,1,34.99
7939,3131,8,2,249.99
7940,3132,15,3,29.99
7941,3132,51,1,32.99
7942,3132,4,1,24.99
7943,3133,69,2,14.99
7944,3133,18,3,26.99
7945,3133,51,1,32.99
7946,3133,56,1,15.99
7947,3134,49,2,44.99
7948,3134,12,3,22.99
7949,3134,57,2,39.99
7950,3135,64,1,21.99
7951,3135,38,3,18.99
7952,3135,61,3,139.99
7953,3135,53,3,22.99
7954,3136,36,3,18.99
7955,3136,36,1,18.99
7956,3137,28,2,89.99
7957,3138,19,2,69.99
7958,3138,10,3,149.99
7959,3138,25,3,16.99
7960,3138,33,2,13.99
7961,3139,57,3,39.99
7962,3139,65,1,9.99
7963,3140,34,3,19.99
7964,3140,50,1,39.99
7965,3140,19,1,69.99
7966,3140,53,2,22.99
7967,3141,57,1,39.99
7968,3141,28,2,89.99
7969,3142,32,1,14.99
7970,3142,53,1,22.99
7971,3142,35,1,12.99
7972,3143,25,1,16.99
7973,3143,55,2,16.99
7974,3143,54,2,79.99
7975,3143,48,2,17.99
7976,3144,34,2,19.99
7977,3144,25,1,16.99
7978,3144,24,2,149.99
7979,3145,61,1,139.99
7980,3145,10,1,149.99
7981,3145,51,3,32.99
7982,3145,39,3,39.99
7983,3146,63,2,17.99
7984,3146,16,2,24.99
7985,3146,4,1,24.99
7986,3146,7,3,27.99
7987,3147,17,3,36.99
7988,3147,26,2,159.99
7989,3148,3,3,49.99
7990,3148,34,1,19.99
7991,3149,9,3,299.99
7992,3149,20,1,21.99
7993,3150,54,3,79.99
7994,3150,15,1,29.99
7995,3151,42,2,24.99
7996,3151,44,3,34.99
7997,3151,32,1,14.99
7998,3152,21,3,84.99
7999,3152,38,1,18.99
8000,3152,53,2,22.99
8001,3153,49,1,44.99
8002,3153,50,1,39.99
8003,3153,18,1,26.99
8004,3153,29,3,64.99
8005,3154,8,3,249.99
8006,3154,55,2,16.99
8007,3154,69,2,14.99
8008,3154,50,3,39.99
8009,3155,60,2,179.99
8010,3155,29,1,64.99
8011,3155,69,1,14.99
8012,3155,10,1,149.99
8013,3156,43,3,44.99
8014,3156,30,2,44.99
8015,3156,34,3,19.99
8016,3157,7,3,27.99
8017,3157,15,2,29.99
8018,3157,12,3,22.99
8019,3158,45,1,39.99
8020,3158,24,3,149.99
8021,3159,61,2,139.99
8022,3159,25,2,16.99
8023,3159,56,1,15.99
8024,3159,14,3,99.99
8025,3160,46,3,27.99
8026,3160,48,2,17.99
8027,3160,16,1,24.99
8028,3160,69,2,14.99
8029,3161,32,3,14.99
8030,3162,56,3,15.99
8031,3162,55,2,16.99
8032,3162,48,1,17.99
8033,3163,10,3,149.99
8034,3163,60,3,179.99
8035,3164,63,2,17.99
8036,3165,2,3,39.99
8037,3165,64,2,21.99
8038,3165,12,1,22.99
8039,3166,14,3,99.99
8040,3166,6,2,79.99
8041,3166,47,2,14.99
8042,3167,35,2,12.99
8043,3167,26,1,159.99
8044,3167,44,3,34.99
8045,3168,10,3,149.99
8046,3168,20,1,21.99
8047,3168,13,1,139.99
8048,3168,51,3,32.99
8049,3169,26,3,159.99
8050,3169,25,1,16.99
8051,3170,14,2,99.99
8052,3170,25,3,16.99
8053,3171,42,3,24.99
8054,3172,33,1,13.99
8055,3173,50,1,39.99
8056,3173,37,1,22.99
8057,3173,33,3,13.99
8058,3173,6,2,79.99
8059,3174,44,2,34.99
8060,3175,60,3,179.99
8061,3175,55,3,16.99
8062,3175,20,2,21.99
8063,3175,18,2,26.99
8064,3176,47,3,14.99
8065,3176,30,2,44.99
8066,3176,63,1,17.99
8067,3176,36,3,18.99
8068,3177,20,2,21.99
8069,3177,11,3,34.99
8070,3177,26,3,159.99
8071,3177,43,1,44.99
8072,3178,55,2,16.99
8073,3179,20,1,21.99
8074,3180,66,3,34.99
8075,3180,10,3,149.99
8076,3181,60,2,179.99
8077,3181,52,1,24.99
8078,3181,25,3,16.99
8079,3181,6,3,79.99
8080,3182,58,1,12.99
8081,3183,20,1,21.99
8082,3184,29,2,64.99
8083,3184,51,3,32.99
8084,3185,4,1,24.99
8085,3185,8,3,249.99
8086,3185,39,2,39.99
8087,3186,10,2,149.99
8088,3187,63,2,17.99
8089,3188,34,2,19.99
8090,3189,59,2,9.99
8091,3190,1,1,129.99
8092,3190,57,2,39.99
8093,3190,37,3,22.99
8094,3190,48,3,17.99
8095,3191,47,3,14.99
8096,3192,33,1,13.99
8097,3193,56,3,15.99
8098,3193,12,2,22.99
8099,3194,52,2,24.99
8100,3194,38,3,18.99
8101,3195,24,2,149.99
8102,3196,65,2,9.99
8103,3196,1,2,129.99
8104,3197,49,1,44.99
8105,3197,56,2,15.99
8106,3198,50,2,39.99
8107,3199,67,3,12.99
8108,3199,60,2,179.99
8109,3199,53,2,22.99
8110,3199,46,1,27.99
8111,3200,15,2,29.99
8112,3200,22,3,89.99
8113,3200,5,3,89.99
8114,3200,28,1,89.99
8115,3201,1,3,129.99
8116,3201,21,3,84.99
8117,3202,55,2,16.99
8118,3203,20,1,21.99
8119,3204,25,1,16.99
8120,3204,5,2,89.99
8121,3204,69,1,14.99
8122,3204,18,1,26.99
8123,3205,62,3,9.99
8124,3205,3,3,49.99
8125,3205,44,2,34.99
8126,3206,52,1,24.99
8127,3207,14,1,99.99
8128,3207,44,1,34.99
8129,3207,24,2,149.99
8130,3207,56,1,15.99
8131,3208,61,3,139.99
8132,3209,38,1,18.99
8133,3210,36,1,18.99
8134,3210,41,1,17.99
8135,3210,36,3,18.99
8136,3210,39,1,39.99
8137,3211,19,3,69.99
8138,3211,32,3,14.99
8139,3212,25,3,16.99
8140,3212,22,2,89.99
8141,3213,24,1,149.99
8142,3213,3,1,49.99
8143,3213,46,3,27.99
8144,3214,65,3,9.99
8145,3214,19,3,69.99
8146,3214,44,2,34.99
8147,3215,19,3,69.99
8148,3216,64,2,21.99
8149,3216,53,1,22.99
8150,3216,16,1,24.99
8151,3217,40,3,49.99
8152,3217,13,3,139.99
8153,3218,49,2,44.99
8154,3218,56,1,15.99
8155,3218,63,3,17.99
8156,3219,10,1,149.99
8157,3219,30,2,44.99
8158,3220,44,3,34.99
8159,3220,69,2,14.99
8160,3220,7,2,27.99
8161,3220,68,3,54.99
8162,3221,49,3,44.99
8163,3222,2,3,39.99
8164,3222,38,2,18.99
8165,3223,52,3,24.99
8166,3223,9,3,299.99
8167,3224,62,3,9.99
8168,3225,59,2,9.99
8169,3225,13,1,139.99
8170,3225,67,3,12.99
8171,3226,27,1,17.99
8172,3226,14,3,99.99
8173,3226,17,3,36.99
8174,3227,37,1,22.99
8175,3228,41,3,17.99
8176,3229,31,3,9.99
8177,3230,4,1,24.99
8178,3230,61,2,139.99
8179,3230,12,3,22.99
8180,3231,62,1,9.99
8181,3232,5,3,89.99
8182,3232,26,1,159.99
8183,3233,59,2,9.99
8184,3233,7,3,27.99
8185,3233,8,3,249.99
8186,3233,21,3,84.99
8187,3234,44,3,34.99
8188,3234,9,1,299.99
8189,3235,55,3,16.99
8190,3236,52,2,24.99
8191,3236,2,3,39.99
8192,3236,44,3,34.99
8193,3236,62,2,9.99
8194,3237,59,1,9.99
8195,3237,56,3,15.99
8196,3237,32,3,14.99
8197,3238,58,2,12.99
8198,3238,59,3,9.99
8199,3238,50,3,39.99
8200,3239,51,2,32.99
8201,3239,37,1,22.99
8202,3239,31,1,9.99
8203,3240,67,2,12.99
8204,3240,60,1,179.99
8205,3241,23,2,22.99
8206,3241,65,3,9.99
8207,3242,46,1,27.99
8208,3243,12,3,22.99
8209,3243,67,3,12.99
8210,3244,38,3,18.99
8211,3244,11,2,34.99
8212,3244,69,2,14.99
8213,3244,45,2,39.99
8214,3245,59,2,9.99
8215,3245,51,1,32.99
8216,3245,18,2,26.99
8217,3246,50,3,39.99
8218,3246,41,1,17.99
8219,3246,45,3,39.99
8220,3247,16,3,24.99
8221,3248,12,3,22.99
8222,3248,28,1,89.99
8223,3248,65,2,9.99
8224,3248,22,3,89.99
8225,3249,57,2,39.99
8226,3249,26,3,159.99
8227,3249,56,3,15.99
8228,3250,39,1,39.99
8229,3250,60,2,179.99
8230,3250,31,1,9.99
8231,3250,52,2,24.99
8232,3251,14,1,99.99
8233,3251,67,3,12.99
8234,3251,40,1,49.99
8235,3251,17,2,36.99
8236,3252,28,1,89.99
8237,3252,61,2,139.99
8238,3252,4,1,24.99
8239,3252,10,3,149.99
8240,3253,5,1,89.99
8241,3254,61,3,139.99
8242,3255,5,3,89.99
8243,3255,28,3,89.99
8244,3255,6,3,79.99
8245,3256,63,2,17.99
8246,3256,41,2,17.99
8247,3257,54,1,79.99
8248,3257,2,1,39.99
8249,3257,27,1,17.99
8250,3258,10,1,149.99
8251,3258,63,3,17.99
8252,3259,53,1,22.99
8253,3259,8,1,249.99
8254,3259,16,1,24.99
8255,3260,62,1,9.99
8256,3261,66,2,34.99
8257,3261,9,2,299.99
8258,3261,52,2,24.99
8259,3261,4,3,24.99
8260,3262,53,1,22.99
8261,3263,38,3,18.99
8262,3263,67,2,12.99
8263,3263,30,1,44.99
8264,3263,30,3,44.99
8265,3264,33,3,13.99
8266,3264,32,3,14.99
8267,3264,32,2,14.99
8268,3265,51,3,32.99
8269,3265,54,3,79.99
8270,3265,5,3,89.99
8271,3265,19,1,69.99
8272,3266,55,2,16.99
8273,3266,42,1,24.99
8274,3267,49,3,44.99
8275,3267,7,3,27.99
8276,3267,26,1,159.99
8277,3267,12,3,22.99
8278,3268,32,3,14.99
8279,3269,31,2,9.99
8280,3269,41,3,17.99
8281,3269,21,1,84.99
8282,3270,53,2,22.99
8283,3271,12,1,22.99
8284,3272,58,1,12.99
8285,3273,54,2,79.99
8286,3274,60,2,179.99
8287,3274,48,1,17.99
8288,3275,17,3,36.99
8289,3275,59,2,9.99
8290,3275,57,3,39.99
8291,3275,67,3,12.99
8292,3276,53,1,22.99
8293,3276,65,2,9.99
8294,3276,64,3,21.99
8295,3276,5,2,89.99
8296,3277,16,3,24.99
8297,3277,44,2,34.99
8298,3278,66,2,34.99
8299,3278,14,1,99.99
8300,3278,12,2,22.99
8301,3279,11,1,34.99
8302,3279,57,3,39.99
8303,3279,18,2,26.99
8304,3280,63,2,17.99
8305,3280,21,2,84.99
8306,3281,23,2,22.99
8307,3281,52,1,24.99
8308,3281,16,3,24.99
8309,3282,68,2,54.99
8310,3282,69,3,14.99
8311,3282,3,3,49.99
8312,3282,52,2,24.99
8313,3283,68,3,54.99
8314,3283,65,3,9.99
8315,3283,65,2,9.99
8316,3284,11,2,34.99
8317,3284,35,1,12.99
8318,3284,1,1,129.99
8319,3284,54,2,79.99
8320,3285,58,2,12.99
8321,3285,42,3,24.99
8322,3285,66,2,34.99
8323,3285,42,2,24.99
8324,3286,33,2,13.99
8325,3286,32,1,14.99
8326,3286,19,3,69.99
8327,3287,1,3,129.99
8328,3287,66,2,34.99
8329,3288,56,3,15.99
8330,3288,37,1,22.99
8331,3289,15,2,29.99
8332,3289,50,2,39.99
8333,3290,4,2,24.99
8334,3290,11,2,34.99
8335,3290,22,2,89.99
8336,3291,30,2,44.99
8337,3291,33,3,13.99
8338,3291,4,1,24.99
8339,3291,53,1,22.99
8340,3292,8,1,249.99
8341,3292,2,3,39.99
8342,3292,32,2,14.99
8343,3292,30,2,44.99
8344,3293,62,2,9.99
8345,3293,14,3,99.99
8346,3293,49,3,44.99
8347,3294,19,2,69.99
8348,3294,8,3,249.99
8349,3295,15,1,29.99
8350,3295,54,2,79.99
8351,3296,64,1,21.99
8352,3296,51,3,32.99
8353,3296,43,3,44.99
8354,3296,9,1,299.99
8355,3297,68,1,54.99
8356,3297,32,1,14.99
8357,3297,69,3,14.99
8358,3297,43,3,44.99
8359,3298,51,2,32.99
8360,3299,9,2,299.99
8361,3299,64,2,21.99
8362,3300,47,1,14.99
8363,3300,36,2,18.99
8364,3301,43,2,44.99
8365,3301,59,2,9.99
8366,3301,33,2,13.99
8367,3302,4,1,24.99
8368,3302,54,1,79.99
8369,3302,9,3,299.99
8370,3303,8,2,249.99
8371,3303,31,2,9.99
8372,3303,39,1,39.99
8373,3303,39,2,39.99
8374,3304,67,2,12.99
8375,3304,57,2,39.99
8376,3305,10,2,149.99
8377,3306,41,2,17.99
8378,3306,32,2,14.99
8379,3307,36,2,18.99
8380,3308,62,3,9.99
8381,3308,47,3,14.99
8382,3308,60,3,179.99
8383,3309,27,1,17.99
8384,3310,10,1,149.99
8385,3310,15,1,29.99
8386,3311,62,3,9.99
8387,3311,51,2,32.99
8388,3311,4,1,24.99
8389,3311,18,2,26.99
8390,3312,59,2,9.99
8391,3312,51,1,32.99
8392,3312,14,1,99.99
8393,3313,27,1,17.99
8394,3314,57,1,39.99
8395,3314,17,3,36.99
8396,3314,19,3,69.99
8397,3315,51,2,32.99
8398,3316,52,2,24.99
8399,3316,7,1,27.99
8400,3317,2,1,39.99
8401,3317,58,2,12.99
8402,3317,36,3,18.99
8403,3318,42,1,24.99
8404,3318,49,1,44.99
8405,3318,65,1,9.99
8406,3318,27,3,17.99
8407,3319,37,1,22.99
8408,3319,45,2,39.99
8409,3319,24,2,149.99
8410,3319,56,3,15.99
8411,3320,56,3,15.99
8412,3321,25,1,16.99
8413,3321,20,1,21.99
8414,3321,13,1,139.99
8415,3321,59,2,9.99
8416,3322,61,1,139.99
8417,3322,65,3,9.99
8418,3323,64,3,21.99
8419,3323,42,2,24.99
8420,3323,15,3,29.99
8421,3323,38,1,18.99
8422,3324,59,3,9.99
8423,3325,15,1,29.99
8424,3325,33,1,13.99
8425,3325,1,1,129.99
8426,3326,43,2,44.99
8427,3326,26,2,159.99
8428,3326,22,1,89.99
8429,3327,60,1,179.99
8430,3328,35,2,12.99
8431,3328,27,1,17.99
8432,3328,48,3,17.99
8433,3328,47,2,14.99
8434,3329,23,1,22.99
8435,3330,60,3,179.99
8436,3330,9,2,299.99
8437,3330,43,3,44.99
8438,3331,21,3,84.99
8439,3331,34,3,19.99
8440,3331,50,1,39.99
8441,3332,29,2,64.99
8442,3332,52,3,24.99
8443,3333,40,2,49.99
8444,3333,41,2,17.99
8445,3334,9,2,299.99
8446,3334,7,3,27.99
8447,3334,49,2,44.99
8448,3335,35,3,12.99
8449,3335,21,1,84.99
8450,3335,9,3,299.99
8451,3335,44,1,34.99
8452,3336,52,3,24.99
8453,3336,34,2,19.99
8454,3336,40,1,49.99
8455,3336,27,3,17.99
8456,3337,22,2,89.99
8457,3337,48,3,17.99
8458,3338,56,2,15.99
8459,3339,21,1,84.99
8460,3339,37,2,22.99
8461,3340,64,3,21.99
8462,3340,24,1,149.99
8463,3341,18,2,26.99
8464,3341,13,3,139.99
8465,3341,4,1,24.99
8466,3342,50,2,39.99
8467,3343,37,3,22.99
8468,3343,25,3,16.99
8469,3343,62,1,9.99
8470,3344,48,2,17.99
8471,3344,20,1,21.99
8472,3345,15,2,29.99
8473,3345,41,2,17.99
8474,3345,26,3,159.99
8475,3346,2,1,39.99
8476,3346,5,1,89.99
8477,3347,12,2,22.99
8478,3347,57,3,39.99
8479,3347,65,2,9.99
8480,3347,32,2,14.99
8481,3348,45,2,39.99
8482,3348,64,3,21.99
8483,3348,41,2,17.99
8484,3349,31,1,9.99
8485,3349,5,1,89.99
8486,3350,54,2,79.99
8487,3350,55,1,16.99
8488,3350,11,2,34.99
8489,3351,12,1,22.99
8490,3352,62,1,9.99
8491,3352,41,3,17.99
8492,3352,6,1,79.99
8493,3352,26,2,159.99
8494,3353,14,3,99.99
8495,3354,60,3,179.99
8496,3354,20,1,21.99
8497,3354,37,2,22.99
8498,3355,33,2,13.99
8499,3355,35,3,12.99
8500,3355,26,2,159.99
8501,3356,11,3,34.99
8502,3356,39,2,39.99
8503,3357,43,1,44.99
8504,3357,35,3,12.99
8505,3357,68,3,54.99
8506,3357,12,2,22.99
8507,3358,52,3,24.99
8508,3359,22,3,89.99
8509,3359,28,2,89.99
8510,3359,60,1,179.99
8511,3360,26,2,159.99
8512,3360,54,3,79.99
8513,3360,28,3,89.99
8514,3361,52,3,24.99
8515,3361,62,1,9.99
8516,3362,18,1,26.99
8517,3363,33,2,13.99
8518,3363,44,3,34.99
8519,3363,51,3,32.99
8520,3363,23,3,22.99
8521,3364,63,2,17.99
8522,3364,41,3,17.99
8523,3364,6,2,79.99
8524,3364,17,3,36.99
8525,3365,8,3,249.99
8526,3365,26,2,159.99
8527,3365,10,3,149.99
8528,3365,12,3,22.99
8529,3366,49,1,44.99
8530,3367,54,3,79.99
8531,3367,58,2,12.99
8532,3367,48,2,17.99
8533,3368,24,1,149.99
8534,3368,46,3,27.99
8535,3368,36,3,18.99
8536,3369,35,2,12.99
8537,3369,25,1,16.99
8538,3369,15,3,29.99
8539,3370,20,3,21.99
8540,3370,66,3,34.99
8541,3371,13,3,139.99
8542,3371,14,1,99.99
8543,3372,12,2,22.99
8544,3372,1,2,129.99
8545,3373,8,1,249.99
8546,3373,29,2,64.99
8547,3373,67,3,12.99
8548,3373,37,3,22.99
8549,3374,14,2,99.99
8550,3375,9,3,299.99
8551,3375,20,2,21.99
8552,3375,15,1,29.99
8553,3375,26,1,159.99
8554,3376,55,1,16.99
8555,3377,15,3,29.99
8556,3377,30,3,44.99
8557,3378,22,3,89.99
8558,3379,25,2,16.99
8559,3379,52,2,24.99
8560,3380,23,2,22.99
8561,3380,38,1,18.99
8562,3381,36,1,18.99
8563,3382,57,1,39.99
8564,3382,69,3,14.99
8565,3382,29,1,64.99
8566,3382,64,2,21.99
8567,3383,18,2,26.99
8568,3383,28,1,89.99
8569,3383,28,2,89.99
8570,3383,64,3,21.99
8571,3384,6,1,79.99
8572,3385,28,1,89.99
8573,3385,4,2,24.99
8574,3386,35,1,12.99
8575,3386,16,3,24.99
8576,3386,63,2,17.99
8577,3386,12,3,22.99
8578,3387,13,2,139.99
8579,3387,22,3,89.99
8580,3388,51,2,32.99
8581,3388,40,1,49.99
8582,3389,59,3,9.99
8583,3389,30,1,44.99
8584,3390,65,2,9.99
8585,3390,47,3,14.99
8586,3391,11,1,34.99
8587,3392,52,1,24.99
8588,3392,61,1,139.99
8589,3392,64,3,21.99
8590,3393,53,2,22.99
8591,3394,16,2,24.99
8592,3394,68,1,54.99
8593,3394,40,3,49.99
8594,3395,49,2,44.99
8595,3395,9,3,299.99
8596,3396,42,2,24.99
8597,3396,8,3,249.99
8598,3397,14,2,99.99
8599,3397,32,1,14.99
8600,3397,5,1,89.99
8601,3398,14,1,99.99
8602,3398,31,1,9.99
8603,3398,42,2,24.99
8604,3398,39,2,39.99
8605,3399,60,2,179.99
8606,3399,2,2,39.99
8607,3399,54,1,79.99
8608,3400,47,2,14.99
8609,3400,49,3,44.99
8610,3401,11,2,34.99
8611,3401,58,3,12.99
8612,3401,24,2,149.99
8613,3401,9,2,299.99
8614,3402,49,2,44.99
8615,3403,30,1,44.99
8616,3403,22,2,89.99
8617,3404,47,1,14.99
8618,3405,19,2,69.99
8619,3405,42,2,24.99
8620,3406,58,1,12.99
8621,3406,62,1,9.99
8622,3407,31,1,9.99
8623,3407,64,2,21.99
8624,3407,43,2,44.99
8625,3408,52,3,24.99
8626,3408,66,1,34.99
8627,3408,32,2,14.99
8628,3409,60,2,179.99
8629,3409,65,1,9.99
8630,3409,8,3,249.99
8631,3410,25,2,16.99
8632,3410,42,1,24.99
8633,3411,43,1,44.99
8634,3412,34,3,19.99
8635,3412,53,1,22.99
8636,3412,2,1,39.99
8637,3413,6,3,79.99
8638,3413,48,1,17.99
8639,3413,20,1,21.99
8640,3414,2,3,39.99
8641,3414,49,1,44.99
8642,3415,39,1,39.99
8643,3415,25,3,16.99
8644,3415,49,1,44.99
8645,3416,30,2,44.99
8646,3416,59,2,9.99
8647,3416,17,1,36.99
8648,3416,58,3,12.99
8649,3417,32,1,14.99
8650,3417,15,1,29.99
8651,3417,62,1,9.99
8652,3418,9,3,299.99
8653,3418,52,1,24.99
8654,3418,12,3,22.99
8655,3418,30,1,44.99
8656,3419,17,3,36.99
8657,3419,59,2,9.99
8658,3419,68,2,54.99
8659,3419,67,3,12.99
8660,3420,55,2,16.99
8661,3420,48,2,17.99
8662,3420,60,2,179.99
8663,3420,10,1,149.99
8664,3421,1,3,129.99
8665,3422,5,1,89.99
8666,3422,26,2,159.99
8667,3423,10,1,149.99
8668,3424,54,2,79.99
8669,3424,14,2,99.99
8670,3424,57,2,39.99
8671,3424,51,3,32.99
8672,3425,27,1,17.99
8673,3425,3,1,49.99
8674,3425,24,2,149.99
8675,3425,11,2,34.99
8676,3426,35,2,12.99
8677,3426,41,3,17.99
8678,3426,49,2,44.99
8679,3427,52,2,24.99
8680,3427,35,3,12.99
8681,3428,24,2,149.99
8682,3428,3,2,49.99
8683,3428,50,2,39.99
8684,3429,48,3,17.99
8685,3429,62,2,9.99
8686,3430,7,2,27.99
8687,3430,60,1,179.99
8688,3431,5,3,89.99
8689,3432,45,1,39.99
8690,3432,32,2,14.99
8691,3433,42,2,24.99
8692,3434,48,3,17.99
8693,3435,28,1,89.99
8694,3435,68,3,54.99
8695,3435,3,3,49.99
8696,3435,66,1,34.99
8697,3436,13,1,139.99
8698,3437,41,3,17.99
8699,3437,53,1,22.99
8700,3438,55,1,16.99
8701,3438,59,1,9.99
8702,3438,3,3,49.99
8703,3438,66,1,34.99
8704,3439,43,1,44.99
8705,3439,57,3,39.99
8706,3439,2,1,39.99
8707,3440,8,2,249.99
8708,3440,42,1,24.99
8709,3440,22,3,89.99
8710,3440,44,2,34.99
8711,3441,49,1,44.99
8712,3441,44,3,34.99
8713,3442,58,3,12.99
8714,3442,64,3,21.99
8715,3443,37,3,22.99
8716,3443,24,2,149.99
8717,3443,47,2,14.99
8718,3444,7,1,27.99
8719,3444,29,2,64.99
8720,3445,63,2,17.99
8721,3445,30,1,44.99
8722,3446,61,3,139.99
8723,3447,28,1,89.99
8724,3447,62,2,9.99
8725,3447,15,3,29.99
8726,3448,18,1,26.99
8727,3449,69,3,14.99
8728,3449,32,2,14.99
8729,3450,61,2,139.99
8730,3450,20,1,21.99
8731,3450,34,2,19.99
8732,3451,20,2,21.99
8733,3451,69,1,14.99
8734,3451,34,2,19.99
8735,3451,13,1,139.99
8736,3452,4,2,24.99
8737,3452,2,1,39.99
8738,3452,3,2,49.99
8739,3453,68,3,54.99
8740,3453,9,1,299.99
8741,3454,1,3,129.99
8742,3454,18,3,26.99
8743,3455,64,3,21.99
8744,3455,12,2,22.99
8745,3455,66,1,34.99
8746,3456,68,2,54.99
8747,3456,14,1,99.99
8748,3457,37,2,22.99
8749,3458,56,2,15.99
8750,3458,55,1,16.99
8751,3459,33,3,13.99
8752,3459,35,2,12.99
8753,3459,22,3,89.99
8754,3459,25,1,16.99
8755,3460,20,2,21.99
8756,3460,49,3,44.99
8757,3460,47,2,14.99
8758,3460,31,3,9.99
8759,3461,43,1,44.99
8760,3461,12,1,22.99
8761,3462,42,1,24.99
8762,3462,46,2,27.99
8763,3462,69,3,14.99
8764,3462,59,3,9.99
8765,3463,4,2,24.99
8766,3464,66,3,34.99
8767,3464,47,1,14.99
8768,3465,16,3,24.99
8769,3465,53,3,22.99
8770,3465,30,3,44.99
8771,3465,14,1,99.99
8772,3466,42,2,24.99
8773,3466,33,2,13.99
8774,3467,66,3,34.99
8775,3467,48,3,17.99
8776,3467,42,3,24.99
8777,3468,57,3,39.99
8778,3468,12,1,22.99
8779,3469,41,1,17.99
8780,3469,53,2,22.99
8781,3470,8,1,249.99
8782,3470,68,3,54.99
8783,3470,46,1,27.99
8784,3470,42,2,24.99
8785,3471,62,1,9.99
8786,3472,20,2,21.99
8787,3472,54,1,79.99
8788,3472,20,2,21.99
8789,3473,34,3,19.99
8790,3473,23,3,22.99
8791,3474,5,3,89.99
8792,3475,33,1,13.99
8793,3475,56,3,15.99
8794,3476,49,1,44.99
8795,3476,10,3,149.99
8796,3476,32,2,14.99
8797,3477,21,3,84.99
8798,3477,51,2,32.99
8799,3477,13,2,139.99
8800,3477,52,2,24.99
8801,3478,21,2,84.99
8802,3478,27,3,17.99
8803,3478,45,2,39.99
8804,3479,10,1,149.99
8805,3479,3,3,49.99
8806,3479,19,3,69.99
8807,3480,64,1,21.99
8808,3481,1,3,129.99
8809,3481,41,3,17.99
8810,3482,10,1,149.99
8811,3483,57,3,39.99
8812,3483,35,1,12.99
8813,3484,55,1,16.99
8814,3484,55,1,16.99
8815,3484,63,3,17.99
8816,3484,14,2,99.99
8817,3485,24,1,149.99
8818,3486,63,3,17.99
8819,3486,56,3,15.99
8820,3486,7,3,27.99
8821,3486,49,1,44.99
8822,3487,67,2,12.99
8823,3487,30,3,44.99
8824,3487,42,3,24.99
8825,3487,40,3,49.99
8826,3488,46,3,27.99
8827,3489,12,2,22.99
8828,3489,35,3,12.99
8829,3489,2,1,39.99
8830,3490,54,2,79.99
8831,3490,49,3,44.99
8832,3490,33,1,13.99
8833,3490,45,2,39.99
8834,3491,65,1,9.99
8835,3491,50,3,39.99
8836,3491,16,1,24.99
8837,3491,58,3,12.99
8838,3492,41,2,17.99
8839,3492,42,2,24.99
8840,3493,62,3,9.99
8841,3493,62,3,9.99
8842,3493,5,1,89.99
8843,3494,8,1,249.99
8844,3495,56,3,15.99
8845,3495,6,3,79.99
8846,3495,25,2,16.99
8847,3496,37,2,22.99
8848,3497,12,1,22.99
8849,3497,58,3,12.99
8850,3498,21,1,84.99
8851,3499,3,3,49.99
8852,3499,56,2,15.99
8853,3499,61,2,139.99
8854,3499,28,3,89.99
8855,3500,21,1,84.99
8856,3500,31,3,9.99
8857,3500,40,3,49.99
8858,3500,3,1,49.99
8859,3501,34,1,19.99
8860,3501,16,3,24.99
8861,3502,29,1,64.99
8862,3502,21,1,84.99
8863,3503,47,3,14.99
8864,3503,39,3,39.99
8865,3503,48,2,17.99
8866,3504,49,3,44.99
8867,3505,65,1,9.99
8868,3505,38,3,18.99
8869,3506,54,1,79.99
8870,3506,67,1,12.99
8871,3506,16,1,24.99
8872,3507,62,3,9.99
8873,3507,12,3,22.99
8874,3507,10,3,149.99
8875,3507,12,1,22.99
8876,3508,56,1,15.99
8877,3509,15,3,29.99
8878,3510,14,2,99.99
8879,3510,27,1,17.99
8880,3511,60,1,179.99
8881,3511,33,3,13.99
8882,3512,27,1,17.99
8883,3512,2,2,39.99
8884,3512,64,2,21.99
8885,3513,5,2,89.99
8886,3513,3,3,49.99
8887,3513,68,2,54.99
8888,3514,57,2,39.99
8889,3515,12,2,22.99
8890,3515,20,2,21.99
8891,3516,60,2,179.99
8892,3516,67,1,12.99
8893,3517,28,2,89.99
8894,3517,61,1,139.99
8895,3517,4,3,24.99
8896,3518,56,3,15.99
8897,3518,4,2,24.99
8898,3519,20,2,21.99
8899,3519,17,1,36.99
8900,3520,22,3,89.99
8901,3520,27,1,17.99
8902,3520,25,3,16.99
8903,3521,28,2,89.99
8904,3521,62,2,9.99
8905,3522,69,3,14.99
8906,3522,41,1,17.99
8907,3522,12,1,22.99
8908,3523,65,3,9.99
8909,3523,25,1,16.99
8910,3523,11,1,34.99
8911,3524,37,3,22.99
8912,3525,56,1,15.99
8913,3525,20,3,21.99
8914,3525,9,2,299.99
8915,3525,54,3,79.99
8916,3526,1,1,129.99
8917,3526,68,1,54.99
8918,3526,33,2,13.99
8919,3527,35,3,12.99
8920,3528,43,1,44.99
8921,3528,21,3,84.99
8922,3528,9,1,299.99
8923,3528,41,2,17.99
8924,3529,58,3,12.99
8925,3530,40,2,49.99
8926,3530,10,3,149.99
8927,3530,27,1,17.99
8928,3530,9,2,299.99
8929,3531,46,3,27.99
8930,3531,55,3,16.99
8931,3531,15,3,29.99
8932,3531,61,3,139.99
8933,3532,39,3,39.99
8934,3532,32,3,14.99
8935,3533,31,3,9.99
8936,3534,69,3,14.99
8937,3534,62,2,9.99
8938,3534,61,3,139.99
8939,3535,17,2,36.99
8940,3535,28,3,89.99
8941,3536,47,1,14.99
8942,3537,50,1,39.99
8943,3538,19,3,69.99
8944,3539,49,2,44.99
8945,3540,41,1,17.99
8946,3541,35,1,12.99
8947,3541,5,1,89.99
8948,3542,12,3,22.99
8949,3542,34,2,19.99
8950,3542,60,3,179.99
8951,3543,63,3,17.99
8952,3543,45,2,39.99
8953,3543,8,3,249.99
8954,3543,14,3,99.99
8955,3544,67,2,12.99
8956,3544,67,3,12.99
8957,3545,21,2,84.99
8958,3545,41,2,17.99
8959,3546,38,1,18.99
8960,3547,20,2,21.99
8961,3547,35,1,12.99
8962,3548,67,2,12.99
8963,3548,3,1,49.99
8964,3549,49,1,44.99
8965,3549,15,3,29.99
8966,3550,32,3,14.99
8967,3550,31,3,9.99
8968,3550,30,1,44.99
8969,3551,39,2,39.99
8970,3551,68,1,54.99
8971,3552,16,2,24.99
8972,3553,53,3,22.99
8973,3553,45,3,39.99
8974,3554,64,3,21.99
8975,3554,54,3,79.99
8976,3554,25,2,16.99
8977,3555,65,1,9.99
8978,3556,24,1,149.99
8979,3557,63,2,17.99
8980,3558,47,2,14.99
8981,3558,9,3,299.99
8982,3559,9,2,299.99
8983,3559,32,1,14.99
8984,3560,18,3,26.99
8985,3560,66,2,34.99
8986,3560,49,3,44.99
8987,3561,20,1,21.99
8988,3562,57,3,39.99
8989,3562,17,2,36.99
8990,3562,13,3,139.99
8991,3563,18,1,26.99
8992,3563,52,3,24.99
8993,3563,60,3,179.99
8994,3564,69,3,14.99
8995,3564,36,3,18.99
8996,3564,53,1,22.99
8997,3565,35,2,12.99
8998,3565,42,1,24.99
8999,3565,8,3,249.99
9000,3565,39,3,39.99
9001,3566,52,1,24.99
9002,3566,64,2,21.99
9003,3566,47,3,14.99
9004,3566,43,1,44.99
9005,3567,4,2,24.99
9006,3567,60,2,179.99
9007,3567,60,3,179.99
9008,3567,41,2,17.99
9009,3568,16,3,24.99
9010,3568,60,2,179.99
9011,3569,64,3,21.99
9012,3569,53,2,22.99
9013,3569,5,1,89.99
9014,3569,23,3,22.99
9015,3570,50,3,39.99
9016,3570,54,3,79.99
9017,3570,18,2,26.99
9018,3570,56,2,15.99
9019,3571,40,3,49.99
9020,3571,61,1,139.99
9021,3571,42,1,24.99
9022,3572,34,3,19.99
9023,3572,24,2,149.99
9024,3572,5,1,89.99
9025,3572,11,2,34.99
9026,3573,28,2,89.99
9027,3574,44,3,34.99
9028,3574,40,1,49.99
9029,3574,19,3,69.99
9030,3574,56,3,15.99
9031,3575,7,3,27.99
9032,3575,58,3,12.99
9033,3575,67,3,12.99
9034,3575,47,1,14.99
9035,3576,25,1,16.99
9036,3576,42,1,24.99
9037,3577,35,1,12.99
9038,3578,55,3,16.99
9039,3578,2,2,39.99
9040,3579,29,2,64.99
9041,3579,30,2,44.99
9042,3579,30,2,44.99
9043,3580,31,3,9.99
9044,3580,8,2,249.99
9045,3580,5,3,89.99
9046,3580,27,1,17.99
9047,3581,7,1,27.99
9048,3582,15,2,29.99
9049,3582,20,3,21.99
9050,3582,43,1,44.99
9051,3582,15,1,29.99
9052,3583,3,3,49.99
9053,3584,59,3,9.99
9054,3584,53,1,22.99
9055,3585,68,3,54.99
9056,3585,53,3,22.99
9057,3585,44,1,34.99
9058,3585,17,2,36.99
9059,3586,11,2,34.99
9060,3586,22,2,89.99
9061,3586,37,1,22.99
9062,3586,11,2,34.99
9063,3587,3,3,49.99
9064,3587,50,1,39.99
9065,3587,23,3,22.99
9066,3587,57,3,39.99
9067,3588,47,3,14.99
9068,3588,15,2,29.99
9069,3588,66,1,34.99
9070,3588,1,2,129.99
9071,3589,56,1,15.99
9072,3589,67,3,12.99
9073,3590,56,2,15.99
9074,3590,55,1,16.99
9075,3591,16,1,24.99
9076,3591,10,1,149.99
9077,3591,39,1,39.99
9078,3592,40,2,49.99
9079,3592,29,1,64.99
9080,3592,59,2,9.99
9081,3593,46,1,27.99
9082,3593,14,1,99.99
9083,3594,4,2,24.99
9084,3594,68,3,54.99
9085,3594,4,1,24.99
9086,3595,4,1,24.99
9087,3595,4,2,24.99
9088,3596,39,1,39.99
9089,3597,63,1,17.99
9090,3597,42,3,24.99
9091,3598,36,2,18.99
9092,3598,54,2,79.99
9093,3598,15,2,29.99
9094,3599,51,2,32.99
9095,3599,32,3,14.99
9096,3599,17,1,36.99
9097,3600,37,1,22.99
9098,3601,61,2,139.99
9099,3601,21,3,84.99
9100,3601,58,3,12.99
9101,3601,16,1,24.99
9102,3602,68,2,54.99
9103,3602,35,1,12.99
9104,3602,56,3,15.99
9105,3602,44,3,34.99
9106,3603,8,2,249.99
9107,3603,40,1,49.99
9108,3603,58,3,12.99
9109,3603,52,1,24.99
9110,3604,68,2,54.99
9111,3604,36,1,18.99
9112,3604,59,1,9.99
9113,3604,45,1,39.99
9114,3605,55,3,16.99
9115,3605,5,3,89.99
9116,3606,10,2,149.99
9117,3606,11,1,34.99
9118,3606,48,3,17.99
9119,3607,8,1,249.99
9120,3607,14,2,99.99
9121,3607,41,1,17.99
9122,3607,30,1,44.99
9123,3608,69,2,14.99
9124,3608,2,3,39.99
9125,3608,37,3,22.99
9126,3609,6,2,79.99
9127,3609,53,1,22.99
9128,3610,20,3,21.99
9129,3611,18,2,26.99
9130,3611,69,2,14.99
9131,3611,50,2,39.99
9132,3612,53,3,22.99
9133,3612,34,1,19.99
9134,3613,46,3,27.99
9135,3613,49,3,44.99
9136,3614,55,1,16.99
9137,3614,45,2,39.99
9138,3615,42,3,24.99
9139,3616,64,2,21.99
9140,3616,23,3,22.99
9141,3616,4,3,24.99
9142,3616,68,2,54.99
9143,3617,31,2,9.99
9144,3617,56,1,15.99
9145,3617,15,3,29.99
9146,3617,60,1,179.99
9147,3618,34,1,19.99
9148,3619,32,1,14.99
9149,3619,59,2,9.99
9150,3620,5,2,89.99
9151,3620,12,2,22.99
9152,3620,38,2,18.99
9153,3620,53,2,22.99
9154,3621,55,2,16.99
9155,3621,53,2,22.99
9156,3621,15,2,29.99
9157,3622,51,3,32.99
9158,3622,34,2,19.99
9159,3622,36,3,18.99
9160,3622,33,3,13.99
9161,3623,37,3,22.99
9162,3623,3,2,49.99
9163,3623,63,1,17.99
9164,3623,57,1,39.99
9165,3624,8,1,249.99
9166,3625,3,1,49.99
9167,3626,16,1,24.99
9168,3627,40,2,49.99
9169,3627,13,1,139.99
9170,3628,7,1,27.99
9171,3628,69,1,14.99
9172,3629,9,3,299.99
9173,3630,3,3,49.99
9174,3630,45,3,39.99
9175,3630,54,1,79.99
9176,3630,65,2,9.99
9177,3631,56,2,15.99
9178,3632,14,2,99.99
9179,3632,23,2,22.99
9180,3632,41,2,17.99
9181,3632,16,3,24.99
9182,3633,41,3,17.99
9183,3634,22,3,89.99
9184,3634,68,3,54.99
9185,3634,61,2,139.99
9186,3635,38,2,18.99
9187,3635,1,2,129.99
9188,3636,13,3,139.99
9189,3636,69,3,14.99
9190,3637,9,2,299.99
9191,3637,40,1,49.99
9192,3638,45,1,39.99
9193,3638,33,2,13.99
9194,3639,19,3,69.99
9195,3639,13,2,139.99
9196,3639,66,1,34.99
9197,3640,62,3,9.99
9198,3640,60,1,179.99
9199,3640,17,3,36.99
9200,3641,41,1,17.99
9201,3641,38,2,18.99
9202,3641,3,2,49.99
9203,3641,63,3,17.99
9204,3642,4,2,24.99
9205,3642,14,2,99.99
9206,3642,19,2,69.99
9207,3642,29,1,64.99
9208,3643,37,2,22.99
9209,3643,7,2,27.99
9210,3643,8,1,249.99
9211,3643,16,3,24.99
9212,3644,53,3,22.99
9213,3644,21,3,84.99
9214,3644,52,2,24.99
9215,3645,37,1,22.99
9216,3645,29,2,64.99
9217,3645,69,2,14.99
9218,3645,6,2,79.99
9219,3646,68,2,54.99
9220,3646,56,2,15.99
9221,3647,54,1,79.99
9222,3647,38,1,18.99
9223,3647,27,1,17.99
9224,3648,2,3,39.99
9225,3648,64,1,21.99
9226,3649,14,3,99.99
9227,3649,20,1,21.99
9228,3650,37,1,22.99
9229,3650,43,2,44.99
9230,3650,2,3,39.99
9231,3650,55,1,16.99
9232,3651,34,2,19.99
9233,3651,45,2,39.99
9234,3651,1,3,129.99
9235,3652,50,3,39.99
9236,3652,30,3,44.99
9237,3652,45,1,39.99
9238,3652,33,2,13.99
9239,3653,63,3,17.99
9240,3653,3,3,49.99
9241,3654,44,1,34.99
9242,3654,28,1,89.99
9243,3654,55,2,16.99
9244,3654,40,3,49.99
9245,3655,21,3,84.99
9246,3655,33,2,13.99
9247,3655,20,2,21.99
9248,3655,8,2,249.99
9249,3656,13,3,139.99
9250,3656,65,2,9.99
9251,3656,8,3,249.99
9252,3657,43,2,44.99
9253,3657,54,1,79.99
9254,3657,7,2,27.99
9255,3658,44,3,34.99
9256,3658,56,3,15.99
9257,3659,14,3,99.99
9258,3659,40,2,49.99
9259,3659,4,1,24.99
9260,3660,36,3,18.99
9261,3661,6,2,79.99
9262,3661,50,3,39.99
9263,3661,3,2,49.99
9264,3662,3,3,49.99
9265,3663,67,1,12.99
9266,3664,44,1,34.99
9267,3664,44,1,34.99
9268,3664,31,2,9.99
9269,3665,61,2,139.99
9270,3665,24,3,149.99
9271,3665,46,2,27.99
9272,3666,35,3,12.99
9273,3666,58,2,12.99
9274,3666,27,1,17.99
9275,3666,53,1,22.99
9276,3667,22,2,89.99
9277,3668,46,1,27.99
9278,3669,47,1,14.99
9279,3669,57,2,39.99
9280,3669,27,1,17.99
9281,3670,51,3,32.99
9282,3670,66,1,34.99
9283,3671,23,2,22.99
9284,3672,56,3,15.99
9285,3672,28,1,89.99
9286,3672,17,3,36.99
9287,3673,24,1,149.99
9288,3673,35,1,12.99
9289,3673,35,3,12.99
9290,3674,58,2,12.99
9291,3675,25,1,16.99
9292,3676,19,1,69.99
9293,3677,11,1,34.99
9294,3677,40,1,49.99
9295,3677,30,2,44.99
9296,3677,66,2,34.99
9297,3678,37,2,22.99
9298,3678,29,3,64.99
9299,3678,5,3,89.99
9300,3678,32,1,14.99
9301,3679,54,2,79.99
9302,3679,64,2,21.99
9303,3679,36,2,18.99
9304,3680,13,1,139.99
9305,3680,38,1,18.99
9306,3680,58,3,12.99
9307,3680,58,2,12.99
9308,3681,61,1,139.99
9309,3682,8,1,249.99
9310,3682,56,3,15.99
9311,3682,20,2,21.99
9312,3682,11,3,34.99
9313,3683,66,3,34.99
9314,3683,39,1,39.99
9315,3683,14,2,99.99
9316,3684,17,1,36.99
9317,3684,44,1,34.99
9318,3685,2,3,39.99
9319,3685,23,3,22.99
9320,3686,25,1,16.99
9321,3686,11,2,34.99
9322,3686,53,3,22.99
9323,3686,69,2,14.99
9324,3687,64,1,21.99
9325,3687,42,3,24.99
9326,3687,6,1,79.99
9327,3687,5,1,89.99
9328,3688,31,2,9.99
9329,3688,10,1,149.99
9330,3688,49,3,44.99
9331,3688,6,3,79.99
9332,3689,6,3,79.99
9333,3689,8,3,249.99
9334,3689,34,2,19.99
9335,3689,19,3,69.99
9336,3690,16,2,24.99
9337,3690,37,1,22.99
9338,3690,67,3,12.99
9339,3691,39,1,39.99
9340,3691,5,3,89.99
9341,3691,24,3,149.99
9342,3692,36,2,18.99
9343,3692,1,2,129.99
9344,3693,69,3,14.99
9345,3693,42,1,24.99
9346,3694,61,2,139.99
9347,3694,30,1,44.99
9348,3695,4,3,24.99
9349,3695,28,1,89.99
9350,3695,2,2,39.99
9351,3695,55,3,16.99
9352,3696,8,3,249.99
9353,3696,11,1,34.99
9354,3696,58,3,12.99
9355,3697,65,2,9.99
9356,3697,50,1,39.99
9357,3698,47,3,14.99
9358,3698,44,3,34.99
9359,3698,61,2,139.99
9360,3699,41,1,17.99
9361,3699,56,3,15.99
9362,3699,65,3,9.99
9363,3700,66,1,34.99
9364,3700,25,1,16.99
9365,3700,11,2,34.99
9366,3700,40,1,49.99
9367,3701,55,2,16.99
9368,3701,44,3,34.99
9369,3701,54,1,79.99
9370,3701,7,1,27.99
9371,3702,36,2,18.99
9372,3702,61,3,139.99
9373,3702,8,3,249.99
9374,3703,29,1,64.99
9375,3703,2,1,39.99
9376,3703,38,3,18.99
9377,3703,5,1,89.99
9378,3704,44,3,34.99
9379,3705,43,2,44.99
9380,3705,21,1,84.99
9381,3705,2,2,39.99
9382,3705,59,2,9.99
9383,3706,5,3,89.99
9384,3707,61,2,139.99
9385,3707,33,2,13.99
9386,3707,66,1,34.99
9387,3708,10,1,149.99
9388,3708,16,1,24.99
9389,3709,63,2,17.99
9390,3710,62,3,9.99
9391,3710,5,2,89.99
9392,3711,47,2,14.99
9393,3711,34,3,19.99
9394,3711,21,2,84.99
9395,3711,6,2,79.99
9396,3712,64,2,21.99
9397,3713,15,1,29.99
9398,3713,46,2,27.99
9399,3713,47,3,14.99
9400,3714,51,1,32.99
9401,3714,33,3,13.99
9402,3714,24,3,149.99
9403,3714,7,1,27.99
9404,3715,51,1,32.99
9405,3715,11,2,34.99
9406,3715,33,2,13.99
9407,3715,36,3,18.99
9408,3716,3,3,49.99
9409,3716,24,2,149.99
9410,3716,14,1,99.99
9411,3716,40,3,49.99
9412,3717,61,3,139.99
9413,3718,22,2,89.99
9414,3718,69,1,14.99
9415,3718,68,1,54.99
9416,3719,40,3,49.99
9417,3720,64,3,21.99
9418,3721,15,2,29.99
9419,3722,7,1,27.99
9420,3722,20,1,21.99
9421,3723,27,2,17.99
9422,3723,40,1,49.99
9423,3724,44,3,34.99
9424,3724,13,2,139.99
9425,3725,20,3,21.99
9426,3725,51,3,32.99
9427,3725,23,3,22.99
9428,3726,64,1,21.99
9429,3726,30,2,44.99
9430,3726,61,1,139.99
9431,3726,53,2,22.99
9432,3727,47,1,14.99
9433,3727,67,1,12.99
9434,3727,23,3,22.99
9435,3728,40,1,49.99
9436,3728,36,2,18.99
9437,3728,45,3,39.99
9438,3728,43,2,44.99
9439,3729,53,3,22.99
9440,3729,39,3,39.99
9441,3730,22,1,89.99
9442,3730,2,2,39.99
9443,3731,62,2,9.99
9444,3731,59,3,9.99
9445,3731,6,1,79.99
9446,3732,61,2,139.99
9447,3732,43,3,44.99
9448,3733,2,2,39.99
9449,3733,58,1,12.99
9450,3733,43,3,44.99
9451,3733,11,3,34.99
9452,3734,43,3,44.99
9453,3734,19,3,69.99
9454,3734,51,3,32.99
9455,3735,18,2,26.99
9456,3735,57,2,39.99
9457,3736,35,3,12.99
9458,3736,63,3,17.99
9459,3736,48,3,17.99
9460,3737,25,3,16.99
9461,3737,5,3,89.99
9462,3737,9,1,299.99
9463,3737,47,1,14.99
9464,3738,20,2,21.99
9465,3738,25,3,16.99
9466,3739,41,2,17.99
9467,3739,6,1,79.99
9468,3739,20,2,21.99
9469,3740,13,3,139.99
9470,3741,56,2,15.99
9471,3741,5,3,89.99
9472,3741,11,1,34.99
9473,3741,18,3,26.99
9474,3742,63,3,17.99
9475,3742,47,1,14.99
9476,3742,42,1,24.99
9477,3743,20,1,21.99
9478,3743,26,3,159.99
9479,3744,29,3,64.99
9480,3744,45,1,39.99
9481,3744,39,3,39.99
9482,3745,7,2,27.99
9483,3745,65,3,9.99
9484,3745,68,2,54.99
9485,3746,35,3,12.99
9486,3746,58,1,12.99
9487,3746,12,2,22.99
9488,3747,23,2,22.99
9489,3747,68,1,54.99
9490,3747,52,1,24.99
9491,3748,50,3,39.99
9492,3748,46,1,27.99
9493,3748,12,3,22.99
9494,3749,54,2,79.99
9495,3750,37,2,22.99
9496,3751,24,2,149.99
9497,3751,12,2,22.99
9498,3751,8,3,249.99
9499,3751,37,3,22.99
9500,3752,31,3,9.99
9501,3753,44,2,34.99
9502,3754,28,1,89.99
9503,3754,31,1,9.99
9504,3754,68,1,54.99
9505,3755,2,3,39.99
9506,3755,38,2,18.99
9507,3755,10,1,149.99
9508,3755,52,2,24.99
9509,3756,17,2,36.99
9510,3756,35,2,12.99
9511,3756,15,2,29.99
9512,3756,41,2,17.99
9513,3757,46,2,27.99
9514,3757,67,2,12.99
9515,3758,68,1,54.99
9516,3758,33,2,13.99
9517,3758,21,3,84.99
9518,3758,28,2,89.99
9519,3759,7,3,27.99
9520,3759,7,2,27.99
9521,3759,58,3,12.99
9522,3760,8,2,249.99
9523,3760,51,3,32.99
9524,3760,65,1,9.99
9525,3761,65,2,9.99
9526,3761,18,2,26.99
9527,3762,36,1,18.99
9528,3763,62,3,9.99
9529,3764,15,3,29.99
9530,3765,25,3,16.99
9531,3765,63,2,17.99
9532,3765,6,3,79.99
9533,3765,16,1,24.99
9534,3766,53,1,22.99
9535,3767,1,3,129.99
9536,3767,23,2,22.99
9537,3768,68,2,54.99
9538,3768,2,1,39.99
9539,3769,1,3,129.99
9540,3769,51,2,32.99
9541,3770,47,3,14.99
9542,3771,65,1,9.99
9543,3772,10,2,149.99
9544,3772,21,3,84.99
9545,3773,42,2,24.99
9546,3773,7,3,27.99
9547,3774,9,2,299.99
9548,3775,37,3,22.99
9549,3776,14,3,99.99
9550,3776,41,2,17.99
9551,3777,11,2,34.99
9552,3778,28,3,89.99
9553,3779,26,2,159.99
9554,3779,7,1,27.99
9555,3780,33,3,13.99
9556,3780,69,1,14.99
9557,3780,42,1,24.99
9558,3780,32,1,14.99
9559,3781,26,1,159.99
9560,3782,51,2,32.99
9561,3782,55,1,16.99
9562,3783,18,1,26.99
9563,3783,47,2,14.99
9564,3783,43,2,44.99
9565,3783,36,1,18.99
9566,3784,21,3,84.99
9567,3784,61,1,139.99
9568,3784,11,1,34.99
9569,3785,28,2,89.99
9570,3786,3,1,49.99
9571,3787,39,2,39.99
9572,3788,45,3,39.99
9573,3788,21,3,84.99
9574,3788,55,1,16.99
9575,3788,33,3,13.99
9576,3789,1,3,129.99
9577,3789,23,1,22.99
9578,3789,7,2,27.99
9579,3790,39,2,39.99
9580,3791,63,2,17.99
9581,3791,36,1,18.99
9582,3791,30,2,44.99
9583,3792,53,3,22.99
9584,3793,13,2,139.99
9585,3794,22,2,89.99
9586,3795,68,1,54.99
9587,3795,36,3,18.99
9588,3795,66,3,34.99
9589,3795,38,3,18.99
9590,3796,46,3,27.99
9591,3796,4,3,24.99
9592,3797,23,2,22.99
9593,3797,54,3,79.99
9594,3798,54,2,79.99
9595,3799,2,2,39.99
9596,3800,42,1,24.99
9597,3801,9,2,299.99
9598,3801,48,2,17.99
9599,3801,9,3,299.99
9600,3802,57,2,39.99
9601,3803,24,3,149.99
9602,3803,36,3,18.99
9603,3804,40,2,49.99
9604,3804,40,3,49.99
9605,3804,53,1,22.99
9606,3805,13,2,139.99
9607,3806,19,2,69.99
9608,3806,5,2,89.99
9609,3806,56,1,15.99
9610,3807,36,3,18.99
9611,3807,22,1,89.99
9612,3807,29,1,64.99
9613,3808,24,2,149.99
9614,3808,25,2,16.99
9615,3808,47,2,14.99
9616,3808,50,2,39.99
9617,3809,20,1,21.99
9618,3809,11,3,34.99
9619,3810,20,1,21.99
9620,3810,16,1,24.99
9621,3811,17,2,36.99
9622,3811,23,2,22.99
9623,3811,5,1,89.99
9624,3811,15,3,29.99
9625,3812,51,2,32.99
9626,3812,58,2,12.99
9627,3813,30,3,44.99
9628,3813,68,1,54.99
9629,3814,63,1,17.99
9630,3814,39,2,39.99
9631,3814,38,3,18.99
9632,3814,26,2,159.99
9633,3815,43,2,44.99
9634,3815,9,2,299.99
9635,3815,51,2,32.99
9636,3816,13,3,139.99
9637,3817,55,3,16.99
9638,3817,24,3,149.99
9639,3817,18,3,26.99
9640,3818,25,1,16.99
9641,3818,13,3,139.99
9642,3818,16,3,24.99
9643,3818,51,1,32.99
9644,3819,21,2,84.99
9645,3819,51,1,32.99
9646,3819,11,2,34.99
9647,3820,61,1,139.99
9648,3820,20,3,21.99
9649,3820,28,2,89.99
9650,3821,9,3,299.99
9651,3821,36,1,18.99
9652,3822,25,3,16.99
9653,3822,20,3,21.99
9654,3822,11,2,34.99
9655,3822,17,1,36.99
9656,3823,33,3,13.99
9657,3823,34,2,19.99
9658,3823,65,1,9.99
9659,3823,26,1,159.99
9660,3824,49,3,44.99
9661,3824,7,3,27.99
9662,3824,31,2,9.99
9663,3825,32,3,14.99
9664,3825,20,2,21.99
9665,3826,11,1,34.99
9666,3827,13,3,139.99
9667,3827,48,3,17.99
9668,3827,19,3,69.99
9669,3828,54,3,79.99
9670,3828,43,3,44.99
9671,3828,56,3,15.99
9672,3829,1,1,129.99
9673,3829,56,2,15.99
9674,3829,12,1,22.99
9675,3829,67,3,12.99
9676,3830,62,1,9.99
9677,3830,27,1,17.99
9678,3830,23,3,22.99
9679,3831,12,1,22.99
9680,3832,22,1,89.99
9681,3833,56,3,15.99
9682,3834,27,2,17.99
9683,3835,35,2,12.99
9684,3835,62,1,9.99
9685,3835,40,3,49.99
9686,3835,63,1,17.99
9687,3836,60,3,179.99
9688,3836,14,3,99.99
9689,3836,6,1,79.99
9690,3837,9,1,299.99
9691,3837,9,1,299.99
9692,3837,14,1,99.99
9693,3837,46,1,27.99
9694,3838,42,1,24.99
9695,3838,30,3,44.99
9696,3838,45,1,39.99
9697,3838,39,3,39.99
9698,3839,54,1,79.99
9699,3839,58,1,12.99
9700,3839,53,3,22.99
9701,3840,53,1,22.99
9702,3840,64,3,21.99
9703,3840,41,1,17.99
9704,3841,52,2,24.99
9705,3841,59,1,9.99
9706,3842,29,3,64.99
9707,3842,49,1,44.99
9708,3843,30,1,44.99
9709,3844,51,2,32.99
9710,3845,40,3,49.99
9711,3845,32,3,14.99
9712,3846,56,1,15.99
9713,3846,5,1,89.99
9714,3847,32,1,14.99
9715,3847,2,1,39.99
9716,3847,19,2,69.99
9717,3848,35,3,12.99
9718,3849,60,2,179.99
9719,3850,42,1,24.99
9720,3850,36,2,18.99
9721,3850,27,3,17.99
9722,3850,54,2,79.99
9723,3851,22,3,89.99
9724,3851,5,3,89.99
9725,3851,30,2,44.99
9726,3852,24,2,149.99
9727,3852,58,1,12.99
9728,3853,67,1,12.99
9729,3853,55,2,16.99
9730,3853,34,3,19.99
9731,3853,6,1,79.99
9732,3854,3,3,49.99
9733,3855,68,2,54.99
9734,3855,61,3,139.99
9735,3856,31,2,9.99
9736,3856,23,1,22.99
9737,3856,12,3,22.99
9738,3857,9,2,299.99
9739,3858,16,3,24.99
9740,3859,52,1,24.99
9741,3859,43,2,44.99
9742,3859,5,2,89.99
9743,3859,49,3,44.99
9744,3860,37,2,22.99
9745,3860,43,1,44.99
9746,3861,17,3,36.99
9747,3861,2,1,39.99
9748,3861,29,1,64.99
9749,3862,63,1,17.99
9750,3862,58,1,12.99
9751,3863,65,2,9.99
9752,3864,57,1,39.99
9753,3864,31,3,9.99
9754,3864,6,2,79.99
9755,3865,6,3,79.99
9756,3865,20,3,21.99
9757,3866,7,3,27.99
9758,3867,21,1,84.99
9759,3867,1,2,129.99
9760,3868,66,1,34.99
9761,3868,29,3,64.99
9762,3868,26,1,159.99
9763,3868,14,3,99.99
9764,3869,64,1,21.99
9765,3869,39,3,39.99
9766,3870,56,2,15.99
9767,3870,42,1,24.99
9768,3870,20,3,21.99
9769,3870,62,1,9.99
9770,3871,16,1,24.99
9771,3871,39,2,39.99
9772,3872,64,2,21.99
9773,3873,30,1,44.99
9774,3874,43,2,44.99
9775,3874,31,1,9.99
9776,3874,51,1,32.99
9777,3874,64,2,21.99
9778,3875,15,2,29.99
9779,3876,49,1,44.99
9780,3877,9,1,299.99
9781,3878,67,3,12.99
9782,3878,44,2,34.99
9783,3879,41,2,17.99
9784,3879,52,1,24.99
9785,3879,58,2,12.99
9786,3879,3,3,49.99
9787,3880,2,1,39.99
9788,3880,42,2,24.99
9789,3881,20,1,21.99
9790,3882,3,1,49.99
9791,3882,33,3,13.99
9792,3883,48,2,17.99
9793,3884,42,2,24.99
9794,3884,5,2,89.99
9795,3884,59,2,9.99
9796,3884,38,2,18.99
9797,3885,54,1,79.99
9798,3885,42,2,24.99
9799,3885,27,2,17.99
9800,3885,63,3,17.99
9801,3886,1,2,129.99
9802,3886,7,1,27.99
9803,3886,42,2,24.99
9804,3886,49,3,44.99
9805,3887,22,3,89.99
9806,3887,64,3,21.99
9807,3887,48,2,17.99
9808,3887,59,1,9.99
9809,3888,34,3,19.99
9810,3888,3,1,49.99
9811,3888,20,1,21.99
9812,3888,10,1,149.99
9813,3889,32,3,14.99
9814,3890,15,1,29.99
9815,3890,48,2,17.99
9816,3891,60,1,179.99
9817,3891,2,1,39.99
9818,3892,65,1,9.99
9819,3892,38,2,18.99
9820,3892,64,1,21.99
9821,3892,50,1,39.99
9822,3893,69,1,14.99
9823,3893,2,2,39.99
9824,3893,39,1,39.99
9825,3894,68,1,54.99
9826,3895,45,1,39.99
9827,3896,20,1,21.99
9828,3897,5,3,89.99
9829,3897,7,3,27.99
9830,3897,22,3,89.99
9831,3897,68,2,54.99
9832,3898,21,3,84.99
9833,3898,51,3,32.99
9834,3898,20,3,21.99
9835,3899,17,1,36.99
9836,3900,48,3,17.99
9837,3900,32,1,14.99
9838,3901,24,3,149.99
9839,3901,32,1,14.99
9840,3901,41,2,17.99
9841,3901,68,3,54.99
9842,3902,69,2,14.99
9843,3903,4,2,24.99
9844,3903,69,3,14.99
9845,3903,30,1,44.99
9846,3903,17,3,36.99
9847,3904,33,1,13.99
9848,3905,26,1,159.99
9849,3905,14,3,99.99
9850,3905,29,3,64.99
9851,3905,7,2,27.99
9852,3906,24,3,149.99
9853,3906,66,2,34.99
9854,3906,10,2,149.99
9855,3906,66,1,34.99
9856,3907,61,1,139.99
9857,3907,12,2,22.99
9858,3907,14,3,99.99
9859,3908,41,3,17.99
9860,3908,6,2,79.99
9861,3909,50,1,39.99
9862,3910,12,2,22.99
9863,3910,40,2,49.99
9864,3910,33,2,13.99
9865,3910,48,1,17.99
9866,3911,39,2,39.99
9867,3911,6,3,79.99
9868,3911,29,3,64.99
9869,3911,15,2,29.99
9870,3912,53,2,22.99
9871,3912,14,2,99.99
9872,3912,64,1,21.99
9873,3912,45,3,39.99
9874,3913,30,2,44.99
9875,3913,42,1,24.99
9876,3913,32,2,14.99
9877,3913,25,1,16.99
9878,3914,48,2,17.99
9879,3914,10,3,149.99
9880,3914,42,2,24.99
9881,3914,3,2,49.99
9882,3915,52,2,24.99
9883,3915,48,3,17.99
9884,3915,20,2,21.99
9885,3916,57,1,39.99
9886,3916,26,1,159.99
9887,3916,33,2,13.99
9888,3916,56,3,15.99
9889,3917,62,3,9.99
9890,3917,3,3,49.99
9891,3917,56,1,15.99
9892,3917,68,2,54.99
9893,3918,9,1,299.99
9894,3919,40,1,49.99
9895,3919,39,2,39.99
9896,3919,22,3,89.99
9897,3920,17,2,36.99
9898,3920,66,1,34.99
9899,3920,58,3,12.99
9900,3920,26,2,159.99
9901,3921,57,3,39.99
9902,3921,16,3,24.99
9903,3922,29,1,64.99
9904,3922,50,1,39.99
9905,3923,29,1,64.99
9906,3923,69,1,14.99
9907,3924,38,1,18.99
9908,3924,9,1,299.99
9909,3924,23,1,22.99
9910,3925,43,2,44.99
9911,3926,65,2,9.99
9912,3926,12,1,22.99
9913,3927,35,3,12.99
9914,3927,31,1,9.99
9915,3927,66,3,34.99
9916,3927,4,1,24.99
9917,3928,13,3,139.99
9918,3928,63,2,17.99
9919,3928,35,1,12.99
9920,3929,61,3,139.99
9921,3929,18,2,26.99
9922,3930,9,1,299.99
9923,3931,67,2,12.99
9924,3931,54,1,79.99
9925,3932,14,2,99.99
9926,3932,56,2,15.99
9927,3933,67,3,12.99
9928,3933,56,3,15.99
9929,3933,53,1,22.99
9930,3934,14,3,99.99
9931,3934,59,1,9.99
9932,3934,17,3,36.99
9933,3934,64,2,21.99
9934,3935,5,2,89.99
9935,3935,28,2,89.99
9936,3936,43,1,44.99
9937,3936,54,3,79.99
9938,3936,11,1,34.99
9939,3937,45,3,39.99
9940,3937,68,3,54.99
9941,3938,46,3,27.99
9942,3939,34,3,19.99
9943,3939,48,3,17.99
9944,3939,58,1,12.99
9945,3939,34,3,19.99
9946,3940,11,3,34.99
9947,3940,31,3,9.99
9948,3940,8,3,249.99
9949,3941,30,2,44.99
9950,3941,53,3,22.99
9951,3941,42,1,24.99
9952,3941,42,3,24.99
9953,3942,37,2,22.99
9954,3942,17,1,36.99
9955,3943,36,1,18.99
9956,3944,42,2,24.99
9957,3944,4,2,24.99
9958,3944,36,3,18.99
9959,3944,21,2,84.99
9960,3945,3,3,49.99
9961,3946,36,3,18.99
9962,3947,40,3,49.99
9963,3947,51,3,32.99
9964,3948,49,1,44.99
9965,3948,9,3,299.99
9966,3948,6,3,79.99
9967,3948,31,1,9.99
9968,3949,20,1,21.99
9969,3950,44,3,34.99
9970,3951,59,1,9.99
9971,3951,38,2,18.99
9972,3951,46,1,27.99
9973,3952,2,3,39.99
9974,3952,43,1,44.99
9975,3952,30,2,44.99
9976,3953,16,3,24.99
9977,3954,26,2,159.99
9978,3954,9,3,299.99
9979,3954,5,1,89.99
9980,3955,49,2,44.99
9981,3955,7,2,27.99
9982,3955,32,2,14.99
9983,3955,56,1,15.99
9984,3956,36,3,18.99
9985,3956,44,2,34.99
9986,3956,30,1,44.99
9987,3956,39,1,39.99
9988,3957,46,1,27.99
9989,3957,52,1,24.99
9990,3957,12,1,22.99
9991,3958,27,3,17.99
9992,3958,37,2,22.99
9993,3958,38,2,18.99
9994,3959,22,1,89.99
9995,3960,28,3,89.99
9996,3960,28,3,89.99
9997,3961,58,2,12.99
9998,3961,41,1,17.99
9999,3961,37,2,22.99
10000,3962,54,1,79.99
10001,3962,40,2,49.99
10002,3962,1,3,129.99
10003,3963,5,2,89.99
10004,3963,7,1,27.99
10005,3964,35,1,12.99
10006,3964,51,2,32.99
10007,3965,20,1,21.99
10008,3966,61,2,139.99
10009,3966,24,3,149.99
10010,3966,39,1,39.99
10011,3967,13,2,139.99
10012,3967,25,2,16.99
10013,3967,2,1,39.99
10014,3968,54,1,79.99
10015,3968,22,1,89.99
10016,3968,67,1,12.99
10017,3968,31,2,9.99
10018,3969,23,2,22.99
10019,3970,36,1,18.99
10020,3970,34,3,19.99
10021,3970,43,2,44.99
10022,3970,15,1,29.99
10023,3971,25,3,16.99
10024,3971,11,1,34.99
10025,3971,47,3,14.99
10026,3971,34,1,19.99
10027,3972,27,1,17.99
10028,3972,56,2,15.99
10029,3972,55,2,16.99
10030,3972,62,2,9.99
10031,3973,45,2,39.99
10032,3973,44,2,34.99
10033,3973,13,1,139.99
10034,3974,15,2,29.99
10035,3974,25,3,16.99
10036,3975,17,3,36.99
10037,3976,3,1,49.99
10038,3976,36,1,18.99
10039,3977,5,3,89.99
10040,3977,60,3,179.99
10041,3977,60,2,179.99
10042,3978,64,1,21.99
10043,3978,10,1,149.99
10044,3979,37,2,22.99
10045,3980,32,1,14.99
10046,3981,22,2,89.99
10047,3981,28,2,89.99
10048,3981,51,3,32.99
10049,3982,52,2,24.99
10050,3982,48,1,17.99
10051,3983,32,3,14.99
10052,3983,69,3,14.99
10053,3983,57,1,39.99
10054,3984,41,2,17.99
10055,3984,17,1,36.99
10056,3984,25,3,16.99
10057,3984,42,3,24.99
10058,3985,13,1,139.99
10059,3985,8,1,249.99
10060,3985,32,3,14.99
10061,3985,45,3,39.99
10062,3986,47,3,14.99
10063,3987,7,1,27.99
10064,3987,39,1,39.99
10065,3988,50,3,39.99
10066,3988,27,1,17.99
10067,3988,60,3,179.99
10068,3989,40,2,49.99
10069,3990,24,3,149.99
10070,3990,36,3,18.99
10071,3990,47,3,14.99
10072,3990,15,2,29.99
10073,3991,33,1,13.99
10074,3991,30,2,44.99
10075,3991,59,2,9.99
10076,3992,13,1,139.99
10077,3992,56,1,15.99
10078,3992,57,2,39.99
10079,3993,24,2,149.99
10080,3994,34,2,19.99
10081,3994,14,3,99.99
10082,3995,33,1,13.99
10083,3995,8,2,249.99
10084,3996,57,3,39.99
10085,3996,69,1,14.99
10086,3996,28,1,89.99
10087,3997,39,3,39.99
10088,3997,46,3,27.99
10089,3997,45,1,39.99
10090,3998,11,2,34.99
10091,3999,35,2,12.99
10092,3999,12,1,22.99
10093,3999,48,3,17.99
10094,3999,45,1,39.99
10095,4000,3,2,49.99
10096,4001,39,1,39.99
10097,4002,54,1,79.99
10098,4002,3,2,49.99
10099,4002,48,2,17.99
10100,4003,12,1,22.99
10101,4004,27,1,17.99
10102,4004,42,2,24.99
10103,4004,63,3,17.99
10104,4004,51,3,32.99
10105,4005,53,3,22.99
10106,4005,46,2,27.99
10107,4005,53,3,22.99
10108,4005,39,2,39.99
10109,4006,26,3,159.99
10110,4006,48,1,17.99
10111,4006,56,2,15.99
10112,4007,9,3,299.99
10113,4007,68,3,54.99
10114,4007,38,1,18.99
10115,4008,20,3,21.99
10116,4008,1,3,129.99
10117,4008,42,3,24.99
10118,4009,5,3,89.99
10119,4010,17,1,36.99
10120,4010,43,1,44.99
10121,4010,40,1,49.99
10122,4010,26,3,159.99
10123,4011,59,2,9.99
10124,4011,17,2,36.99
10125,4011,63,3,17.99
10126,4011,12,3,22.99
10127,4012,69,2,14.99
10128,4013,56,3,15.99
10129,4013,8,2,249.99
10130,4014,50,1,39.99
10131,4014,2,1,39.99
10132,4014,1,3,129.99
10133,4015,41,1,17.99
10134,4015,19,2,69.99
10135,4015,64,2,21.99
10136,4015,2,2,39.99
10137,4016,34,1,19.99
10138,4017,67,2,12.99
10139,4017,28,1,89.99
10140,4018,37,1,22.99
10141,4018,18,3,26.99
10142,4018,7,1,27.99
10143,4018,31,3,9.99
10144,4019,63,3,17.99
10145,4019,55,1,16.99
10146,4019,65,3,9.99
10147,4019,39,1,39.99
10148,4020,20,1,21.99
10149,4021,60,1,179.99
10150,4021,32,2,14.99
10151,4022,56,1,15.99
10152,4022,55,1,16.99
10153,4022,51,3,32.99
10154,4022,54,3,79.99
10155,4023,10,2,149.99
10156,4023,25,3,16.99
10157,4023,38,2,18.99
10158,4023,11,1,34.99
10159,4024,67,3,12.99
10160,4024,54,1,79.99
10161,4025,42,3,24.99
10162,4026,22,3,89.99
10163,4027,59,1,9.99
10164,4027,48,2,17.99
10165,4027,43,1,44.99
10166,4028,45,1,39.99
10167,4029,69,3,14.99
10168,4029,69,1,14.99
10169,4029,1,1,129.99
10170,4030,19,1,69.99
10171,4030,16,1,24.99
10172,4030,60,3,179.99
10173,4030,24,3,149.99
10174,4031,67,3,12.99
10175,4032,63,3,17.99
10176,4032,56,3,15.99
10177,4033,14,2,99.99
10178,4034,64,1,21.99
10179,4035,50,1,39.99
10180,4036,25,2,16.99
10181,4036,68,3,54.99
10182,4037,23,2,22.99
10183,4038,32,1,14.99
10184,4038,34,3,19.99
10185,4038,13,1,139.99
10186,4039,49,1,44.99
10187,4040,47,2,14.99
10188,4040,7,2,27.99
10189,4040,47,2,14.99
10190,4040,3,2,49.99
10191,4041,31,1,9.99
10192,4042,51,2,32.99
10193,4043,40,2,49.99
10194,4043,39,2,39.99
10195,4043,26,2,159.99
10196,4043,6,2,79.99
10197,4044,16,2,24.99
10198,4045,30,3,44.99
10199,4045,35,1,12.99
10200,4046,9,1,299.99
10201,4046,52,3,24.99
10202,4046,7,2,27.99
10203,4046,2,3,39.99
10204,4047,49,1,44.99
10205,4048,11,1,34.99
10206,4049,55,2,16.99
10207,4049,54,3,79.99
10208,4049,36,3,18.99
10209,4049,64,2,21.99
10210,4050,36,3,18.99
10211,4050,22,1,89.99
10212,4050,12,1,22.99
10213,4050,36,3,18.99
10214,4051,17,1,36.99
10215,4051,32,2,14.99
10216,4051,31,2,9.99
10217,4051,24,1,149.99
10218,4052,10,3,149.99
10219,4052,14,3,99.99
10220,4052,36,1,18.99
10221,4053,60,1,179.99
10222,4053,55,1,16.99
10223,4053,16,3,24.99
10224,4054,39,2,39.99
10225,4054,30,1,44.99
10226,4054,2,1,39.99
10227,4055,68,3,54.99
10228,4055,21,3,84.99
10229,4055,60,2,179.99
10230,4056,36,1,18.99
10231,4056,34,3,19.99
10232,4057,9,2,299.99
10233,4058,28,1,89.99
10234,4058,17,1,36.99
10235,4058,64,2,21.99
10236,4059,56,3,15.99
10237,4059,63,3,17.99
10238,4060,15,3,29.99
10239,4061,14,2,99.99
10240,4061,43,3,44.99
10241,4061,63,1,17.99
10242,4062,2,3,39.99
10243,4062,60,2,179.99
10244,4063,48,3,17.99
10245,4064,23,3,22.99
10246,4064,37,2,22.99
10247,4064,4,3,24.99
10248,4064,23,2,22.99
10249,4065,66,2,34.99
10250,4065,6,2,79.99
10251,4065,60,2,179.99
10252,4066,30,1,44.99
10253,4066,4,2,24.99
10254,4067,2,2,39.99
10255,4068,16,1,24.99
10256,4068,65,3,9.99
10257,4068,46,1,27.99
10258,4069,63,3,17.99
10259,4070,5,3,89.99
10260,4071,38,2,18.99
10261,4071,46,1,27.99
10262,4071,44,1,34.99
10263,4072,22,1,89.99
10264,4072,68,2,54.99
10265,4072,53,3,22.99
10266,4072,44,3,34.99
10267,4073,10,2,149.99
10268,4074,37,1,22.99
10269,4075,28,3,89.99
10270,4075,53,2,22.99
10271,4076,50,1,39.99
10272,4076,10,3,149.99
10273,4077,30,3,44.99
10274,4077,61,3,139.99
10275,4077,50,1,39.99
10276,4077,61,1,139.99
10277,4078,24,3,149.99
10278,4078,31,2,9.99
10279,4079,40,1,49.99
10280,4080,11,3,34.99
10281,4080,9,3,299.99
10282,4080,6,3,79.99
10283,4081,58,3,12.99
10284,4081,37,1,22.99
10285,4082,3,3,49.99
10286,4082,58,3,12.99
10287,4082,29,3,64.99
10288,4082,29,3,64.99
10289,4083,49,3,44.99
10290,4083,45,2,39.99
10291,4083,58,1,12.99
10292,4084,15,1,29.99
10293,4084,46,2,27.99
10294,4085,54,2,79.99
10295,4086,35,1,12.99
10296,4086,23,1,22.99
10297,4086,57,2,39.99
10298,4086,43,1,44.99
10299,4087,25,1,16.99
10300,4087,65,3,9.99
10301,4087,43,3,44.99
10302,4088,33,2,13.99
10303,4088,42,3,24.99
10304,4088,14,2,99.99
10305,4089,38,1,18.99
10306,4090,44,3,34.99
10307,4090,6,3,79.99
10308,4091,27,3,17.99
10309,4092,63,1,17.99
10310,4092,56,3,15.99
10311,4093,21,3,84.99
10312,4093,48,1,17.99
10313,4093,22,3,89.99
10314,4093,47,1,14.99
10315,4094,62,1,9.99
10316,4094,38,1,18.99
10317,4095,56,1,15.99
10318,4095,44,1,34.99
10319,4095,54,2,79.99
10320,4096,55,3,16.99
10321,4096,22,3,89.99
10322,4096,58,3,12.99
10323,4097,26,3,159.99
10324,4097,23,2,22.99
10325,4098,33,1,13.99
10326,4099,50,3,39.99
10327,4099,52,2,24.99
10328,4100,11,2,34.99
10329,4101,17,1,36.99
10330,4101,37,2,22.99
10331,4101,64,1,21.99
10332,4102,42,3,24.99
10333,4103,18,2,26.99
10334,4103,16,3,24.99
10335,4103,69,1,14.99
10336,4104,22,2,89.99
10337,4104,36,1,18.99
10338,4104,1,3,129.99
10339,4105,59,3,9.99
10340,4105,9,2,299.99
10341,4106,25,2,16.99
10342,4106,3,3,49.99
10343,4107,55,1,16.99
10344,4107,45,1,39.99
10345,4108,67,2,12.99
10346,4108,1,1,129.99
10347,4109,1,1,129.99
10348,4109,25,2,16.99
10349,4109,47,3,14.99
10350,4109,40,3,49.99
10351,4110,49,3,44.99
10352,4111,47,3,14.99
10353,4111,1,2,129.99
10354,4111,10,3,149.99
10355,4111,30,3,44.99
10356,4112,40,3,49.99
10357,4112,48,2,17.99
10358,4112,61,1,139.99
10359,4113,29,3,64.99
10360,4113,50,1,39.99
10361,4114,48,3,17.99
10362,4115,36,1,18.99
10363,4116,58,3,12.99
10364,4116,65,2,9.99
10365,4116,17,2,36.99
10366,4116,13,3,139.99
10367,4117,15,2,29.99
10368,4117,47,1,14.99
10369,4117,7,2,27.99
10370,4117,50,2,39.99
10371,4118,48,1,17.99
10372,4118,29,1,64.99
10373,4119,53,3,22.99
10374,4119,57,2,39.99
10375,4119,51,3,32.99
10376,4120,15,3,29.99
10377,4120,18,1,26.99
10378,4120,59,1,9.99
10379,4121,65,3,9.99
10380,4121,8,2,249.99
10381,4121,46,2,27.99
10382,4121,40,2,49.99
10383,4122,43,1,44.99
10384,4122,33,1,13.99
10385,4122,20,3,21.99
10386,4123,50,2,39.99
10387,4123,47,1,14.99
10388,4123,16,2,24.99
10389,4124,33,2,13.99
10390,4124,40,3,49.99
10391,4124,48,2,17.99
10392,4124,69,3,14.99
10393,4125,2,2,39.99
10394,4125,44,2,34.99
10395,4125,55,2,16.99
10396,4126,35,3,12.99
10397,4126,19,1,69.99
10398,4126,47,1,14.99
10399,4126,20,1,21.99
10400,4127,4,2,24.99
10401,4127,14,3,99.99
10402,4127,27,3,17.99
10403,4128,11,2,34.99
10404,4128,34,1,19.99
10405,4128,61,2,139.99
10406,4128,18,2,26.99
10407,4129,25,3,16.99
10408,4129,48,2,17.99
10409,4130,52,2,24.99
10410,4130,66,3,34.99
10411,4131,38,1,18.99
10412,4132,14,1,99.99
10413,4132,35,2,12.99
10414,4132,42,3,24.99
10415,4133,35,1,12.99
10416,4134,61,3,139.99
10417,4135,53,3,22.99
10418,4135,35,1,12.99
10419,4135,49,3,44.99
10420,4136,12,2,22.99
10421,4137,11,2,34.99
10422,4137,42,1,24.99
10423,4138,65,3,9.99
10424,4138,12,2,22.99
10425,4139,48,1,17.99
10426,4139,4,1,24.99
10427,4140,44,3,34.99
10428,4140,34,3,19.99
10429,4140,38,1,18.99
10430,4140,67,3,12.99
10431,4141,27,2,17.99
10432,4141,39,3,39.99
10433,4141,17,3,36.99
10434,4141,40,1,49.99
10435,4142,54,3,79.99
10436,4142,60,3,179.99
10437,4143,42,2,24.99
10438,4143,2,2,39.99
10439,4143,66,2,34.99
10440,4143,65,3,9.99
10441,4144,33,2,13.99
10442,4144,28,3,89.99
10443,4144,28,1,89.99
10444,4144,4,2,24.99
10445,4145,68,2,54.99
10446,4145,21,2,84.99
10447,4145,54,1,79.99
10448,4146,17,3,36.99
10449,4147,20,3,21.99
10450,4147,47,1,14.99
10451,4147,23,3,22.99
10452,4148,43,3,44.99
10453,4149,44,1,34.99
10454,4149,21,2,84.99
10455,4150,17,3,36.99
10456,4150,58,1,12.99
10457,4150,44,1,34.99
10458,4150,43,3,44.99
10459,4151,56,3,15.99
10460,4151,20,1,21.99
10461,4152,59,2,9.99
10462,4152,63,1,17.99
10463,4152,33,1,13.99
10464,4153,57,1,39.99
10465,4153,67,2,12.99
10466,4153,53,1,22.99
10467,4154,42,2,24.99
10468,4155,64,3,21.99
10469,4155,62,1,9.99
10470,4155,55,1,16.99
10471,4155,59,1,9.99
10472,4156,34,3,19.99
10473,4156,42,2,24.99
10474,4156,1,1,129.99
10475,4157,14,2,99.99
10476,4157,5,3,89.99
10477,4157,39,2,39.99
10478,4157,69,2,14.99
10479,4158,23,3,22.99
10480,4158,65,1,9.99
10481,4158,49,2,44.99
10482,4158,63,3,17.99
10483,4159,13,3,139.99
10484,4159,10,3,149.99
10485,4160,23,3,22.99
10486,4160,30,1,44.99
10487,4160,11,2,34.99
10488,4161,16,2,24.99
10489,4162,24,1,149.99
10490,4162,15,2,29.99
10491,4162,5,1,89.99
10492,4162,16,1,24.99
10493,4163,14,2,99.99
10494,4163,13,1,139.99
10495,4164,2,1,39.99
10496,4164,23,3,22.99
10497,4164,8,1,249.99
10498,4165,68,1,54.99
10499,4166,5,3,89.99
10500,4166,67,1,12.99
10501,4166,39,3,39.99
10502,4166,5,2,89.99
10503,4167,29,2,64.99
10504,4168,28,2,89.99
10505,4168,8,2,249.99
10506,4168,27,1,17.99
10507,4168,28,1,89.99
10508,4169,38,3,18.99
10509,4169,24,3,149.99
10510,4169,38,2,18.99
10511,4169,27,1,17.99
10512,4170,49,2,44.99
10513,4170,57,1,39.99
10514,4171,16,2,24.99
10515,4172,64,3,21.99
10516,4172,17,3,36.99
10517,4172,10,2,149.99
10518,4172,40,2,49.99
10519,4173,39,3,39.99
10520,4173,20,1,21.99
10521,4174,32,2,14.99
10522,4174,34,3,19.99
10523,4174,67,3,12.99
10524,4174,4,3,24.99
10525,4175,4,1,24.99
10526,4175,19,2,69.99
10527,4175,54,1,79.99
10528,4176,29,3,64.99
10529,4176,10,2,149.99
10530,4177,9,3,299.99
10531,4177,33,2,13.99
10532,4177,53,2,22.99
10533,4178,14,2,99.99
10534,4178,8,2,249.99
10535,4178,21,3,84.99
10536,4179,64,3,21.99
10537,4179,39,3,39.99
10538,4179,18,3,26.99
10539,4180,31,2,9.99
10540,4180,56,1,15.99
10541,4180,17,3,36.99
10542,4181,19,3,69.99
10543,4181,47,1,14.99
10544,4181,21,3,84.99
10545,4181,37,2,22.99
10546,4182,6,3,79.99
10547,4182,48,1,17.99
10548,4182,18,1,26.99
10549,4182,43,3,44.99
10550,4183,62,3,9.99
10551,4183,3,2,49.99
10552,4183,55,3,16.99
10553,4184,10,1,149.99
10554,4184,58,2,12.99
10555,4185,4,1,24.99
10556,4185,64,3,21.99
10557,4185,66,3,34.99
10558,4186,24,3,149.99
10559,4186,47,2,14.99
10560,4186,57,2,39.99
10561,4186,24,2,149.99
10562,4187,26,2,159.99
10563,4188,55,1,16.99
10564,4188,40,1,49.99
10565,4188,46,2,27.99
10566,4189,45,2,39.99
10567,4189,57,1,39.99
10568,4189,55,3,16.99
10569,4189,37,2,22.99
10570,4190,26,2,159.99
10571,4190,53,2,22.99
10572,4191,69,1,14.99
10573,4191,39,3,39.99
10574,4191,41,2,17.99
10575,4192,67,3,12.99
10576,4192,67,3,12.99
10577,4193,31,3,9.99
10578,4193,49,1,44.99
10579,4194,12,1,22.99
10580,4194,9,1,299.99
10581,4194,54,1,79.99
10582,4195,56,3,15.99
10583,4195,23,3,22.99
10584,4195,3,3,49.99
10585,4196,50,3,39.99
10586,4196,17,2,36.99
10587,4196,69,2,14.99
10588,4196,54,3,79.99
10589,4197,11,3,34.99
10590,4197,64,2,21.99
10591,4197,65,1,9.99
10592,4198,27,1,17.99
10593,4198,17,2,36.99
10594,4198,12,3,22.99
10595,4198,64,2,21.99
10596,4199,33,3,13.99
10597,4199,53,1,22.99
10598,4199,19,2,69.99
10599,4200,5,3,89.99
10600,4201,60,3,179.99
10601,4201,65,3,9.99
10602,4201,7,2,27.99
10603,4201,32,2,14.99
10604,4202,54,2,79.99
10605,4203,30,1,44.99
10606,4203,48,3,17.99
10607,4203,12,1,22.99
10608,4203,66,3,34.99
10609,4204,1,1,129.99
10610,4205,52,3,24.99
10611,4205,31,1,9.99
10612,4205,49,2,44.99
10613,4206,15,2,29.99
10614,4207,56,1,15.99
10615,4207,39,1,39.99
10616,4207,34,3,19.99
10617,4208,1,2,129.99
10618,4208,60,2,179.99
10619,4208,17,2,36.99
10620,4208,55,2,16.99
10621,4209,31,1,9.99
10622,4209,33,3,13.99
10623,4210,23,1,22.99
10624,4210,31,3,9.99
10625,4210,36,3,18.99
10626,4210,59,1,9.99
10627,4211,57,2,39.99
10628,4212,19,2,69.99
10629,4213,35,2,12.99
10630,4213,22,3,89.99
10631,4213,26,1,159.99
10632,4214,43,3,44.99
10633,4214,1,1,129.99
10634,4214,46,3,27.99
10635,4215,17,1,36.99
10636,4215,8,1,249.99
10637,4216,67,3,12.99
10638,4216,53,3,22.99
10639,4216,45,1,39.99
10640,4217,33,2,13.99
10641,4217,39,3,39.99
10642,4217,18,1,26.99
10643,4217,54,3,79.99
10644,4218,5,2,89.99
10645,4218,68,2,54.99
10646,4219,44,3,34.99
10647,4220,15,2,29.99
10648,4220,2,2,39.99
10649,4220,40,1,49.99
10650,4220,47,2,14.99
10651,4221,11,1,34.99
10652,4221,47,3,14.99
10653,4221,31,1,9.99
10654,4222,6,2,79.99
10655,4222,2,3,39.99
10656,4222,54,2,79.99
10657,4222,42,1,24.99
10658,4223,60,1,179.99
10659,4223,5,1,89.99
10660,4224,20,2,21.99
10661,4224,57,2,39.99
10662,4224,5,3,89.99
10663,4224,63,1,17.99
10664,4225,29,1,64.99
10665,4226,8,3,249.99
10666,4226,19,1,69.99
10667,4226,69,2,14.99
10668,4227,28,2,89.99
10669,4227,67,3,12.99
10670,4228,41,2,17.99
10671,4229,51,3,32.99
10672,4229,27,3,17.99
10673,4229,48,1,17.99
10674,4229,47,3,14.99
10675,4230,52,1,24.99
10676,4231,1,2,129.99
10677,4231,8,1,249.99
10678,4231,3,2,49.99
10679,4232,64,2,21.99
10680,4233,28,1,89.99
10681,4233,24,2,149.99
10682,4234,37,1,22.99
10683,4234,52,3,24.99
10684,4234,39,3,39.99
10685,4234,62,3,9.99
10686,4235,69,3,14.99
10687,4236,49,2,44.99
10688,4237,4,1,24.99
10689,4238,2,2,39.99
10690,4238,31,3,9.99
10691,4238,9,2,299.99
10692,4238,32,2,14.99
10693,4239,55,3,16.99
10694,4240,33,1,13.99
10695,4240,3,3,49.99
10696,4240,31,2,9.99
10697,4241,52,1,24.99
10698,4241,31,3,9.99
10699,4241,43,3,44.99
10700,4242,40,2,49.99
10701,4242,33,1,13.99
10702,4243,17,1,36.99
10703,4244,30,1,44.99
10704,4244,68,3,54.99
10705,4245,37,1,22.99
10706,4245,63,1,17.99
10707,4245,24,1,149.99
10708,4245,22,2,89.99
10709,4246,58,3,12.99
10710,4247,6,3,79.99
10711,4247,53,2,22.99
10712,4247,42,3,24.99
10713,4248,61,2,139.99
10714,4248,35,2,12.99
10715,4249,32,3,14.99
10716,4249,42,2,24.99
10717,4249,30,1,44.99
10718,4249,56,1,15.99
10719,4250,27,2,17.99
10720,4250,60,1,179.99
10721,4250,63,1,17.99
10722,4250,38,3,18.99
10723,4251,13,3,139.99
10724,4251,36,1,18.99
10725,4251,8,1,249.99
10726,4252,6,1,79.99
10727,4253,56,1,15.99
10728,4253,54,1,79.99
10729,4254,4,3,24.99
10730,4254,49,1,44.99
10731,4255,45,2,39.99
10732,4255,17,1,36.99
10733,4255,52,3,24.99
10734,4255,8,3,249.99
10735,4256,22,3,89.99
10736,4257,2,3,39.99
10737,4257,34,1,19.99
10738,4258,1,1,129.99
10739,4258,1,1,129.99
10740,4259,43,3,44.99
10741,4259,7,2,27.99
10742,4259,10,1,149.99
10743,4260,44,1,34.99
10744,4260,60,3,179.99
10745,4260,49,3,44.99
10746,4261,61,1,139.99
10747,4262,46,2,27.99
10748,4262,15,3,29.99
10749,4262,69,3,14.99
10750,4262,66,2,34.99
10751,4263,12,2,22.99
10752,4263,17,1,36.99
10753,4264,14,1,99.99
10754,4264,52,3,24.99
10755,4264,24,3,149.99
10756,4264,51,3,32.99
10757,4265,26,1,159.99
10758,4265,47,3,14.99
10759,4265,28,2,89.99
10760,4266,57,2,39.99
10761,4266,25,1,16.99
10762,4266,21,1,84.99
10763,4266,34,2,19.99
10764,4267,16,3,24.99
10765,4268,63,2,17.99
10766,4268,14,1,99.99
10767,4268,31,2,9.99
10768,4269,33,1,13.99
10769,4270,31,3,9.99
10770,4270,43,3,44.99
10771,4271,54,1,79.99
10772,4271,65,3,9.99
10773,4271,49,3,44.99
10774,4271,59,3,9.99
10775,4272,66,3,34.99
10776,4272,55,3,16.99
10777,4272,37,1,22.99
10778,4273,26,1,159.99
10779,4274,29,3,64.99
10780,4275,43,1,44.99
10781,4276,35,3,12.99
10782,4276,11,3,34.99
10783,4276,33,2,13.99
10784,4277,20,1,21.99
10785,4277,34,1,19.99
10786,4277,41,1,17.99
10787,4277,52,3,24.99
10788,4278,34,2,19.99
10789,4278,29,2,64.99
10790,4278,37,2,22.99
10791,4278,23,3,22.99
10792,4279,15,1,29.99
10793,4279,49,3,44.99
10794,4279,28,3,89.99
10795,4280,13,2,139.99
10796,4281,21,1,84.99
10797,4281,6,3,79.99
10798,4281,50,1,39.99
10799,4281,68,1,54.99
10800,4282,46,2,27.99
10801,4282,30,2,44.99
10802,4282,4,1,24.99
10803,4283,9,1,299.99
10804,4283,69,3,14.99
10805,4283,64,1,21.99
10806,4283,37,3,22.99
10807,4284,31,2,9.99
10808,4284,37,2,22.99
10809,4284,1,2,129.99
10810,4285,3,1,49.99
10811,4285,29,3,64.99
10812,4285,47,1,14.99
10813,4286,35,2,12.99
10814,4286,61,3,139.99
10815,4286,16,1,24.99
10816,4287,21,2,84.99
10817,4287,59,2,9.99
10818,4288,2,3,39.99
10819,4289,50,2,39.99
10820,4290,11,3,34.99
10821,4290,60,3,179.99
10822,4290,68,3,54.99
10823,4290,60,1,179.99
10824,4291,18,1,26.99
10825,4291,32,2,14.99
10826,4292,6,3,79.99
10827,4292,7,3,27.99
10828,4292,14,1,99.99
10829,4292,65,3,9.99
10830,4293,15,3,29.99
10831,4293,46,3,27.99
10832,4294,40,2,49.99
10833,4294,25,2,16.99
10834,4294,31,3,9.99
10835,4294,25,2,16.99
10836,4295,49,3,44.99
10837,4295,61,3,139.99
10838,4295,25,3,16.99
10839,4295,59,3,9.99
10840,4296,25,2,16.99
10841,4296,58,1,12.99
10842,4296,38,3,18.99
10843,4296,61,1,139.99
10844,4297,45,1,39.99
10845,4297,53,2,22.99
10846,4297,49,1,44.99
10847,4298,31,1,9.99
10848,4299,25,2,16.99
10849,4300,43,3,44.99
10850,4300,35,3,12.99
10851,4301,65,2,9.99
10852,4302,18,1,26.99
10853,4303,53,2,22.99
10854,4303,58,1,12.99
10855,4304,46,3,27.99
10856,4305,15,1,29.99
10857,4305,52,2,24.99
10858,4306,56,1,15.99
10859,4307,33,3,13.99
10860,4308,47,2,14.99
10861,4308,63,3,17.99
10862,4308,14,2,99.99
10863,4309,20,1,21.99
10864,4310,65,2,9.99
10865,4310,30,3,44.99
10866,4311,17,3,36.99
10867,4311,15,3,29.99
10868,4311,64,2,21.99
10869,4311,40,2,49.99
10870,4312,12,2,22.99
10871,4312,53,2,22.99
10872,4312,62,1,9.99
10873,4312,13,2,139.99
10874,4313,48,3,17.99
10875,4313,1,2,129.99
10876,4313,59,2,9.99
10877,4313,13,1,139.99
10878,4314,48,3,17.99
10879,4315,66,1,34.99
10880,4315,22,2,89.99
10881,4315,32,3,14.99
10882,4315,67,1,12.99
10883,4316,13,1,139.99
10884,4316,53,1,22.99
10885,4316,61,1,139.99
10886,4316,51,3,32.99
10887,4317,3,2,49.99
10888,4318,18,1,26.99
10889,4318,47,2,14.99
10890,4318,30,3,44.99
10891,4319,10,3,149.99
10892,4319,14,1,99.99
10893,4319,39,1,39.99
10894,4319,62,1,9.99
10895,4320,27,2,17.99
10896,4320,2,1,39.99
10897,4320,66,1,34.99
10898,4320,58,3,12.99
10899,4321,20,2,21.99
10900,4321,20,2,21.99
10901,4321,60,3,179.99
10902,4322,36,3,18.99
10903,4322,3,1,49.99
10904,4322,5,1,89.99
10905,4323,49,2,44.99
10906,4323,62,3,9.99
10907,4323,47,2,14.99
10908,4323,47,2,14.99
10909,4324,65,2,9.99
10910,4325,21,3,84.99
10911,4326,27,1,17.99
10912,4326,20,1,21.99
10913,4326,65,1,9.99
10914,4326,16,2,24.99
10915,4327,17,1,36.99
10916,4327,24,1,149.99
10917,4327,22,2,89.99
10918,4328,42,2,24.99
10919,4328,37,1,22.99
10920,4328,52,3,24.99
10921,4329,53,1,22.99
10922,4330,32,3,14.99
10923,4330,43,3,44.99
10924,4331,66,3,34.99
10925,4331,66,3,34.99
10926,4332,14,3,99.99
10927,4332,10,3,149.99
10928,4332,52,1,24.99
10929,4333,45,3,39.99
10930,4333,56,3,15.99
10931,4334,53,1,22.99
10932,4334,63,2,17.99
10933,4335,36,1,18.99
10934,4335,14,2,99.99
10935,4336,59,3,9.99
10936,4336,66,1,34.99
10937,4336,36,2,18.99
10938,4336,21,2,84.99
10939,4337,55,3,16.99
10940,4338,18,3,26.99
10941,4338,24,1,149.99
10942,4338,11,1,34.99
10943,4338,64,2,21.99
10944,4339,19,3,69.99
10945,4340,35,2,12.99
10946,4340,13,3,139.99
10947,4341,37,3,22.99
10948,4341,17,1,36.99
10949,4341,63,2,17.99
10950,4341,2,2,39.99
10951,4342,67,1,12.99
10952,4343,1,1,129.99
10953,4343,8,2,249.99
10954,4344,65,3,9.99
10955,4344,58,1,12.99
10956,4345,58,3,12.99
10957,4345,65,1,9.99
10958,4345,24,2,149.99
10959,4345,1,1,129.99
10960,4346,16,3,24.99
10961,4346,14,1,99.99
10962,4346,43,3,44.99
10963,4347,61,2,139.99
10964,4347,45,3,39.99
10965,4347,30,2,44.99
10966,4348,47,3,14.99
10967,4348,31,1,9.99
10968,4348,22,1,89.99
10969,4348,4,3,24.99
10970,4349,64,1,21.99
10971,4350,27,1,17.99
10972,4350,8,2,249.99
10973,4350,33,1,13.99
10974,4351,7,1,27.99
10975,4352,31,2,9.99
10976,4352,2,1,39.99
10977,4352,36,1,18.99
10978,4352,48,3,17.99
10979,4353,41,1,17.99
10980,4354,6,1,79.99
10981,4355,30,2,44.99
10982,4355,63,2,17.99
10983,4355,28,1,89.99
10984,4356,46,2,27.99
10985,4356,62,3,9.99
10986,4356,69,3,14.99
10987,4357,68,2,54.99
10988,4358,32,3,14.99
10989,4358,9,3,299.99
10990,4358,16,2,24.99
10991,4358,4,1,24.99
10992,4359,9,1,299.99
10993,4359,20,3,21.99
10994,4359,8,2,249.99
10995,4360,64,3,21.99
10996,4360,50,3,39.99
10997,4360,21,3,84.99
10998,4360,22,1,89.99
10999,4361,62,1,9.99
11000,4362,13,2,139.99
11001,4362,32,1,14.99
11002,4362,7,1,27.99
11003,4362,50,3,39.99
11004,4363,4,3,24.99
11005,4363,8,3,249.99
11006,4363,39,3,39.99
11007,4363,54,1,79.99
11008,4364,49,3,44.99
11009,4364,46,1,27.99
11010,4364,23,2,22.99
11011,4364,13,2,139.99
11012,4365,66,2,34.99
11013,4366,60,2,179.99
11014,4367,26,3,159.99
11015,4367,36,3,18.99
11016,4367,34,1,19.99
11017,4367,39,3,39.99
11018,4368,6,3,79.99
11019,4368,15,2,29.99
11020,4369,1,2,129.99
11021,4369,20,2,21.99
11022,4370,45,3,39.99
11023,4370,31,1,9.99
11024,4370,42,2,24.99
11025,4370,23,2,22.99
11026,4371,17,1,36.99
11027,4371,33,2,13.99
11028,4372,7,2,27.99
11029,4372,17,2,36.99
11030,4372,37,3,22.99
11031,4373,16,1,24.99
11032,4373,14,2,99.99
11033,4373,39,2,39.99
11034,4373,62,3,9.99
11035,4374,6,2,79.99
11036,4374,4,1,24.99
11037,4375,56,2,15.99
11038,4375,26,3,159.99
11039,4375,67,2,12.99
11040,4375,61,1,139.99
11041,4376,29,3,64.99
11042,4376,56,2,15.99
11043,4376,34,3,19.99
11044,4377,12,3,22.99
11045,4377,67,1,12.99
11046,4377,58,3,12.99
11047,4377,2,3,39.99
11048,4378,30,2,44.99
11049,4378,35,3,12.99
11050,4378,49,3,44.99
11051,4378,55,1,16.99
11052,4379,34,3,19.99
11053,4379,21,2,84.99
11054,4379,13,1,139.99
11055,4379,54,3,79.99
11056,4380,41,1,17.99
11057,4381,10,2,149.99
11058,4381,36,3,18.99
11059,4381,33,3,13.99
11060,4382,10,2,149.99
11061,4382,51,3,32.99
11062,4382,50,1,39.99
11063,4383,49,2,44.99
11064,4383,30,2,44.99
11065,4383,61,2,139.99
11066,4384,12,1,22.99
11067,4385,57,2,39.99
11068,4385,39,2,39.99
11069,4385,21,3,84.99
11070,4385,45,1,39.99
11071,4386,36,1,18.99
11072,4386,13,2,139.99
11073,4387,64,1,21.99
11074,4387,39,3,39.99
11075,4388,8,2,249.99
11076,4388,49,1,44.99
11077,4389,43,1,44.99
11078,4389,65,1,9.99
11079,4390,32,2,14.99
11080,4390,59,1,9.99
11081,4390,5,2,89.99
11082,4390,45,1,39.99
11083,4391,22,1,89.99
11084,4392,32,1,14.99
11085,4393,58,3,12.99
11086,4393,16,3,24.99
11087,4393,47,3,14.99
11088,4393,50,2,39.99
11089,4394,20,2,21.99
11090,4394,52,1,24.99
11091,4395,42,3,24.99
11092,4395,44,1,34.99
11093,4395,45,3,39.99
11094,4395,48,2,17.99
11095,4396,69,3,14.99
11096,4396,57,3,39.99
11097,4397,35,3,12.99
11098,4397,5,1,89.99
11099,4397,52,1,24.99
11100,4397,37,1,22.99
11101,4398,62,2,9.99
11102,4399,36,3,18.99
11103,4400,17,2,36.99
11104,4401,14,1,99.99
11105,4401,28,2,89.99
11106,4401,47,1,14.99
11107,4402,59,1,9.99
11108,4402,56,1,15.99
11109,4403,68,2,54.99
11110,4403,9,3,299.99
11111,4404,45,1,39.99
11112,4404,29,1,64.99
11113,4404,10,3,149.99
11114,4404,63,3,17.99
11115,4405,36,1,18.99
11116,4405,69,1,14.99
11117,4406,33,1,13.99
11118,4407,17,1,36.99
11119,4407,18,3,26.99
11120,4408,18,2,26.99
11121,4408,45,3,39.99
11122,4409,65,1,9.99
11123,4409,27,1,17.99
11124,4409,59,2,9.99
11125,4409,46,2,27.99
11126,4410,36,1,18.99
11127,4410,66,2,34.99
11128,4410,24,2,149.99
11129,4410,1,3,129.99
11130,4411,34,1,19.99
11131,4411,11,3,34.99
11132,4411,47,3,14.99
11133,4412,62,2,9.99
11134,4412,37,1,22.99
11135,4413,62,1,9.99
11136,4413,68,2,54.99
11137,4414,5,1,89.99
11138,4415,35,1,12.99
11139,4415,52,3,24.99
11140,4416,69,1,14.99
11141,4416,18,2,26.99
11142,4416,68,1,54.99
11143,4416,25,3,16.99
11144,4417,67,3,12.99
11145,4417,55,1,16.99
11146,4417,17,3,36.99
11147,4418,38,2,18.99
11148,4418,3,1,49.99
11149,4419,37,1,22.99
11150,4419,53,2,22.99
11151,4419,55,1,16.99
11152,4419,68,3,54.99
11153,4420,54,3,79.99
11154,4420,28,1,89.99
11155,4421,62,3,9.99
11156,4421,51,2,32.99
11157,4422,25,2,16.99
11158,4423,43,2,44.99
11159,4423,5,1,89.99
11160,4423,53,1,22.99
11161,4423,52,1,24.99
11162,4424,51,2,32.99
11163,4425,18,3,26.99
11164,4426,46,2,27.99
11165,4426,40,1,49.99
11166,4427,12,2,22.99
11167,4427,52,2,24.99
11168,4428,69,2,14.99
11169,4428,62,2,9.99
11170,4428,1,1,129.99
11171,4428,13,3,139.99
11172,4429,69,3,14.99
11173,4429,50,2,39.99
11174,4429,58,3,12.99
11175,4430,57,1,39.99
11176,4430,50,2,39.99
11177,4430,12,2,22.99
11178,4431,40,1,49.99
11179,4431,29,2,64.99
11180,4431,51,2,32.99
11181,4431,9,1,299.99
11182,4432,29,3,64.99
11183,4432,9,1,299.99
11184,4432,49,2,44.99
11185,4433,17,2,36.99
11186,4433,2,1,39.99
11187,4433,21,1,84.99
11188,4433,28,1,89.99
11189,4434,40,1,49.99
11190,4434,56,3,15.99
11191,4434,11,2,34.99
11192,4434,50,2,39.99
11193,4435,12,1,22.99
11194,4435,18,3,26.99
11195,4435,18,3,26.99
11196,4435,34,3,19.99
11197,4436,30,3,44.99
11198,4437,60,3,179.99
11199,4437,1,3,129.99
11200,4437,15,2,29.99
11201,4437,5,3,89.99
11202,4438,38,1,18.99
11203,4438,69,3,14.99
11204,4439,24,3,149.99
11205,4439,42,1,24.99
11206,4439,20,3,21.99
11207,4439,4,3,24.99
11208,4440,13,3,139.99
11209,4440,20,2,21.99
11210,4440,46,3,27.99
11211,4441,2,3,39.99
11212,4441,40,1,49.99
11213,4442,20,3,21.99
11214,4442,62,1,9.99
11215,4442,34,3,19.99
11216,4442,4,1,24.99
11217,4443,29,2,64.99
11218,4443,42,3,24.99
11219,4443,37,1,22.99
11220,4443,50,2,39.99
11221,4444,9,1,299.99
11222,4444,58,2,12.99
11223,4444,43,3,44.99
11224,4444,14,2,99.99
11225,4445,48,3,17.99
11226,4446,37,1,22.99
11227,4446,42,1,24.99
11228,4446,41,1,17.99
11229,4446,47,1,14.99
11230,4447,1,1,129.99
11231,4448,18,2,26.99
11232,4448,33,3,13.99
11233,4448,39,3,39.99
11234,4449,62,2,9.99
11235,4449,20,1,21.99
11236,4449,25,1,16.99
11237,4450,13,1,139.99
11238,4450,69,1,14.99
11239,4450,22,2,89.99
11240,4450,66,2,34.99
11241,4451,59,1,9.99
11242,4451,39,1,39.99
11243,4452,9,3,299.99
11244,4452,11,2,34.99
11245,4452,52,3,24.99
11246,4452,50,1,39.99
11247,4453,40,2,49.99
11248,4453,68,1,54.99
11249,4454,36,2,18.99
11250,4454,27,1,17.99
11251,4454,48,3,17.99
11252,4454,43,1,44.99
11253,4455,64,1,21.99
11254,4455,54,3,79.99
11255,4456,45,3,39.99
11256,4456,47,1,14.99
11257,4456,68,1,54.99
11258,4457,8,2,249.99
11259,4457,68,2,54.99
11260,4458,13,3,139.99
11261,4458,50,3,39.99
11262,4459,55,2,16.99
11263,4459,9,1,299.99
11264,4460,21,1,84.99
11265,4461,4,3,24.99
11266,4462,13,2,139.99
11267,4463,28,1,89.99
11268,4464,45,2,39.99
11269,4464,26,3,159.99
11270,4464,27,1,17.99
11271,4465,8,3,249.99
11272,4465,6,2,79.99
11273,4466,66,1,34.99
11274,4466,55,2,16.99
11275,4466,27,1,17.99
11276,4466,22,3,89.99
11277,4467,12,1,22.99
11278,4467,46,2,27.99
11279,4467,65,3,9.99
11280,4467,56,1,15.99
11281,4468,3,3,49.99
11282,4468,20,3,21.99
11283,4469,27,2,17.99
11284,4469,36,3,18.99
11285,4469,12,1,22.99
11286,4469,42,3,24.99
11287,4470,61,1,139.99
11288,4470,49,2,44.99
11289,4471,5,1,89.99
11290,4471,30,1,44.99
11291,4471,40,2,49.99
11292,4471,4,1,24.99
11293,4472,51,1,32.99
11294,4472,45,3,39.99
11295,4473,24,1,149.99
11296,4474,5,2,89.99
11297,4474,48,3,17.99
11298,4474,41,3,17.99
11299,4474,3,3,49.99
11300,4475,37,2,22.99
11301,4475,26,1,159.99
11302,4476,42,1,24.99
11303,4476,12,1,22.99
11304,4476,63,2,17.99
11305,4476,38,3,18.99
11306,4477,46,1,27.99
11307,4478,65,1,9.99
11308,4479,16,2,24.99
11309,4479,11,2,34.99
11310,4479,59,1,9.99
11311,4479,47,3,14.99
11312,4480,13,3,139.99
11313,4481,54,3,79.99
11314,4482,4,2,24.99
11315,4482,49,3,44.99
11316,4482,54,2,79.99
11317,4483,4,1,24.99
11318,4483,48,3,17.99
11319,4483,43,1,44.99
11320,4484,27,2,17.99
11321,4484,60,2,179.99
11322,4485,32,1,14.99
11323,4485,53,1,22.99
11324,4485,31,3,9.99
11325,4486,62,2,9.99
11326,4487,39,3,39.99
11327,4488,43,3,44.99
11328,4488,5,3,89.99
11329,4488,49,2,44.99
11330,4488,60,2,179.99
11331,4489,34,2,19.99
11332,4489,68,2,54.99
11333,4489,9,2,299.99
11334,4489,45,1,39.99
11335,4490,24,2,149.99
11336,4490,27,2,17.99
11337,4491,7,3,27.99
11338,4492,56,2,15.99
11339,4492,56,3,15.99
11340,4492,68,3,54.99
11341,4492,24,1,149.99
11342,4493,53,1,22.99
11343,4493,13,1,139.99
11344,4493,41,3,17.99
11345,4493,35,3,12.99
11346,4494,13,3,139.99
11347,4494,9,2,299.99
11348,4494,51,2,32.99
11349,4495,38,3,18.99
11350,4495,35,1,12.99
11351,4495,46,1,27.99
11352,4495,6,3,79.99
11353,4496,8,1,249.99
11354,4496,43,2,44.99
11355,4497,63,1,17.99
11356,4497,55,2,16.99
11357,4497,63,2,17.99
11358,4497,5,2,89.99
11359,4498,67,2,12.99
11360,4498,35,1,12.99
11361,4499,17,3,36.99
11362,4499,58,2,12.99
11363,4499,55,2,16.99
11364,4499,40,1,49.99
11365,4500,41,2,17.99
11366,4500,22,3,89.99
11367,4501,2,1,39.99
11368,4501,41,2,17.99
11369,4501,6,3,79.99
11370,4501,21,2,84.99
11371,4502,35,1,12.99
11372,4502,11,2,34.99
11373,4503,8,2,249.99
11374,4503,36,3,18.99
11375,4503,54,1,79.99
11376,4503,2,1,39.99
11377,4504,9,1,299.99
11378,4504,60,2,179.99
11379,4504,10,1,149.99
11380,4504,4,3,24.99
11381,4505,62,2,9.99
11382,4505,37,3,22.99
11383,4505,1,3,129.99
11384,4505,16,2,24.99
11385,4506,32,2,14.99
11386,4506,30,2,44.99
11387,4506,7,1,27.99
11388,4506,60,1,179.99
11389,4507,55,3,16.99
11390,4507,44,1,34.99
11391,4508,40,1,49.99
11392,4508,24,3,149.99
11393,4508,33,1,13.99
11394,4508,64,3,21.99
11395,4509,61,3,139.99
11396,4509,17,3,36.99
11397,4509,45,2,39.99
11398,4509,68,1,54.99
11399,4510,25,3,16.99
11400,4510,61,2,139.99
11401,4511,58,2,12.99
11402,4511,13,3,139.99
11403,4511,58,2,12.99
11404,4512,62,2,9.99
11405,4512,45,3,39.99
11406,4512,15,2,29.99
11407,4512,18,2,26.99
11408,4513,64,2,21.99
11409,4514,19,1,69.99
11410,4514,20,2,21.99
11411,4515,12,3,22.99
11412,4515,19,2,69.99
11413,4516,25,1,16.99
11414,4516,8,3,249.99
11415,4516,56,2,15.99
11416,4517,29,3,64.99
11417,4517,41,1,17.99
11418,4517,35,1,12.99
11419,4518,61,3,139.99
11420,4518,42,2,24.99
11421,4518,36,1,18.99
11422,4519,53,1,22.99
11423,4519,6,1,79.99
11424,4519,40,2,49.99
11425,4520,4,2,24.99
11426,4520,21,1,84.99
11427,4520,16,1,24.99
11428,4520,47,1,14.99
11429,4521,55,1,16.99
11430,4521,49,2,44.99
11431,4521,23,1,22.99
11432,4522,69,2,14.99
11433,4522,32,3,14.99
11434,4522,51,1,32.99
11435,4522,49,3,44.99
11436,4523,16,2,24.99
11437,4524,67,3,12.99
11438,4524,14,2,99.99
11439,4524,5,3,89.99
11440,4524,40,2,49.99
11441,4525,36,1,18.99
11442,4525,61,1,139.99
11443,4525,65,1,9.99
11444,4525,59,1,9.99
11445,4526,21,1,84.99
11446,4526,18,2,26.99
11447,4527,58,3,12.99
11448,4528,40,1,49.99
11449,4528,27,1,17.99
11450,4528,11,3,34.99
11451,4529,54,3,79.99
11452,4529,7,3,27.99
11453,4530,68,3,54.99
11454,4531,46,1,27.99
11455,4532,18,2,26.99
11456,4533,39,3,39.99
11457,4533,58,2,12.99
11458,4533,60,3,179.99
11459,4533,66,3,34.99
11460,4534,50,3,39.99
11461,4534,51,3,32.99
11462,4534,24,2,149.99
11463,4534,2,1,39.99
11464,4535,45,3,39.99
11465,4536,15,2,29.99
11466,4536,4,1,24.99
11467,4536,5,2,89.99
11468,4537,52,2,24.99
11469,4538,18,1,26.99
11470,4539,67,3,12.99
11471,4539,17,3,36.99
11472,4539,57,3,39.99
11473,4540,32,1,14.99
11474,4540,63,3,17.99
11475,4540,13,2,139.99
11476,4541,17,1,36.99
11477,4541,32,1,14.99
11478,4542,53,1,22.99
11479,4542,25,2,16.99
11480,4542,56,3,15.99
11481,4543,12,3,22.99
11482,4543,52,1,24.99
11483,4543,42,2,24.99
11484,4544,14,3,99.99
11485,4544,53,3,22.99
11486,4544,51,1,32.99
11487,4544,10,3,149.99
11488,4545,53,1,22.99
11489,4546,65,2,9.99
11490,4546,69,3,14.99
11491,4547,5,1,89.99
11492,4548,6,3,79.99
11493,4548,44,3,34.99
11494,4548,15,2,29.99
11495,4548,30,1,44.99
11496,4549,28,1,89.99
11497,4549,8,2,249.99
11498,4550,33,3,13.99
11499,4550,17,2,36.99
11500,4551,62,2,9.99
11501,4551,27,3,17.99
11502,4551,27,3,17.99
11503,4552,39,3,39.99
11504,4552,57,2,39.99
11505,4552,36,2,18.99
11506,4552,28,3,89.99
11507,4553,26,2,159.99
11508,4553,62,2,9.99
11509,4554,55,1,16.99
11510,4555,19,3,69.99
11511,4555,62,1,9.99
11512,4555,32,2,14.99
11513,4555,53,3,22.99
11514,4556,35,1,12.99
11515,4556,45,1,39.99
11516,4556,41,2,17.99
11517,4557,54,2,79.99
11518,4558,28,3,89.99
11519,4558,44,1,34.99
11520,4559,31,3,9.99
11521,4559,31,2,9.99
11522,4560,67,3,12.99
11523,4560,68,2,54.99
11524,4560,8,3,249.99
11525,4561,27,3,17.99
11526,4561,44,1,34.99
11527,4561,37,3,22.99
11528,4561,32,3,14.99
11529,4562,29,3,64.99
11530,4563,27,3,17.99
11531,4563,43,3,44.99
11532,4563,21,3,84.99
11533,4564,14,3,99.99
11534,4564,27,3,17.99
11535,4564,38,3,18.99
11536,4565,68,3,54.99
11537,4566,10,3,149.99
11538,4566,10,2,149.99
11539,4566,28,1,89.99
11540,4567,40,3,49.99
11541,4567,22,1,89.99
11542,4567,50,1,39.99
11543,4568,36,1,18.99
11544,4568,31,2,9.99
11545,4569,64,1,21.99
11546,4569,63,2,17.99
11547,4569,65,1,9.99
11548,4570,65,3,9.99
11549,4570,53,1,22.99
11550,4571,66,2,34.99
11551,4571,68,3,54.99
11552,4572,62,1,9.99
11553,4572,32,2,14.99
11554,4572,40,1,49.99
11555,4573,24,1,149.99
11556,4573,3,2,49.99
11557,4573,50,3,39.99
11558,4574,57,2,39.99
11559,4575,35,3,12.99
11560,4575,13,3,139.99
11561,4575,5,1,89.99
11562,4575,34,1,19.99
11563,4576,8,3,249.99
11564,4577,40,3,49.99
11565,4577,12,2,22.99
11566,4578,24,2,149.99
11567,4578,61,1,139.99
11568,4578,42,1,24.99
11569,4578,31,2,9.99
11570,4579,35,2,12.99
11571,4579,67,1,12.99
11572,4580,39,3,39.99
11573,4580,21,2,84.99
11574,4581,42,3,24.99
11575,4581,39,1,39.99
11576,4582,23,3,22.99
11577,4582,16,2,24.99
11578,4582,22,3,89.99
11579,4583,5,3,89.99
11580,4583,9,1,299.99
11581,4583,56,3,15.99
11582,4583,19,2,69.99
11583,4584,3,3,49.99
11584,4585,9,3,299.99
11585,4585,7,2,27.99
11586,4585,39,3,39.99
11587,4585,54,3,79.99
11588,4586,51,2,32.99
11589,4586,36,3,18.99
11590,4586,6,2,79.99
11591,4587,23,3,22.99
11592,4587,3,3,49.99
11593,4587,55,2,16.99
11594,4587,46,2,27.99
11595,4588,34,3,19.99
11596,4588,66,1,34.99
11597,4588,46,3,27.99
11598,4588,1,1,129.99
11599,4589,68,3,54.99
11600,4589,40,1,49.99
11601,4590,20,2,21.99
11602,4590,1,1,129.99
11603,4591,52,2,24.99
11604,4591,39,3,39.99
11605,4591,2,3,39.99
11606,4591,33,2,13.99
11607,4592,30,1,44.99
11608,4592,5,2,89.99
11609,4592,27,2,17.99
11610,4593,66,1,34.99
11611,4593,39,2,39.99
11612,4593,1,2,129.99
11613,4593,9,2,299.99
11614,4594,50,1,39.99
11615,4595,69,2,14.99
11616,4595,11,3,34.99
11617,4596,67,1,12.99
11618,4596,20,3,21.99
11619,4596,52,2,24.99
11620,4596,36,3,18.99
11621,4597,49,1,44.99
11622,4597,62,3,9.99
11623,4597,41,2,17.99
11624,4597,4,1,24.99
11625,4598,47,1,14.99
11626,4598,14,3,99.99
11627,4599,24,3,149.99
11628,4599,32,1,14.99
11629,4599,38,1,18.99
11630,4600,19,1,69.99
11631,4600,34,2,19.99
11632,4600,48,2,17.99
11633,4601,27,2,17.99
11634,4601,42,2,24.99
11635,4602,32,3,14.99
11636,4603,14,1,99.99
11637,4603,64,3,21.99
11638,4603,57,3,39.99
11639,4604,11,2,34.99
11640,4605,19,1,69.99
11641,4605,34,2,19.99
11642,4605,59,1,9.99
11643,4606,26,1,159.99
11644,4606,23,3,22.99
11645,4606,58,3,12.99
11646,4606,57,2,39.99
11647,4607,57,1,39.99
11648,4607,43,1,44.99
11649,4607,23,2,22.99
11650,4608,38,2,18.99
11651,4608,39,3,39.99
11652,4609,64,3,21.99
11653,4609,27,2,17.99
11654,4609,64,2,21.99
11655,4610,48,1,17.99
11656,4610,13,1,139.99
11657,4611,18,3,26.99
11658,4611,21,1,84.99
11659,4611,14,3,99.99
11660,4611,4,2,24.99
11661,4612,10,3,149.99
11662,4612,68,3,54.99
11663,4612,27,2,17.99
11664,4612,37,2,22.99
11665,4613,26,1,159.99
11666,4613,36,2,18.99
11667,4613,32,2,14.99
11668,4614,16,3,24.99
11669,4615,50,3,39.99
11670,4615,2,2,39.99
11671,4615,68,1,54.99
11672,4615,35,1,12.99
11673,4616,1,1,129.99
11674,4616,34,2,19.99
11675,4616,6,3,79.99
11676,4617,1,2,129.99
11677,4618,56,2,15.99
11678,4618,39,2,39.99
11679,4618,17,2,36.99
11680,4619,55,1,16.99
11681,4619,21,1,84.99
11682,4619,44,3,34.99
11683,4620,23,3,22.99
11684,4620,20,3,21.99
11685,4620,39,1,39.99
11686,4621,30,2,44.99
11687,4621,27,3,17.99
11688,4622,59,1,9.99
11689,4623,12,2,22.99
11690,4623,21,2,84.99
11691,4624,7,1,27.99
11692,4624,26,3,159.99
11693,4625,51,3,32.99
11694,4625,25,2,16.99
11695,4625,16,1,24.99
11696,4626,16,1,24.99
11697,4626,48,1,17.99
11698,4626,68,1,54.99
11699,4627,40,1,49.99
11700,4627,37,3,22.99
11701,4627,3,2,49.99
11702,4628,23,3,22.99
11703,4628,15,2,29.99
11704,4629,26,1,159.99
11705,4629,54,2,79.99
11706,4629,35,2,12.99
11707,4630,39,2,39.99
11708,4630,65,1,9.99
11709,4631,65,3,9.99
11710,4631,26,2,159.99
11711,4631,45,1,39.99
11712,4632,21,2,84.99
11713,4632,14,3,99.99
11714,4633,15,3,29.99
11715,4633,36,1,18.99
11716,4633,57,3,39.99
11717,4634,26,3,159.99
11718,4635,13,2,139.99
11719,4635,59,3,9.99
11720,4636,67,2,12.99
11721,4637,10,2,149.99
11722,4638,14,3,99.99
11723,4638,9,3,299.99
11724,4638,32,3,14.99
11725,4639,40,2,49.99
11726,4639,3,2,49.99
11727,4639,33,3,13.99
11728,4639,49,1,44.99
11729,4640,11,3,34.99
11730,4640,35,1,12.99
11731,4640,1,3,129.99
11732,4640,53,2,22.99
11733,4641,44,3,34.99
11734,4642,41,2,17.99
11735,4643,35,2,12.99
11736,4643,38,3,18.99
11737,4644,31,1,9.99
11738,4644,2,1,39.99
11739,4644,41,3,17.99
11740,4644,57,2,39.99
11741,4645,30,3,44.99
11742,4645,48,1,17.99
11743,4645,24,2,149.99
11744,4645,19,3,69.99
11745,4646,2,3,39.99
11746,4647,53,2,22.99
11747,4648,1,3,129.99
11748,4648,62,1,9.99
11749,4649,1,3,129.99
11750,4649,22,2,89.99
11751,4650,37,1,22.99
11752,4650,32,1,14.99
11753,4650,56,1,15.99
11754,4650,15,1,29.99
11755,4651,52,1,24.99
11756,4651,12,2,22.99
11757,4651,26,1,159.99
11758,4652,19,1,69.99
11759,4653,5,3,89.99
11760,4654,62,1,9.99
11761,4654,56,1,15.99
11762,4655,8,1,249.99
11763,4656,48,2,17.99
11764,4656,22,1,89.99
11765,4657,49,2,44.99
11766,4657,3,1,49.99
11767,4657,22,3,89.99
11768,4658,54,3,79.99
11769,4658,44,3,34.99
11770,4658,1,3,129.99
11771,4659,14,2,99.99
11772,4660,56,1,15.99
11773,4660,27,2,17.99
11774,4661,42,3,24.99
11775,4661,54,1,79.99
11776,4662,56,2,15.99
11777,4662,27,3,17.99
11778,4662,4,3,24.99
11779,4662,30,1,44.99
11780,4663,40,1,49.99
11781,4663,13,2,139.99
11782,4663,21,2,84.99
11783,4664,12,3,22.99
11784,4665,52,3,24.99
11785,4665,34,1,19.99
11786,4665,35,3,12.99
11787,4665,15,1,29.99
11788,4666,7,1,27.99
11789,4667,46,1,27.99
11790,4668,30,1,44.99
11791,4668,55,3,16.99
11792,4668,10,1,149.99
11793,4669,11,3,34.99
11794,4669,10,2,149.99
11795,4670,52,1,24.99
11796,4670,2,3,39.99
11797,4670,53,3,22.99
11798,4671,66,3,34.99
11799,4671,69,1,14.99
11800,4671,23,2,22.99
11801,4671,14,3,99.99
11802,4672,26,2,159.99
11803,4672,10,2,149.99
11804,4672,29,3,64.99
11805,4672,38,3,18.99
11806,4673,60,3,179.99
11807,4673,46,3,27.99
11808,4673,42,3,24.99
11809,4673,48,3,17.99
11810,4674,34,2,19.99
11811,4674,61,2,139.99
11812,4674,21,1,84.99
11813,4674,51,3,32.99
11814,4675,13,2,139.99
11815,4675,41,1,17.99
11816,4676,56,2,15.99
11817,4676,54,3,79.99
11818,4676,28,1,89.99
11819,4676,44,3,34.99
11820,4677,38,2,18.99
11821,4677,65,1,9.99
11822,4677,58,3,12.99
11823,4678,15,2,29.99
11824,4678,47,3,14.99
11825,4678,62,2,9.99
11826,4678,56,2,15.99
11827,4679,33,1,13.99
11828,4679,1,1,129.99
11829,4679,63,3,17.99
11830,4680,67,2,12.99
11831,4681,60,3,179.99
11832,4681,24,1,149.99
11833,4681,38,3,18.99
11834,4681,19,1,69.99
11835,4682,8,2,249.99
11836,4683,49,2,44.99
11837,4683,40,1,49.99
11838,4683,49,3,44.99
11839,4684,44,2,34.99
11840,4685,42,3,24.99
11841,4685,31,2,9.99
11842,4686,23,3,22.99
11843,4686,51,3,32.99
11844,4686,9,1,299.99
11845,4686,48,2,17.99
11846,4687,20,3,21.99
11847,4688,47,3,14.99
11848,4688,67,2,12.99
11849,4688,4,1,24.99
11850,4688,31,3,9.99
11851,4689,12,2,22.99
11852,4689,22,3,89.99
11853,4689,30,2,44.99
11854,4689,20,3,21.99
11855,4690,57,1,39.99
11856,4690,1,3,129.99
11857,4690,52,2,24.99
11858,4691,56,3,15.99
11859,4691,63,3,17.99
11860,4692,59,1,9.99
11861,4692,11,1,34.99
11862,4693,7,1,27.99
11863,4693,62,2,9.99
11864,4694,49,2,44.99
11865,4695,34,3,19.99
11866,4696,3,3,49.99
11867,4696,45,3,39.99
11868,4696,69,1,14.99
11869,4696,10,2,149.99
11870,4697,27,3,17.99
11871,4697,19,3,69.99
11872,4697,52,2,24.99
11873,4698,60,1,179.99
11874,4698,50,2,39.99
11875,4698,49,2,44.99
11876,4698,59,1,9.99
11877,4699,7,3,27.99
11878,4699,35,1,12.99
11879,4699,53,1,22.99
11880,4700,48,2,17.99
11881,4700,31,3,9.99
11882,4700,7,2,27.99
11883,4701,64,2,21.99
11884,4701,66,1,34.99
11885,4702,57,2,39.99
11886,4702,16,2,24.99
11887,4702,67,1,12.99
11888,4702,8,3,249.99
11889,4703,55,2,16.99
11890,4704,38,2,18.99
11891,4704,16,2,24.99
11892,4704,33,1,13.99
11893,4705,43,1,44.99
11894,4705,30,3,44.99
11895,4706,5,2,89.99
11896,4706,38,1,18.99
11897,4706,47,1,14.99
11898,4707,58,2,12.99
11899,4707,33,1,13.99
11900,4708,27,3,17.99
11901,4708,39,3,39.99
11902,4708,10,3,149.99
11903,4709,30,1,44.99
11904,4709,5,2,89.99
11905,4710,11,1,34.99
11906,4711,12,2,22.99
11907,4711,29,3,64.99
11908,4711,26,1,159.99
11909,4711,10,2,149.99
11910,4712,22,1,89.99
11911,4712,45,3,39.99
11912,4713,61,1,139.99
11913,4713,32,2,14.99
11914,4713,62,2,9.99
11915,4714,45,2,39.99
11916,4715,51,2,32.99
11917,4715,23,1,22.99
11918,4715,43,3,44.99
11919,4716,63,2,17.99
11920,4716,42,1,24.99
11921,4717,59,1,9.99
11922,4717,11,2,34.99
11923,4717,21,2,84.99
11924,4718,2,2,39.99
11925,4718,15,1,29.99
11926,4718,58,3,12.99
11927,4718,69,1,14.99
11928,4719,35,1,12.99
11929,4719,67,3,12.99
11930,4719,60,2,179.99
11931,4720,34,2,19.99
11932,4720,48,2,17.99
11933,4720,52,1,24.99
11934,4720,2,3,39.99
11935,4721,34,2,19.99
11936,4721,10,1,149.99
11937,4721,18,3,26.99
11938,4721,35,3,12.99
11939,4722,7,3,27.99
11940,4722,47,3,14.99
11941,4722,64,2,21.99
11942,4722,27,1,17.99
11943,4723,3,1,49.99
11944,4723,62,3,9.99
11945,4723,46,3,27.99
11946,4724,24,2,149.99
11947,4725,57,3,39.99
11948,4725,5,1,89.99
11949,4725,62,3,9.99
11950,4725,16,3,24.99
11951,4726,21,2,84.99
11952,4726,65,3,9.99
11953,4727,51,3,32.99
11954,4727,29,1,64.99
11955,4728,10,1,149.99
11956,4729,55,3,16.99
11957,4729,49,1,44.99
11958,4729,23,2,22.99
11959,4730,68,2,54.99
11960,4731,4,2,24.99
11961,4731,4,2,24.99
11962,4731,40,3,49.99
11963,4732,27,2,17.99
11964,4733,25,2,16.99
11965,4733,43,2,44.99
11966,4733,24,2,149.99
11967,4733,66,2,34.99
11968,4734,44,1,34.99
11969,4734,10,1,149.99
11970,4735,36,1,18.99
11971,4736,16,1,24.99
11972,4736,58,1,12.99
11973,4736,57,1,39.99
11974,4737,46,1,27.99
11975,4737,37,3,22.99
11976,4737,18,3,26.99
11977,4738,41,1,17.99
11978,4739,7,2,27.99
11979,4739,60,1,179.99
11980,4739,44,1,34.99
11981,4740,7,2,27.99
11982,4740,1,1,129.99
11983,4740,18,1,26.99
11984,4741,55,2,16.99
11985,4741,13,2,139.99
11986,4742,27,2,17.99
11987,4742,64,3,21.99
11988,4742,64,2,21.99
11989,4742,21,1,84.99
11990,4743,15,2,29.99
11991,4743,44,1,34.99
11992,4743,1,2,129.99
11993,4743,33,3,13.99
11994,4744,66,1,34.99
11995,4745,60,1,179.99
11996,4745,60,1,179.99
11997,4746,61,1,139.99
11998,4746,1,1,129.99
11999,4746,12,3,22.99
12000,4747,58,3,12.99
12001,4747,34,1,19.99
12002,4747,47,1,14.99
12003,4747,35,2,12.99
12004,4748,64,3,21.99
12005,4748,2,1,39.99
12006,4748,11,1,34.99
12007,4748,41,3,17.99
12008,4749,18,2,26.99
12009,4749,17,3,36.99
12010,4749,17,1,36.99
12011,4750,11,3,34.99
12012,4751,10,1,149.99
12013,4751,26,2,159.99
12014,4751,64,2,21.99
12015,4752,25,1,16.99
12016,4752,24,3,149.99
12017,4753,6,2,79.99
12018,4753,10,1,149.99
12019,4753,3,1,49.99
12020,4754,48,2,17.99
12021,4755,63,3,17.99
12022,4756,46,1,27.99
12023,4757,16,3,24.99
12024,4757,47,2,14.99
12025,4757,60,1,179.99
12026,4757,25,1,16.99
12027,4758,68,3,54.99
12028,4758,68,3,54.99
12029,4758,59,2,9.99
12030,4759,23,2,22.99
12031,4759,68,1,54.99
12032,4759,52,1,24.99
12033,4760,21,2,84.99
12034,4761,67,1,12.99
12035,4762,13,3,139.99
12036,4763,51,2,32.99
12037,4763,49,3,44.99
12038,4764,57,3,39.99
12039,4765,56,2,15.99
12040,4765,33,2,13.99
12041,4765,61,2,139.99
12042,4765,31,3,9.99
12043,4766,43,3,44.99
12044,4767,66,2,34.99
12045,4767,1,2,129.99
12046,4768,42,3,24.99
12047,4768,11,2,34.99
12048,4768,31,1,9.99
12049,4769,59,1,9.99
12050,4769,64,1,21.99
12051,4769,61,2,139.99
12052,4770,41,1,17.99
12053,4770,67,2,12.99
12054,4770,15,3,29.99
12055,4771,8,1,249.99
12056,4771,8,1,249.99
12057,4771,5,2,89.99
12058,4771,12,2,22.99
12059,4772,11,2,34.99
12060,4772,45,3,39.99
12061,4772,59,2,9.99
12062,4772,31,3,9.99
12063,4773,3,3,49.99
12064,4773,43,3,44.99
12065,4773,36,3,18.99
12066,4773,10,3,149.99
12067,4774,24,2,149.99
12068,4774,24,1,149.99
12069,4775,31,1,9.99
12070,4776,52,3,24.99
12071,4776,42,3,24.99
12072,4776,54,3,79.99
12073,4777,13,1,139.99
12074,4778,39,3,39.99
12075,4779,26,3,159.99
12076,4779,56,2,15.99
12077,4780,11,2,34.99
12078,4780,53,2,22.99
12079,4781,33,1,13.99
12080,4781,1,3,129.99
12081,4781,63,1,17.99
12082,4781,3,3,49.99
12083,4782,27,2,17.99
12084,4782,30,2,44.99
12085,4782,56,1,15.99
12086,4782,35,3,12.99
12087,4783,30,1,44.99
12088,4783,27,2,17.99
12089,4784,28,2,89.99
12090,4784,65,2,9.99
12091,4784,8,2,249.99
12092,4784,48,1,17.99
12093,4785,32,1,14.99
12094,4785,45,2,39.99
12095,4786,9,1,299.99
12096,4786,59,1,9.99
12097,4786,69,2,14.99
12098,4786,14,1,99.99
12099,4787,42,2,24.99
12100,4788,22,3,89.99
12101,4788,52,3,24.99
12102,4788,24,3,149.99
12103,4788,46,2,27.99
12104,4789,45,1,39.99
12105,4789,34,2,19.99
12106,4790,7,2,27.99
12107,4790,60,2,179.99
12108,4791,29,1,64.99
12109,4791,13,2,139.99
12110,4792,20,1,21.99
12111,4792,16,2,24.99
12112,4793,2,2,39.99
12113,4793,54,1,79.99
12114,4793,37,1,22.99
12115,4794,66,2,34.99
12116,4794,14,1,99.99
12117,4795,12,3,22.99
12118,4795,63,2,17.99
12119,4795,53,1,22.99
12120,4796,52,1,24.99
12121,4796,6,1,79.99
12122,4796,54,1,79.99
12123,4796,8,2,249.99
12124,4797,41,2,17.99
12125,4798,22,2,89.99
12126,4798,27,2,17.99
12127,4799,10,1,149.99
12128,4799,40,1,49.99
12129,4799,41,1,17.99
12130,4799,63,1,17.99
12131,4800,48,1,17.99
12132,4800,13,1,139.99
12133,4800,14,2,99.99
12134,4801,32,1,14.99
12135,4801,59,2,9.99
12136,4801,68,2,54.99
12137,4802,53,2,22.99
12138,4802,66,3,34.99
12139,4802,13,2,139.99
12140,4803,17,1,36.99
12141,4803,40,3,49.99
12142,4804,54,1,79.99
12143,4805,48,1,17.99
12144,4806,3,3,49.99
12145,4806,36,2,18.99
12146,4806,34,1,19.99
12147,4806,34,3,19.99
12148,4807,42,1,24.99
12149,4807,34,2,19.99
12150,4808,64,2,21.99
12151,4809,45,2,39.99
12152,4810,66,3,34.99
12153,4810,37,3,22.99
12154,4810,27,3,17.99
12155,4811,26,3,159.99
12156,4812,21,1,84.99
12157,4812,37,3,22.99
12158,4812,36,1,18.99
12159,4813,44,3,34.99
12160,4813,59,2,9.99
12161,4814,62,2,9.99
12162,4814,35,1,12.99
12163,4814,34,3,19.99
12164,4815,27,3,17.99
12165,4816,25,1,16.99
12166,4816,42,2,24.99
12167,4816,27,1,17.99
12168,4817,53,3,22.99
12169,4817,47,2,14.99
12170,4817,65,2,9.99
12171,4818,22,2,89.99
12172,4818,16,3,24.99
12173,4819,31,1,9.99
12174,4819,18,1,26.99
12175,4819,57,1,39.99
12176,4819,22,1,89.99
12177,4820,15,2,29.99
12178,4820,26,1,159.99
12179,4820,13,3,139.99
12180,4820,6,1,79.99
12181,4821,58,3,12.99
12182,4821,55,2,16.99
12183,4821,37,2,22.99
12184,4821,2,2,39.99
12185,4822,20,2,21.99
12186,4822,36,1,18.99
12187,4822,10,1,149.99
12188,4823,7,2,27.99
12189,4823,17,3,36.99
12190,4823,51,2,32.99
12191,4824,39,3,39.99
12192,4824,30,3,44.99
12193,4824,18,1,26.99
12194,4824,55,2,16.99
12195,4825,30,1,44.99
12196,4825,63,2,17.99
12197,4825,20,1,21.99
12198,4826,40,1,49.99
12199,4827,60,2,179.99
12200,4827,2,2,39.99
12201,4827,43,2,44.99
12202,4828,35,3,12.99
12203,4829,52,1,24.99
12204,4829,49,3,44.99
12205,4829,48,2,17.99
12206,4830,40,3,49.99
12207,4830,63,3,17.99
12208,4830,14,2,99.99
12209,4831,41,1,17.99
12210,4831,16,2,24.99
12211,4831,58,3,12.99
12212,4831,69,3,14.99
12213,4832,18,2,26.99
12214,4832,56,2,15.99
12215,4832,67,2,12.99
12216,4832,14,3,99.99
12217,4833,63,1,17.99
12218,4833,61,1,139.99
12219,4833,39,2,39.99
12220,4833,45,1,39.99
12221,4834,24,3,149.99
12222,4834,30,1,44.99
12223,4835,68,1,54.99
12224,4835,35,2,12.99
12225,4835,45,1,39.99
12226,4835,50,2,39.99
12227,4836,59,3,9.99
12228,4836,62,2,9.99
12229,4836,20,1,21.99
12230,4837,38,2,18.99
12231,4838,61,3,139.99
12232,4839,3,3,49.99
12233,4839,51,3,32.99
12234,4839,41,2,17.99
12235,4840,40,2,49.99
12236,4840,25,2,16.99
12237,4840,50,3,39.99
12238,4840,17,2,36.99
12239,4841,68,1,54.99
12240,4841,40,3,49.99
12241,4841,10,3,149.99
12242,4842,32,2,14.99
12243,4842,41,1,17.99
12244,4842,11,1,34.99
12245,4843,3,3,49.99
12246,4843,6,3,79.99
12247,4843,3,2,49.99
12248,4843,4,2,24.99
12249,4844,56,1,15.99
12250,4844,66,2,34.99
12251,4844,51,1,32.99
12252,4844,22,1,89.99
12253,4845,27,2,17.99
12254,4845,9,1,299.99
12255,4846,4,3,24.99
12256,4846,27,3,17.99
12257,4846,57,3,39.99
12258,4847,6,1,79.99
12259,4848,49,2,44.99
12260,4849,29,3,64.99
12261,4849,45,1,39.99
12262,4849,30,1,44.99
12263,4850,40,3,49.99
12264,4850,43,2,44.99
12265,4851,51,2,32.99
12266,4851,30,2,44.99
12267,4851,26,1,159.99
12268,4852,43,3,44.99
12269,4852,24,1,149.99
12270,4853,8,3,249.99
12271,4853,12,3,22.99
12272,4854,14,1,99.99
12273,4855,45,1,39.99
12274,4856,8,3,249.99
12275,4856,38,3,18.99
12276,4856,26,2,159.99
12277,4856,15,3,29.99
12278,4857,14,1,99.99
12279,4858,16,3,24.99
12280,4858,28,2,89.99
12281,4859,25,1,16.99
12282,4860,22,3,89.99
12283,4860,8,1,249.99
12284,4860,18,3,26.99
12285,4861,55,2,16.99
12286,4862,8,1,249.99
12287,4863,53,1,22.99
12288,4864,4,3,24.99
12289,4864,14,3,99.99
12290,4864,25,3,16.99
12291,4865,40,1,49.99
12292,4865,42,1,24.99
12293,4865,25,1,16.99
12294,4866,49,2,44.99
12295,4866,47,2,14.99
12296,4866,21,2,84.99
12297,4867,36,3,18.99
12298,4867,25,2,16.99
12299,4867,13,2,139.99
12300,4867,14,2,99.99
12301,4868,62,3,9.99
12302,4868,17,1,36.99
12303,4869,57,1,39.99
12304,4869,58,2,12.99
12305,4869,38,2,18.99
12306,4869,45,3,39.99
12307,4870,58,1,12.99
12308,4870,53,1,22.99
12309,4870,55,3,16.99
12310,4870,12,1,22.99
12311,4871,36,1,18.99
12312,4871,56,1,15.99
12313,4871,43,2,44.99
12314,4871,28,3,89.99
12315,4872,41,1,17.99
12316,4872,61,2,139.99
12317,4872,21,2,84.99
12318,4873,42,3,24.99
12319,4873,26,2,159.99
12320,4873,40,3,49.99
12321,4874,33,1,13.99
12322,4874,47,2,14.99
12323,4875,59,3,9.99
12324,4875,57,1,39.99
12325,4875,55,3,16.99
12326,4875,38,2,18.99
12327,4876,36,1,18.99
12328,4877,29,3,64.99
12329,4877,30,1,44.99
12330,4877,26,3,159.99
12331,4878,13,2,139.99
12332,4878,45,3,39.99
12333,4878,49,3,44.99
12334,4878,41,3,17.99
12335,4879,35,2,12.99
12336,4880,40,2,49.99
12337,4880,11,2,34.99
12338,4880,49,2,44.99
12339,4880,6,2,79.99
12340,4881,33,3,13.99
12341,4881,23,2,22.99
12342,4881,66,2,34.99
12343,4882,6,2,79.99
12344,4882,60,2,179.99
12345,4882,50,1,39.99
12346,4883,35,3,12.99
12347,4883,64,2,21.99
12348,4883,69,2,14.99
12349,4884,56,1,15.99
12350,4884,68,1,54.99
12351,4884,22,2,89.99
12352,4884,15,3,29.99
12353,4885,11,3,34.99
12354,4886,28,1,89.99
12355,4886,24,3,149.99
12356,4886,69,2,14.99
12357,4886,53,1,22.99
12358,4887,35,3,12.99
12359,4887,9,2,299.99
12360,4888,55,1,16.99
12361,4888,17,3,36.99
12362,4888,39,1,39.99
12363,4889,40,1,49.99
12364,4889,43,1,44.99
12365,4889,33,2,13.99
12366,4889,25,1,16.99
12367,4890,30,1,44.99
12368,4890,52,1,24.99
12369,4890,19,1,69.99
12370,4890,20,2,21.99
12371,4891,48,2,17.99
12372,4891,69,1,14.99
12373,4891,54,2,79.99
12374,4892,34,3,19.99
12375,4892,68,3,54.99
12376,4892,8,1,249.99
12377,4893,19,2,69.99
12378,4893,7,2,27.99
12379,4893,29,1,64.99
12380,4893,61,1,139.99
12381,4894,57,1,39.99
12382,4894,62,3,9.99
12383,4894,47,2,14.99
12384,4894,61,1,139.99
12385,4895,59,2,9.99
12386,4895,48,2,17.99
12387,4895,37,1,22.99
12388,4896,47,1,14.99
12389,4896,20,1,21.99
12390,4897,18,1,26.99
12391,4897,47,2,14.99
12392,4898,5,2,89.99
12393,4898,41,3,17.99
12394,4898,29,2,64.99
12395,4898,38,1,18.99
12396,4899,35,1,12.99
12397,4899,28,2,89.99
12398,4900,11,1,34.99
12399,4900,1,3,129.99
12400,4900,56,3,15.99
12401,4900,22,1,89.99
12402,4901,26,1,159.99
12403,4901,54,1,79.99
12404,4901,22,2,89.99
12405,4902,8,1,249.99
12406,4903,36,3,18.99
12407,4903,6,2,79.99
12408,4903,63,2,17.99
12409,4903,37,3,22.99
12410,4904,31,3,9.99
12411,4905,47,3,14.99
12412,4905,69,2,14.99
12413,4905,57,2,39.99
12414,4906,63,1,17.99
12415,4907,23,2,22.99
12416,4908,1,2,129.99
12417,4908,13,3,139.99
12418,4908,30,1,44.99
12419,4908,40,1,49.99
12420,4909,29,3,64.99
12421,4909,15,3,29.99
12422,4909,10,3,149.99
12423,4909,51,1,32.99
12424,4910,53,3,22.99
12425,4910,53,2,22.99
12426,4910,34,2,19.99
12427,4911,16,3,24.99
12428,4911,49,3,44.99
12429,4911,23,3,22.99
12430,4911,65,3,9.99
12431,4912,33,3,13.99
12432,4912,25,2,16.99
12433,4912,39,1,39.99
12434,4913,20,3,21.99
12435,4914,60,1,179.99
12436,4914,33,3,13.99
12437,4914,10,2,149.99
12438,4915,16,2,24.99
12439,4916,8,2,249.99
12440,4916,31,1,9.99
12441,4917,39,1,39.99
12442,4918,23,2,22.99
12443,4918,9,2,299.99
12444,4919,56,1,15.99
12445,4919,58,2,12.99
12446,4919,44,3,34.99
12447,4919,38,1,18.99
12448,4920,56,2,15.99
12449,4920,41,3,17.99
12450,4920,60,1,179.99
12451,4921,60,1,179.99
12452,4921,40,1,49.99
12453,4922,38,1,18.99
12454,4923,67,1,12.99
12455,4923,25,1,16.99
12456,4923,12,3,22.99
12457,4923,62,2,9.99
12458,4924,25,3,16.99
12459,4924,54,1,79.99
12460,4925,26,3,159.99
12461,4925,38,2,18.99
12462,4925,1,2,129.99
12463,4926,48,2,17.99
12464,4926,37,1,22.99
12465,4926,57,3,39.99
12466,4926,59,2,9.99
12467,4927,36,3,18.99
12468,4927,25,3,16.99
12469,4927,7,3,27.99
12470,4927,40,3,49.99
12471,4928,11,1,34.99
12472,4928,8,1,249.99
12473,4928,45,2,39.99
12474,4928,12,3,22.99
12475,4929,1,3,129.99
12476,4929,4,3,24.99
12477,4929,57,3,39.99
12478,4930,53,3,22.99
12479,4930,3,1,49.99
12480,4930,57,2,39.99
12481,4931,9,3,299.99
12482,4932,30,3,44.99
12483,4932,56,2,15.99
12484,4933,66,2,34.99
12485,4933,20,1,21.99
12486,4933,56,2,15.99
12487,4933,44,2,34.99
12488,4934,26,2,159.99
12489,4934,6,2,79.99
12490,4934,7,1,27.99
12491,4935,38,2,18.99
12492,4935,2,2,39.99
12493,4935,28,2,89.99
12494,4936,54,3,79.99
12495,4936,17,1,36.99
12496,4937,28,2,89.99
12497,4937,6,2,79.99
12498,4938,6,2,79.99
12499,4938,15,2,29.99
12500,4939,42,1,24.99
12501,4939,23,2,22.99
12502,4940,58,3,12.99
12503,4940,62,2,9.99
12504,4940,23,2,22.99
12505,4940,20,1,21.99
12506,4941,10,3,149.99
12507,4941,27,2,17.99
12508,4941,68,1,54.99
12509,4941,10,3,149.99
12510,4942,16,1,24.99
12511,4942,48,1,17.99
12512,4943,33,2,13.99
12513,4943,51,2,32.99
12514,4943,44,1,34.99
12515,4943,21,2,84.99
12516,4944,16,2,24.99
12517,4944,5,3,89.99
12518,4944,15,1,29.99
12519,4944,38,2,18.99
12520,4945,57,3,39.99
12521,4945,59,2,9.99
12522,4946,27,1,17.99
12523,4946,30,3,44.99
12524,4946,41,2,17.99
12525,4946,22,3,89.99
12526,4947,8,1,249.99
12527,4947,8,1,249.99
12528,4947,5,2,89.99
12529,4947,17,3,36.99
12530,4948,30,2,44.99
12531,4948,57,3,39.99
12532,4948,51,1,32.99
12533,4948,38,1,18.99
12534,4949,9,3,299.99
12535,4949,23,2,22.99
12536,4949,1,3,129.99
12537,4950,58,3,12.99
12538,4951,60,1,179.99
12539,4952,23,2,22.99
12540,4952,53,1,22.99
12541,4952,24,1,149.99
12542,4953,15,3,29.99
12543,4953,31,3,9.99
12544,4953,46,3,27.99
12545,4954,2,3,39.99
12546,4954,31,1,9.99
12547,4955,7,2,27.99
12548,4956,38,1,18.99
12549,4957,63,1,17.99
12550,4958,57,3,39.99
12551,4959,58,2,12.99
12552,4960,14,2,99.99
12553,4960,23,3,22.99
12554,4960,38,1,18.99
12555,4960,32,1,14.99
12556,4961,34,3,19.99
12557,4962,66,1,34.99
12558,4962,56,2,15.99
12559,4962,60,2,179.99
12560,4962,12,3,22.99
12561,4963,28,1,89.99
12562,4963,51,1,32.99
12563,4963,25,2,16.99
12564,4964,5,1,89.99
12565,4964,24,3,149.99
12566,4964,52,2,24.99
12567,4965,63,1,17.99
12568,4965,42,3,24.99
12569,4965,20,3,21.99
12570,4965,64,3,21.99
12571,4966,36,3,18.99
12572,4967,47,2,14.99
12573,4967,39,1,39.99
12574,4967,33,2,13.99
12575,4967,57,1,39.99
12576,4968,38,2,18.99
12577,4968,7,3,27.99
12578,4969,59,3,9.99
12579,4969,57,1,39.99
12580,4969,59,1,9.99
12581,4969,45,1,39.99
12582,4970,36,3,18.99
12583,4970,11,2,34.99
12584,4971,64,3,21.99
12585,4971,8,1,249.99
12586,4972,6,2,79.99
12587,4972,60,1,179.99
12588,4972,53,2,22.99
12589,4973,32,2,14.99
12590,4973,26,3,159.99
12591,4974,10,2,149.99
12592,4974,21,3,84.99
12593,4975,47,2,14.99
12594,4975,66,3,34.99
12595,4976,41,1,17.99
12596,4976,13,1,139.99
12597,4977,2,1,39.99
12598,4977,29,1,64.99
12599,4977,38,1,18.99
12600,4977,50,3,39.99
12601,4978,52,3,24.99
12602,4978,8,3,249.99
12603,4978,31,2,9.99
12604,4978,31,1,9.99
12605,4979,50,2,39.99
12606,4980,63,1,17.99
12607,4980,9,1,299.99
12608,4980,24,1,149.99
12609,4980,18,2,26.99
12610,4981,8,2,249.99
12611,4981,58,3,12.99
12612,4982,55,3,16.99
12613,4982,31,1,9.99
12614,4982,22,2,89.99
12615,4983,63,1,17.99
12616,4983,13,2,139.99
12617,4984,68,1,54.99
12618,4984,21,3,84.99
12619,4984,57,3,39.99
12620,4984,54,2,79.99
12621,4985,44,1,34.99
12622,4985,9,1,299.99
12623,4986,46,3,27.99
12624,4986,19,3,69.99
12625,4987,23,1,22.99
12626,4987,54,2,79.99
12627,4987,49,1,44.99
12628,4987,27,1,17.99
12629,4988,57,1,39.99
12630,4989,12,3,22.99
12631,4989,32,1,14.99
12632,4989,20,2,21.99
12633,4989,15,3,29.99
12634,4990,31,2,9.99
12635,4990,44,3,34.99
12636,4990,2,1,39.99
12637,4990,55,2,16.99
12638,4991,54,1,79.99
12639,4991,24,1,149.99
12640,4991,34,2,19.99
12641,4991,18,2,26.99
12642,4992,36,2,18.99
12643,4993,68,1,54.99
12644,4993,34,2,19.99
12645,4993,29,2,64.99
12646,4994,38,1,18.99
12647,4994,38,1,18.99
12648,4994,32,1,14.99
12649,4994,47,3,14.99
12650,4995,64,1,21.99
12651,4995,21,2,84.99
12652,4995,17,3,36.99
12653,4996,33,3,13.99
12654,4996,19,1,69.99
12655,4996,69,2,14.99
12656,4996,32,3,14.99
12657,4997,54,2,79.99
12658,4998,23,2,22.99
12659,4999,7,2,27.99
12660,4999,41,3,17.99
12661,4999,20,3,21.99
12662,5000,39,3,39.99
12663,5000,50,3,39.99
12664,5000,45,1,39.99
12665,5000,48,2,17.99
12666,5001,56,2,15.99
12667,5001,64,1,21.99
12668,5001,21,3,84.99
12669,5001,21,3,84.99
12670,5002,42,3,24.99
12671,5002,12,2,22.99
12672,5003,34,3,19.99
12673,5003,26,2,159.99
12674,5003,40,1,49.99
12675,5003,42,1,24.99
12676,5004,48,2,17.99
12677,5004,43,2,44.99
12678,5004,32,3,14.99
12679,5005,52,1,24.99
12680,5006,21,1,84.99
12681,5007,42,3,24.99
12682,5007,20,3,21.99
12683,5008,41,3,17.99
12684,5008,68,3,54.99
12685,5009,31,3,9.99
12686,5009,17,1,36.99
12687,5010,25,3,16.99
12688,5011,47,3,14.99
12689,5011,11,1,34.99
12690,5011,49,3,44.99
12691,5011,69,2,14.99
12692,5012,20,3,21.99
12693,5012,16,3,24.99
12694,5012,49,2,44.99
12695,5013,36,3,18.99
12696,5013,15,3,29.99
12697,5013,29,2,64.99
12698,5013,58,2,12.99
12699,5014,62,3,9.99
12700,5014,18,1,26.99
12701,5014,48,2,17.99
12702,5014,63,3,17.99
12703,5015,59,1,9.99
12704,5015,66,3,34.99
12705,5015,29,2,64.99
12706,5015,21,3,84.99
12707,5016,27,3,17.99
12708,5016,67,2,12.99
12709,5017,65,1,9.99
12710,5018,32,1,14.99
12711,5018,64,3,21.99
12712,5019,46,3,27.99
12713,5019,28,3,89.99
12714,5019,41,1,17.99
12715,5020,58,2,12.99
12716,5020,64,1,21.99
12717,5020,66,1,34.99
12718,5020,46,2,27.99
12719,5021,1,1,129.99
12720,5021,18,2,26.99
12721,5021,64,1,21.99
12722,5021,17,1,36.99
12723,5022,45,2,39.99
12724,5022,9,2,299.99
12725,5022,36,2,18.99
12726,5022,41,3,17.99
12727,5023,45,1,39.99
12728,5023,11,1,34.99
12729,5024,43,2,44.99
12730,5024,51,1,32.99
12731,5024,16,3,24.99
12732,5024,46,3,27.99
12733,5025,32,1,14.99
12734,5025,36,1,18.99
12735,5025,52,2,24.99
12736,5026,25,1,16.99
12737,5026,29,3,64.99
12738,5026,41,2,17.99
12739,5027,44,2,34.99
12740,5028,62,3,9.99
12741,5029,59,2,9.99
12742,5029,50,2,39.99
12743,5029,69,1,14.99
12744,5030,24,3,149.99
12745,5030,29,3,64.99
12746,5030,53,3,22.99
12747,5031,51,1,32.99
12748,5032,10,3,149.99
12749,5032,51,1,32.99
12750,5032,53,1,22.99
12751,5033,62,2,9.99
12752,5033,58,2,12.99
12753,5033,52,3,24.99
12754,5033,42,3,24.99
12755,5034,49,1,44.99
12756,5034,37,3,22.99
12757,5034,57,1,39.99
12758,5035,37,1,22.99
12759,5035,1,3,129.99
12760,5035,38,2,18.99
12761,5036,12,1,22.99
12762,5036,3,1,49.99
12763,5036,12,1,22.99
12764,5037,36,1,18.99
12765,5038,63,3,17.99
12766,5038,16,3,24.99
12767,5038,17,3,36.99
12768,5038,38,1,18.99
12769,5039,37,2,22.99
12770,5039,52,3,24.99
12771,5039,31,1,9.99
12772,5039,50,2,39.99
12773,5040,31,3,9.99
12774,5040,65,1,9.99
12775,5040,54,2,79.99
12776,5040,15,2,29.99
12777,5041,57,1,39.99
12778,5041,14,3,99.99
12779,5042,51,1,32.99
12780,5043,43,1,44.99
12781,5043,27,1,17.99
12782,5043,56,2,15.99
12783,5043,49,1,44.99
12784,5044,27,2,17.99
12785,5044,41,3,17.99
12786,5044,48,3,17.99
12787,5045,8,2,249.99
12788,5045,63,2,17.99
12789,5045,6,3,79.99
12790,5046,57,1,39.99
12791,5046,57,2,39.99
12792,5047,64,2,21.99
12793,5047,2,1,39.99
12794,5047,16,3,24.99
12795,5047,8,3,249.99
12796,5048,21,1,84.99
12797,5048,17,1,36.99
12798,5048,49,1,44.99
12799,5048,12,1,22.99
12800,5049,69,2,14.99
12801,5049,63,3,17.99
12802,5050,52,2,24.99
12803,5050,64,3,21.99
12804,5051,8,1,249.99
12805,5051,54,3,79.99
12806,5051,45,3,39.99
12807,5052,44,3,34.99
12808,5052,34,3,19.99
12809,5052,39,2,39.99
12810,5052,11,2,34.99
12811,5053,22,1,89.99
12812,5053,8,2,249.99
12813,5053,26,1,159.99
12814,5053,5,2,89.99
12815,5054,38,1,18.99
12816,5054,37,2,22.99
12817,5054,69,2,14.99
12818,5054,17,3,36.99
12819,5055,25,3,16.99
12820,5055,44,1,34.99
12821,5056,37,2,22.99
12822,5056,40,2,49.99
12823,5056,9,3,299.99
12824,5057,69,3,14.99
12825,5057,42,3,24.99
12826,5057,28,2,89.99
12827,5058,25,1,16.99
12828,5058,39,3,39.99
12829,5059,43,1,44.99
12830,5059,47,1,14.99
12831,5059,22,2,89.99
12832,5060,6,1,79.99
12833,5060,31,1,9.99
12834,5060,51,1,32.99
12835,5061,38,3,18.99
12836,5061,24,1,149.99
12837,5062,43,1,44.99
12838,5062,16,1,24.99
12839,5062,51,2,32.99
12840,5063,54,3,79.99
12841,5063,12,3,22.99
12842,5063,11,2,34.99
12843,5064,52,3,24.99
12844,5064,37,3,22.99
12845,5065,69,2,14.99
12846,5065,43,2,44.99
12847,5065,48,3,17.99
12848,5065,32,2,14.99
12849,5066,56,3,15.99
12850,5066,55,2,16.99
12851,5067,22,1,89.99
12852,5067,4,3,24.99
12853,5068,64,2,21.99
12854,5068,31,1,9.99
12855,5068,9,3,299.99
12856,5068,32,3,14.99
12857,5069,56,3,15.99
12858,5069,26,3,159.99
12859,5070,50,3,39.99
12860,5070,48,1,17.99
12861,5071,24,2,149.99
12862,5071,22,2,89.99
12863,5072,45,3,39.99
12864,5072,59,2,9.99
12865,5072,28,3,89.99
12866,5072,2,2,39.99
12867,5073,30,2,44.99
12868,5074,3,1,49.99
12869,5074,26,2,159.99
12870,5075,2,1,39.99
12871,5075,66,1,34.99
12872,5076,45,3,39.99
12873,5076,32,2,14.99
12874,5077,38,3,18.99
12875,5078,42,3,24.99
12876,5079,17,1,36.99
12877,5079,50,3,39.99
12878,5079,31,1,9.99
12879,5080,38,1,18.99
12880,5081,61,1,139.99
12881,5082,45,1,39.99
12882,5082,54,2,79.99
12883,5083,8,3,249.99
12884,5083,69,2,14.99
12885,5083,52,3,24.99
12886,5084,15,3,29.99
12887,5084,55,3,16.99
12888,5085,20,1,21.99
12889,5085,39,3,39.99
12890,5086,61,3,139.99
12891,5087,26,3,159.99
12892,5087,39,3,39.99
12893,5087,15,1,29.99
12894,5088,18,3,26.99
12895,5089,25,2,16.99
12896,5090,25,1,16.99
12897,5090,17,1,36.99
12898,5090,24,2,149.99
12899,5091,5,3,89.99
12900,5091,25,2,16.99
12901,5091,17,1,36.99
12902,5091,28,1,89.99
12903,5092,12,3,22.99
12904,5092,15,1,29.99
12905,5093,46,1,27.99
12906,5093,23,3,22.99
12907,5093,14,2,99.99
12908,5094,63,2,17.99
12909,5094,17,1,36.99
12910,5095,57,2,39.99
12911,5096,38,3,18.99
12912,5096,54,3,79.99
12913,5097,2,1,39.99
12914,5097,13,1,139.99
12915,5097,16,2,24.99
12916,5098,29,3,64.99
12917,5098,3,2,49.99
12918,5099,10,2,149.99
12919,5099,4,3,24.99
12920,5099,63,1,17.99
12921,5100,46,2,27.99
12922,5100,59,1,9.99
12923,5101,50,3,39.99
12924,5101,37,2,22.99
12925,5102,68,3,54.99
12926,5102,7,1,27.99
12927,5103,42,1,24.99
12928,5103,63,1,17.99
12929,5103,64,1,21.99
12930,5104,50,3,39.99
12931,5104,46,1,27.99
12932,5104,11,2,34.99
12933,5105,66,2,34.99
12934,5105,8,2,249.99
12935,5106,40,1,49.99
12936,5106,33,2,13.99
12937,5106,53,3,22.99
12938,5107,51,2,32.99
12939,5108,64,3,21.99
12940,5108,45,2,39.99
12941,5108,63,3,17.99
12942,5108,28,2,89.99
12943,5109,51,1,32.99
12944,5109,66,2,34.99
12945,5109,34,2,19.99
12946,5110,30,1,44.99
12947,5111,54,3,79.99
12948,5111,16,2,24.99
12949,5111,26,2,159.99
12950,5111,63,3,17.99
12951,5112,42,3,24.99
12952,5113,10,3,149.99
12953,5113,14,1,99.99
12954,5113,24,1,149.99
12955,5114,54,1,79.99
12956,5114,57,2,39.99
12957,5114,31,1,9.99
12958,5115,35,2,12.99
12959,5115,49,1,44.99
12960,5116,61,2,139.99
12961,5116,6,2,79.99
12962,5116,49,1,44.99
12963,5117,54,3,79.99
12964,5117,36,3,18.99
12965,5117,56,3,15.99
12966,5117,40,3,49.99
12967,5118,27,3,17.99
12968,5118,54,3,79.99
12969,5118,15,2,29.99
12970,5119,12,3,22.99
12971,5120,28,2,89.99
12972,5121,7,1,27.99
12973,5121,54,1,79.99
12974,5122,15,1,29.99
12975,5122,34,3,19.99
12976,5122,24,2,149.99
12977,5122,2,3,39.99
12978,5123,9,2,299.99
12979,5124,2,2,39.99
12980,5124,15,2,29.99
12981,5124,48,2,17.99
12982,5124,15,3,29.99
12983,5125,47,3,14.99
12984,5125,27,1,17.99
12985,5125,30,1,44.99
12986,5125,39,1,39.99
12987,5126,18,3,26.99
12988,5126,35,3,12.99
12989,5127,61,3,139.99
12990,5127,23,1,22.99
12991,5127,20,3,21.99
12992,5127,35,2,12.99
12993,5128,19,1,69.99
12994,5128,61,3,139.99
12995,5129,63,2,17.99
12996,5129,39,3,39.99
12997,5129,34,3,19.99
12998,5130,27,2,17.99
12999,5130,42,3,24.99
13000,5130,69,1,14.99
13001,5130,35,1,12.99
13002,5131,60,3,179.99
13003,5132,66,3,34.99
13004,5132,2,3,39.99
13005,5132,68,2,54.99
13006,5132,15,3,29.99
13007,5133,3,3,49.99
13008,5134,10,2,149.99
13009,5134,13,2,139.99
13010,5135,34,2,19.99
13011,5135,17,2,36.99
13012,5136,31,1,9.99
13013,5136,45,2,39.99
13014,5136,21,2,84.99
13015,5137,11,1,34.99
13016,5137,50,3,39.99
13017,5137,22,3,89.99
13018,5138,46,1,27.99
13019,5139,38,2,18.99
13020,5139,30,1,44.99
13021,5139,15,1,29.99
13022,5140,29,3,64.99
13023,5140,9,1,299.99
13024,5140,44,1,34.99
13025,5141,57,1,39.99
13026,5141,9,1,299.99
13027,5141,4,2,24.99
13028,5142,14,2,99.99
13029,5143,6,1,79.99
13030,5144,63,2,17.99
13031,5144,44,3,34.99
13032,5144,66,2,34.99
13033,5145,61,2,139.99
13034,5145,2,2,39.99
13035,5145,27,2,17.99
13036,5145,13,2,139.99
13037,5146,23,3,22.99
13038,5146,19,3,69.99
13039,5146,9,1,299.99
13040,5147,53,1,22.99
13041,5148,57,2,39.99
13042,5148,60,2,179.99
13043,5148,9,2,299.99
13044,5148,43,1,44.99
13045,5149,65,2,9.99
13046,5150,11,2,34.99
13047,5150,52,3,24.99
13048,5150,48,1,17.99
13049,5151,3,1,49.99
13050,5151,18,1,26.99
13051,5151,23,2,22.99
13052,5152,1,2,129.99
13053,5152,8,1,249.99
13054,5152,63,3,17.99
13055,5153,29,3,64.99
13056,5153,20,1,21.99
13057,5153,51,3,32.99
13058,5153,16,1,24.99
13059,5154,22,3,89.99
13060,5154,50,3,39.99
13061,5154,63,1,17.99
13062,5155,54,2,79.99
13063,5155,13,2,139.99
13064,5155,29,3,64.99
13065,5155,14,1,99.99
13066,5156,46,2,27.99
13067,5156,29,2,64.99
13068,5157,7,3,27.99
13069,5158,7,3,27.99
13070,5158,18,1,26.99
13071,5158,65,1,9.99
13072,5158,43,1,44.99
13073,5159,41,1,17.99
13074,5159,52,2,24.99
13075,5159,52,2,24.99
13076,5159,28,2,89.99
13077,5160,7,2,27.99
13078,5160,14,2,99.99
13079,5160,61,3,139.99
13080,5160,53,1,22.99
13081,5161,25,2,16.99
13082,5162,19,1,69.99
13083,5162,15,1,29.99
13084,5163,8,3,249.99
13085,5163,14,3,99.99
13086,5164,63,1,17.99
13087,5164,45,2,39.99
13088,5165,54,2,79.99
13089,5165,56,1,15.99
13090,5166,41,1,17.99
13091,5166,69,2,14.99
13092,5166,49,3,44.99
13093,5167,1,2,129.99
13094,5168,13,1,139.99
13095,5168,47,2,14.99
13096,5168,17,1,36.99
13097,5168,23,1,22.99
13098,5169,54,3,79.99
13099,5169,35,1,12.99
13100,5170,44,3,34.99
13101,5171,33,2,13.99
13102,5171,63,1,17.99
13103,5171,66,2,34.99
13104,5172,29,2,64.99
13105,5173,23,2,22.99
13106,5174,35,3,12.99
13107,5174,9,3,299.99
13108,5174,63,3,17.99
13109,5174,4,2,24.99
13110,5175,42,1,24.99
13111,5175,40,1,49.99
13112,5176,67,1,12.99
13113,5176,9,2,299.99
13114,5176,36,3,18.99
13115,5176,52,1,24.99
13116,5177,13,1,139.99
13117,5177,48,1,17.99
13118,5177,29,1,64.99
13119,5178,44,1,34.99
13120,5178,36,3,18.99
13121,5178,20,1,21.99
13122,5178,53,2,22.99
13123,5179,29,3,64.99
13124,5180,2,2,39.99
13125,5181,19,3,69.99
13126,5181,5,2,89.99
13127,5181,53,2,22.99
13128,5181,53,1,22.99
13129,5182,24,3,149.99
13130,5182,37,3,22.99
13131,5182,5,2,89.99
13132,5182,31,2,9.99
13133,5183,22,1,89.99
13134,5184,27,3,17.99
13135,5185,14,3,99.99
13136,5185,16,3,24.99
13137,5186,40,2,49.99
13138,5187,51,2,32.99
13139,5188,40,2,49.99
13140,5188,31,3,9.99
13141,5189,3,2,49.99
13142,5189,8,1,249.99
13143,5189,60,2,179.99
13144,5189,25,1,16.99
13145,5190,52,1,24.99
13146,5190,27,3,17.99
13147,5190,51,3,32.99
13148,5190,19,1,69.99
13149,5191,37,2,22.99
13150,5191,59,3,9.99
13151,5191,27,2,17.99
13152,5192,3,3,49.99
13153,5193,61,3,139.99
13154,5193,36,1,18.99
13155,5193,62,1,9.99
13156,5194,18,1,26.99
13157,5194,44,3,34.99
13158,5195,2,3,39.99
13159,5195,54,3,79.99
13160,5195,38,3,18.99
13161,5196,45,2,39.99
13162,5196,52,3,24.99
13163,5196,25,2,16.99
13164,5196,7,2,27.99
13165,5197,34,3,19.99
13166,5197,31,3,9.99
13167,5197,9,3,299.99
13168,5197,17,2,36.99
13169,5198,20,1,21.99
13170,5198,44,3,34.99
13171,5199,18,2,26.99
13172,5199,69,3,14.99
13173,5200,47,1,14.99
13174,5201,3,2,49.99
13175,5201,14,2,99.99
13176,5201,25,1,16.99
13177,5202,16,2,24.99
13178,5202,59,3,9.99
13179,5202,7,1,27.99
13180,5203,19,3,69.99
13181,5203,13,2,139.99
13182,5203,13,1,139.99
13183,5203,56,1,15.99
13184,5204,35,3,12.99
13185,5205,19,3,69.99
13186,5205,51,2,32.99
13187,5205,23,1,22.99
13188,5206,16,3,24.99
13189,5206,61,2,139.99
13190,5206,47,2,14.99
13191,5207,51,2,32.99
13192,5207,3,1,49.99
13193,5208,19,3,69.99
13194,5208,49,3,44.99
13195,5209,14,2,99.99
13196,5209,48,1,17.99
13197,5209,15,3,29.99
13198,5209,54,1,79.99
13199,5210,31,3,9.99
13200,5210,36,3,18.99
13201,5211,39,2,39.99
13202,5211,31,2,9.99
13203,5211,30,1,44.99
13204,5212,26,2,159.99
13205,5212,5,1,89.99
13206,5213,26,2,159.99
13207,5213,64,3,21.99
13208,5214,69,1,14.99
13209,5214,14,3,99.99
13210,5214,45,3,39.99
13211,5215,54,2,79.99
13212,5215,49,3,44.99
13213,5215,18,1,26.99
13214,5215,34,3,19.99
13215,5216,13,1,139.99
13216,5216,46,1,27.99
13217,5217,2,2,39.99
13218,5217,12,3,22.99
13219,5218,57,3,39.99
13220,5218,35,2,12.99
13221,5219,18,3,26.99
13222,5219,55,3,16.99
13223,5219,53,1,22.99
13224,5219,21,2,84.99
13225,5220,16,3,24.99
13226,5220,52,1,24.99
13227,5221,29,3,64.99
13228,5221,28,1,89.99
13229,5222,4,1,24.99
13230,5223,62,1,9.99
13231,5224,58,1,12.99
13232,5224,49,2,44.99
13233,5224,60,1,179.99
13234,5225,16,1,24.99
13235,5225,25,1,16.99
13236,5226,55,2,16.99
13237,5227,69,2,14.99
13238,5228,33,1,13.99
13239,5228,24,1,149.99
13240,5228,20,2,21.99
13241,5229,21,1,84.99
13242,5229,12,1,22.99
13243,5229,39,1,39.99
13244,5229,66,2,34.99
13245,5230,58,2,12.99
13246,5230,32,1,14.99
13247,5230,20,3,21.99
13248,5230,8,2,249.99
13249,5231,54,2,79.99
13250,5232,68,1,54.99
13251,5232,5,3,89.99
13252,5232,28,3,89.99
13253,5232,5,3,89.99
13254,5233,45,3,39.99
13255,5234,48,3,17.99
13256,5234,4,3,24.99
13257,5234,57,3,39.99
13258,5234,3,1,49.99
13259,5235,36,3,18.99
13260,5235,21,1,84.99
13261,5235,62,3,9.99
13262,5236,49,1,44.99
13263,5236,2,2,39.99
13264,5237,58,1,12.99
13265,5237,35,3,12.99
13266,5237,65,1,9.99
13267,5238,60,3,179.99
13268,5238,21,2,84.99
13269,5238,59,2,9.99
13270,5238,37,3,22.99
13271,5239,54,2,79.99
13272,5240,52,3,24.99
13273,5240,11,1,34.99
13274,5240,9,1,299.99
13275,5240,68,1,54.99
13276,5241,45,3,39.99
13277,5241,5,2,89.99
13278,5242,47,3,14.99
13279,5242,36,3,18.99
13280,5242,39,2,39.99
13281,5242,10,2,149.99
13282,5243,62,1,9.99
13283,5243,69,2,14.99
13284,5243,63,3,17.99
13285,5243,10,2,149.99
13286,5244,39,3,39.99
13287,5244,66,3,34.99
13288,5245,28,2,89.99
13289,5245,21,3,84.99
13290,5245,3,1,49.99
13291,5245,1,2,129.99
13292,5246,55,2,16.99
13293,5246,32,2,14.99
13294,5247,57,1,39.99
13295,5247,17,3,36.99
13296,5247,19,3,69.99
13297,5247,3,1,49.99
13298,5248,2,1,39.99
13299,5248,11,1,34.99
13300,5249,25,2,16.99
13301,5249,4,2,24.99
13302,5250,13,2,139.99
13303,5250,66,1,34.99
13304,5250,31,2,9.99
13305,5250,56,3,15.99
13306,5251,39,1,39.99
13307,5251,35,3,12.99
13308,5251,37,1,22.99
13309,5251,29,2,64.99
13310,5252,7,2,27.99
13311,5252,2,1,39.99
13312,5253,5,1,89.99
13313,5254,14,2,99.99
13314,5254,42,1,24.99
13315,5255,18,1,26.99
13316,5255,53,3,22.99
13317,5255,9,3,299.99
13318,5256,20,1,21.99
13319,5257,66,1,34.99
13320,5258,60,1,179.99
13321,5259,16,3,24.99
13322,5260,18,3,26.99
13323,5260,66,3,34.99
13324,5260,50,3,39.99
13325,5260,14,2,99.99
13326,5261,18,1,26.99
13327,5261,42,1,24.99
13328,5262,4,3,24.99
13329,5262,12,1,22.99
13330,5263,16,1,24.99
13331,5263,43,1,44.99
13332,5263,46,2,27.99
13333,5263,3,3,49.99
13334,5264,50,3,39.99
13335,5264,40,2,49.99
13336,5264,34,2,19.99
13337,5264,5,3,89.99
13338,5265,12,1,22.99
13339,5266,14,1,99.99
13340,5266,38,1,18.99
13341,5266,28,1,89.99
13342,5266,57,1,39.99
13343,5267,42,1,24.99
13344,5267,53,2,22.99
13345,5267,67,2,12.99
13346,5267,32,3,14.99
13347,5268,61,1,139.99
13348,5269,62,3,9.99
13349,5270,9,2,299.99
13350,5271,49,1,44.99
13351,5271,22,3,89.99
13352,5272,56,1,15.99
13353,5272,3,1,49.99
13354,5272,29,1,64.99
13355,5273,40,2,49.99
13356,5274,11,1,34.99
13357,5274,13,2,139.99
13358,5274,10,1,149.99
13359,5275,47,1,14.99
13360,5275,20,1,21.99
13361,5275,20,3,21.99
13362,5275,60,1,179.99
13363,5276,62,2,9.99
13364,5276,9,3,299.99
13365,5277,30,1,44.99
13366,5277,69,1,14.99
13367,5277,10,3,149.99
13368,5278,61,3,139.99
13369,5278,54,3,79.99
13370,5278,51,1,32.99
13371,5278,65,1,9.99
13372,5279,29,1,64.99
13373,5279,55,3,16.99
13374,5280,6,3,79.99
13375,5280,24,3,149.99
13376,5281,41,3,17.99
13377,5281,8,1,249.99
13378,5281,62,3,9.99
13379,5282,60,1,179.99
13380,5282,37,3,22.99
13381,5282,22,2,89.99
13382,5283,51,1,32.99
13383,5284,35,3,12.99
13384,5284,9,3,299.99
13385,5284,54,2,79.99
13386,5285,47,2,14.99
13387,5285,56,3,15.99
13388,5286,49,2,44.99
13389,5287,46,2,27.99
13390,5287,12,3,22.99
13391,5287,12,1,22.99
13392,5287,55,3,16.99
13393,5288,29,2,64.99
13394,5288,44,1,34.99
13395,5288,25,2,16.99
13396,5288,65,3,9.99
13397,5289,29,2,64.99
13398,5289,39,1,39.99
13399,5289,64,1,21.99
13400,5289,28,1,89.99
13401,5290,32,3,14.99
13402,5290,62,3,9.99
13403,5291,18,3,26.99
13404,5291,38,1,18.99
13405,5291,3,3,49.99
13406,5291,55,2,16.99
13407,5292,13,2,139.99
13408,5292,29,3,64.99
13409,5292,19,2,69.99
13410,5292,26,3,159.99
13411,5293,2,1,39.99
13412,5293,69,1,14.99
13413,5294,3,2,49.99
13414,5294,67,2,12.99
13415,5294,2,2,39.99
13416,5294,46,1,27.99
13417,5295,19,2,69.99
13418,5295,8,2,249.99
13419,5296,43,2,44.99
13420,5296,2,1,39.99
13421,5296,65,2,9.99
13422,5297,50,2,39.99
13423,5297,6,2,79.99
13424,5297,8,1,249.99
13425,5297,31,3,9.99
13426,5298,42,3,24.99
13427,5298,69,1,14.99
13428,5298,25,2,16.99
13429,5299,2,3,39.99
13430,5300,24,2,149.99
13431,5300,8,3,249.99
13432,5300,3,1,49.99
13433,5301,52,3,24.99
13434,5302,45,2,39.99
13435,5302,23,1,22.99
13436,5302,23,3,22.99
13437,5303,14,3,99.99
13438,5304,34,3,19.99
13439,5304,7,3,27.99
13440,5304,32,1,14.99
13441,5305,11,2,34.99
13442,5306,7,2,27.99
13443,5307,10,2,149.99
13444,5308,18,2,26.99
13445,5308,64,2,21.99
13446,5309,14,1,99.99
13447,5309,57,1,39.99
13448,5309,59,2,9.99
13449,5309,44,3,34.99
13450,5310,66,2,34.99
13451,5310,12,1,22.99
13452,5311,5,2,89.99
13453,5311,49,2,44.99
13454,5311,49,2,44.99
13455,5312,50,1,39.99
13456,5313,41,2,17.99
13457,5313,3,1,49.99
13458,5313,39,2,39.99
13459,5313,24,2,149.99
13460,5314,58,3,12.99
13461,5314,53,1,22.99
13462,5314,1,1,129.99
13463,5314,21,3,84.99
13464,5315,51,3,32.99
13465,5315,20,1,21.99
13466,5315,57,1,39.99
13467,5316,46,2,27.99
13468,5316,67,1,12.99
13469,5316,21,2,84.99
13470,5317,34,1,19.99
13471,5318,69,3,14.99
13472,5318,37,3,22.99
13473,5318,16,1,24.99
13474,5319,63,1,17.99
13475,5320,28,2,89.99
13476,5321,30,3,44.99
13477,5321,30,1,44.99
13478,5322,21,2,84.99
13479,5322,19,2,69.99
13480,5323,36,3,18.99
13481,5323,29,3,64.99
13482,5324,4,3,24.99
13483,5324,60,3,179.99
13484,5325,50,3,39.99
13485,5325,13,3,139.99
13486,5325,64,3,21.99
13487,5325,61,2,139.99
13488,5326,68,2,54.99
13489,5326,47,3,14.99
13490,5326,2,2,39.99
13491,5326,17,1,36.99
13492,5327,32,1,14.99
13493,5327,26,2,159.99
13494,5327,7,1,27.99
13495,5328,64,2,21.99
13496,5328,34,2,19.99
13497,5329,39,2,39.99
13498,5329,69,2,14.99
13499,5330,19,3,69.99
13500,5330,11,3,34.99
13501,5330,43,2,44.99
13502,5330,27,3,17.99
13503,5331,36,3,18.99
13504,5331,18,1,26.99
13505,5331,17,1,36.99
13506,5332,54,1,79.99
13507,5332,4,2,24.99
13508,5332,6,1,79.99
13509,5332,7,1,27.99
13510,5333,45,1,39.99
13511,5334,53,1,22.99
13512,5334,16,1,24.99
13513,5334,25,1,16.99
13514,5334,43,3,44.99
13515,5335,69,3,14.99
13516,5336,44,2,34.99
13517,5336,51,1,32.99
13518,5336,19,1,69.99
13519,5337,31,1,9.99
13520,5337,15,1,29.99
13521,5337,4,3,24.99
13522,5338,18,3,26.99
13523,5339,29,3,64.99
13524,5339,18,1,26.99
13525,5339,13,2,139.99
13526,5339,15,1,29.99
13527,5340,53,2,22.99
13528,5340,68,3,54.99
13529,5341,5,1,89.99
13530,5341,21,2,84.99
13531,5342,17,2,36.99
13532,5342,5,2,89.99
13533,5342,67,3,12.99
13534,5343,44,2,34.99
13535,5343,5,2,89.99
13536,5343,44,2,34.99
13537,5344,3,3,49.99
13538,5345,48,3,17.99
13539,5345,12,1,22.99
13540,5345,58,2,12.99
13541,5345,20,2,21.99
13542,5346,57,3,39.99
13543,5346,4,2,24.99
13544,5347,39,2,39.99
13545,5347,22,2,89.99
13546,5348,4,2,24.99
13547,5348,10,1,149.99
13548,5349,40,1,49.99
13549,5349,38,3,18.99
13550,5349,22,2,89.99
13551,5350,58,3,12.99
13552,5350,15,1,29.99
13553,5350,34,3,19.99
13554,5351,44,3,34.99
13555,5351,53,1,22.99
13556,5351,63,2,17.99
13557,5352,16,1,24.99
13558,5352,43,1,44.99
13559,5352,52,3,24.99
13560,5352,45,3,39.99
13561,5353,61,3,139.99
13562,5353,6,1,79.99
13563,5353,35,1,12.99
13564,5353,54,3,79.99
13565,5354,1,2,129.99
13566,5355,58,2,12.99
13567,5355,11,1,34.99
13568,5355,25,1,16.99
13569,5356,19,2,69.99
13570,5356,4,2,24.99
13571,5356,44,2,34.99
13572,5356,38,1,18.99
13573,5357,63,1,17.99
13574,5358,65,1,9.99
13575,5358,44,1,34.99
13576,5358,46,2,27.99
13577,5358,49,2,44.99
13578,5359,31,3,9.99
13579,5359,18,2,26.99
13580,5359,64,3,21.99
13581,5359,2,1,39.99
13582,5360,48,1,17.99
13583,5360,8,3,249.99
13584,5361,54,3,79.99
13585,5362,58,1,12.99
13586,5362,26,2,159.99
13587,5362,43,1,44.99
13588,5363,22,1,89.99
13589,5363,7,3,27.99
13590,5364,61,2,139.99
13591,5364,45,1,39.99
13592,5364,37,3,22.99
13593,5364,14,3,99.99
13594,5365,65,2,9.99
13595,5365,18,1,26.99
13596,5365,31,1,9.99
13597,5365,14,2,99.99
13598,5366,8,2,249.99
13599,5366,21,3,84.99
13600,5366,48,3,17.99
13601,5367,8,3,249.99
13602,5368,21,3,84.99
13603,5369,8,1,249.99
13604,5369,26,2,159.99
13605,5369,1,3,129.99
13606,5369,52,2,24.99
13607,5370,27,3,17.99
13608,5370,43,3,44.99
13609,5370,23,1,22.99
13610,5371,68,3,54.99
13611,5371,26,1,159.99
13612,5371,20,2,21.99
13613,5372,43,3,44.99
13614,5372,27,2,17.99
13615,5373,48,3,17.99
13616,5374,4,1,24.99
13617,5374,25,2,16.99
13618,5374,14,2,99.99
13619,5375,69,3,14.99
13620,5375,13,2,139.99
13621,5376,69,3,14.99
13622,5376,62,2,9.99
13623,5376,8,3,249.99
13624,5377,37,3,22.99
13625,5377,27,2,17.99
13626,5378,35,3,12.99
13627,5378,30,3,44.99
13628,5378,42,3,24.99
13629,5379,44,2,34.99
13630,5379,63,3,17.99
13631,5379,31,3,9.99
13632,5380,55,2,16.99
13633,5381,31,2,9.99
13634,5381,40,1,49.99
13635,5381,64,1,21.99
13636,5381,30,2,44.99
13637,5382,36,2,18.99
13638,5382,50,1,39.99
13639,5382,6,2,79.99
13640,5383,67,3,12.99
13641,5383,44,2,34.99
13642,5383,16,3,24.99
13643,5384,16,3,24.99
13644,5384,50,3,39.99
13645,5384,51,3,32.99
13646,5385,10,2,149.99
13647,5386,6,2,79.99
13648,5386,15,2,29.99
13649,5387,49,2,44.99
13650,5387,67,3,12.99
13651,5387,65,3,9.99
13652,5387,9,1,299.99
13653,5388,2,1,39.99
13654,5388,47,3,14.99
13655,5389,40,2,49.99
13656,5389,8,3,249.99
13657,5389,56,2,15.99
13658,5389,16,2,24.99
13659,5390,19,2,69.99
13660,5391,15,3,29.99
13661,5392,36,1,18.99
13662,5392,13,2,139.99
13663,5392,56,2,15.99
13664,5392,39,3,39.99
13665,5393,46,2,27.99
13666,5393,64,3,21.99
13667,5393,32,3,14.99
13668,5393,27,2,17.99
13669,5394,11,1,34.99
13670,5395,49,1,44.99
13671,5396,44,1,34.99
13672,5396,39,2,39.99
13673,5397,19,3,69.99
13674,5397,49,3,44.99
13675,5397,5,3,89.99
13676,5397,62,3,9.99
13677,5398,21,3,84.99
13678,5399,41,2,17.99
13679,5399,43,2,44.99
13680,5399,25,3,16.99
13681,5399,17,2,36.99
13682,5400,19,2,69.99
13683,5400,29,1,64.99
13684,5400,32,3,14.99
13685,5400,63,3,17.99
13686,5401,58,3,12.99
13687,5402,51,2,32.99
13688,5403,30,3,44.99
13689,5403,23,3,22.99
13690,5403,36,3,18.99
13691,5404,8,2,249.99
13692,5404,49,1,44.99
13693,5405,61,3,139.99
13694,5406,57,2,39.99
13695,5406,36,2,18.99
13696,5406,30,3,44.99
13697,5406,39,3,39.99
13698,5407,13,3,139.99
13699,5407,19,1,69.99
13700,5408,3,3,49.99
13701,5408,39,2,39.99
13702,5408,9,3,299.99
13703,5408,23,3,22.99
13704,5409,45,2,39.99
13705,5409,52,3,24.99
13706,5409,32,1,14.99
13707,5409,60,1,179.99
13708,5410,7,2,27.99
13709,5410,36,2,18.99
13710,5411,57,1,39.99
13711,5411,55,1,16.99
13712,5411,43,2,44.99
13713,5412,16,3,24.99
13714,5412,69,1,14.99
13715,5412,49,1,44.99
13716,5413,20,1,21.99
13717,5413,69,2,14.99
13718,5413,21,1,84.99
13719,5414,66,1,34.99
13720,5414,3,2,49.99
13721,5414,13,3,139.99
13722,5415,46,2,27.99
13723,5415,22,1,89.99
13724,5416,27,1,17.99
13725,5416,55,2,16.99
13726,5416,32,1,14.99
13727,5417,68,3,54.99
13728,5417,1,3,129.99
13729,5417,34,1,19.99
13730,5418,50,1,39.99
13731,5418,5,1,89.99
13732,5418,65,3,9.99
13733,5418,69,1,14.99
13734,5419,24,2,149.99
13735,5419,34,3,19.99
13736,5419,22,3,89.99
13737,5420,10,1,149.99
13738,5421,29,3,64.99
13739,5421,20,1,21.99
13740,5421,39,3,39.99
13741,5421,12,3,22.99
13742,5422,11,2,34.99
13743,5422,19,3,69.99
13744,5423,25,3,16.99
13745,5423,44,3,34.99
13746,5423,56,1,15.99
13747,5424,46,1,27.99
13748,5424,28,3,89.99
13749,5424,54,2,79.99
13750,5425,58,1,12.99
13751,5426,18,1,26.99
13752,5426,38,3,18.99
13753,5426,8,3,249.99
13754,5427,38,3,18.99
13755,5427,53,1,22.99
13756,5427,49,3,44.99
13757,5427,25,1,16.99
13758,5428,69,2,14.99
13759,5428,24,3,149.99
13760,5428,34,1,19.99
13761,5428,12,3,22.99
13762,5429,23,1,22.99
13763,5429,8,3,249.99
13764,5429,7,3,27.99
13765,5429,62,3,9.99
13766,5430,47,3,14.99
13767,5431,61,1,139.99
13768,5432,49,1,44.99
13769,5432,28,2,89.99
13770,5433,33,2,13.99
13771,5433,35,3,12.99
13772,5433,19,1,69.99
13773,5434,63,2,17.99
13774,5434,22,2,89.99
13775,5434,62,2,9.99
13776,5435,23,2,22.99
13777,5435,21,2,84.99
13778,5436,39,3,39.99
13779,5436,26,2,159.99
13780,5437,63,1,17.99
13781,5437,18,2,26.99
13782,5438,35,1,12.99
13783,5438,17,3,36.99
13784,5439,57,2,39.99
13785,5440,10,1,149.99
13786,5440,13,2,139.99
13787,5440,18,2,26.99
13788,5440,17,2,36.99
13789,5441,33,3,13.99
13790,5441,10,2,149.99
13791,5441,31,2,9.99
13792,5442,30,2,44.99
13793,5443,31,3,9.99
13794,5443,34,1,19.99
13795,5443,27,2,17.99
13796,5443,53,2,22.99
13797,5444,13,1,139.99
13798,5445,63,2,17.99
13799,5446,4,2,24.99
13800,5446,58,3,12.99
13801,5446,31,1,9.99
13802,5447,44,2,34.99
13803,5447,2,2,39.99
13804,5447,51,2,32.99
13805,5448,55,1,16.99
13806,5448,47,3,14.99
13807,5448,46,1,27.99
13808,5449,51,2,32.99
13809,5449,43,2,44.99
13810,5450,38,2,18.99
13811,5450,36,1,18.99
13812,5450,61,2,139.99
13813,5450,65,1,9.99
13814,5451,53,2,22.99
13815,5451,69,1,14.99
13816,5451,13,3,139.99
13817,5452,8,1,249.99
13818,5452,55,3,16.99
13819,5452,11,1,34.99
13820,5452,42,1,24.99
13821,5453,44,2,34.99
13822,5454,58,3,12.99
13823,5455,43,2,44.99
13824,5456,8,2,249.99
13825,5456,53,2,22.99
13826,5457,24,1,149.99
13827,5457,29,3,64.99
13828,5457,60,3,179.99
13829,5458,9,2,299.99
13830,5459,5,3,89.99
13831,5459,17,1,36.99
13832,5459,69,2,14.99
13833,5460,32,3,14.99
13834,5461,26,3,159.99
13835,5461,11,1,34.99
13836,5461,33,3,13.99
13837,5461,53,1,22.99
13838,5462,65,3,9.99
13839,5463,67,1,12.99
13840,5463,28,3,89.99
13841,5464,49,3,44.99
13842,5464,23,2,22.99
13843,5464,59,2,9.99
13844,5465,7,1,27.99
13845,5465,25,3,16.99
13846,5465,65,1,9.99
13847,5466,42,2,24.99
13848,5466,17,3,36.99
13849,5466,16,1,24.99
13850,5466,2,3,39.99
13851,5467,51,1,32.99
13852,5467,48,3,17.99
13853,5467,27,1,17.99
13854,5467,16,1,24.99
13855,5468,39,2,39.99
13856,5468,48,3,17.99
13857,5469,44,1,34.99
13858,5469,8,3,249.99
13859,5469,36,2,18.99
13860,5469,44,1,34.99
13861,5470,10,2,149.99
13862,5470,9,1,299.99
13863,5471,51,1,32.99
13864,5471,1,3,129.99
13865,5471,45,2,39.99
13866,5471,3,3,49.99
13867,5472,66,1,34.99
13868,5473,46,2,27.99
13869,5473,8,3,249.99
13870,5473,15,3,29.99
13871,5474,39,2,39.99
13872,5475,17,1,36.99
13873,5475,24,1,149.99
13874,5475,21,1,84.99
13875,5475,34,2,19.99
13876,5476,40,2,49.99
13877,5476,51,1,32.99
13878,5476,58,2,12.99
13879,5476,14,2,99.99
13880,5477,15,1,29.99
13881,5477,53,2,22.99
13882,5478,21,3,84.99
13883,5479,18,3,26.99
13884,5479,16,3,24.99
13885,5479,4,1,24.99
13886,5479,62,2,9.99
13887,5480,14,1,99.99
13888,5480,54,2,79.99
13889,5481,28,2,89.99
13890,5481,49,3,44.99
13891,5481,64,1,21.99
13892,5481,8,1,249.99
13893,5482,19,3,69.99
13894,5482,19,3,69.99
13895,5482,54,1,79.99
13896,5483,39,2,39.99
13897,5484,4,2,24.99
13898,5484,2,3,39.99
13899,5484,64,1,21.99
13900,5484,14,2,99.99
13901,5485,48,2,17.99
13902,5485,6,1,79.99
13903,5486,35,3,12.99
13904,5487,5,1,89.99
13905,5487,22,1,89.99
13906,5488,52,3,24.99
13907,5488,12,1,22.99
13908,5488,20,3,21.99
13909,5489,30,1,44.99
13910,5490,6,2,79.99
13911,5490,63,2,17.99
13912,5490,29,1,64.99
13913,5491,48,1,17.99
13914,5491,5,2,89.99
13915,5491,66,3,34.99
13916,5492,36,1,18.99
13917,5493,32,2,14.99
13918,5493,39,2,39.99
13919,5493,24,3,149.99
13920,5494,64,2,21.99
13921,5495,52,3,24.99
13922,5495,47,1,14.99
13923,5496,60,1,179.99
13924,5496,28,3,89.99
13925,5496,53,3,22.99
13926,5496,53,2,22.99
13927,5497,18,2,26.99
13928,5497,63,2,17.99
13929,5497,67,1,12.99
13930,5497,4,3,24.99
13931,5498,34,1,19.99
13932,5499,2,2,39.99
13933,5499,11,3,34.99
13934,5499,50,1,39.99
13935,5499,24,2,149.99
13936,5500,38,1,18.99
13937,5501,25,3,16.99
13938,5502,6,3,79.99
13939,5503,63,3,17.99
13940,5504,23,2,22.99
13941,5504,3,3,49.99
13942,5505,14,3,99.99
13943,5505,20,1,21.99
13944,5506,8,3,249.99
13945,5506,23,3,22.99
13946,5506,18,3,26.99
13947,5507,45,2,39.99
13948,5508,10,1,149.99
13949,5508,67,3,12.99
13950,5509,32,1,14.99
13951,5509,10,2,149.99
13952,5510,18,2,26.99
13953,5510,27,2,17.99
13954,5511,26,2,159.99
13955,5511,45,2,39.99
13956,5511,59,2,9.99
13957,5511,26,1,159.99
13958,5512,52,1,24.99
13959,5513,68,2,54.99
13960,5513,4,2,24.99
13961,5514,4,2,24.99
13962,5514,10,1,149.99
13963,5514,15,1,29.99
13964,5515,23,3,22.99
13965,5516,65,1,9.99
13966,5516,18,1,26.99
13967,5516,27,1,17.99
13968,5516,62,3,9.99
13969,5517,30,1,44.99
13970,5517,45,2,39.99
13971,5518,14,2,99.99
13972,5518,23,2,22.99
13973,5518,21,1,84.99
13974,5518,45,3,39.99
13975,5519,44,2,34.99
13976,5519,49,3,44.99
13977,5519,48,2,17.99
13978,5520,67,1,12.99
13979,5521,19,2,69.99
13980,5522,54,2,79.99
13981,5522,51,2,32.99
13982,5522,68,2,54.99
13983,5522,57,2,39.99
13984,5523,53,1,22.99
13985,5523,63,2,17.99
13986,5523,22,2,89.99
13987,5524,60,3,179.99
13988,5524,53,3,22.99
13989,5524,48,1,17.99
13990,5525,50,2,39.99
13991,5526,52,3,24.99
13992,5526,58,3,12.99
13993,5527,67,1,12.99
13994,5527,22,2,89.99
13995,5527,13,3,139.99
13996,5527,57,1,39.99
13997,5528,27,1,17.99
13998,5528,43,2,44.99
13999,5528,27,3,17.99
14000,5529,23,3,22.99
14001,5529,37,2,22.99
14002,5529,12,1,22.99
14003,5529,22,1,89.99
14004,5530,29,2,64.99
14005,5530,1,1,129.99
14006,5531,52,2,24.99
14007,5531,14,2,99.99
14008,5532,65,3,9.99
14009,5533,65,1,9.99
14010,5533,39,2,39.99
14011,5533,11,1,34.99
14012,5534,1,2,129.99
14013,5534,28,2,89.99
14014,5534,34,3,19.99
14015,5535,9,1,299.99
14016,5535,56,1,15.99
14017,5536,66,2,34.99
14018,5536,17,2,36.99
14019,5536,11,2,34.99
14020,5537,24,1,149.99
14021,5538,38,1,18.99
14022,5538,7,1,27.99
14023,5538,59,1,9.99
14024,5538,16,3,24.99
14025,5539,65,3,9.99
14026,5539,57,1,39.99
14027,5539,69,1,14.99
14028,5540,53,3,22.99
14029,5541,27,1,17.99
14030,5541,10,2,149.99
14031,5542,61,1,139.99
14032,5543,4,3,24.99
14033,5544,41,2,17.99
14034,5545,47,2,14.99
14035,5545,20,3,21.99
14036,5545,12,3,22.99
14037,5545,41,2,17.99
14038,5546,51,1,32.99
14039,5546,22,1,89.99
14040,5546,18,2,26.99
14041,5546,4,2,24.99
14042,5547,1,1,129.99
14043,5547,37,2,22.99
14044,5547,6,2,79.99
14045,5548,35,2,12.99
14046,5548,36,2,18.99
14047,5548,32,1,14.99
14048,5549,11,1,34.99
14049,5549,59,1,9.99
14050,5549,44,1,34.99
14051,5550,51,3,32.99
14052,5550,16,2,24.99
14053,5550,50,1,39.99
14054,5550,41,2,17.99
14055,5551,7,1,27.99
14056,5552,48,3,17.99
14057,5553,65,2,9.99
14058,5553,30,1,44.99
14059,5554,55,3,16.99
14060,5555,60,3,179.99
14061,5555,13,1,139.99
14062,5556,65,1,9.99
14063,5556,34,1,19.99
14064,5556,48,3,17.99
14065,5556,56,3,15.99
14066,5557,61,3,139.99
14067,5557,9,2,299.99
14068,5557,37,2,22.99
14069,5558,13,3,139.99
14070,5559,29,2,64.99
14071,5559,7,1,27.99
14072,5559,2,3,39.99
14073,5559,36,3,18.99
14074,5560,43,1,44.99
14075,5560,55,2,16.99
14076,5561,4,1,24.99
14077,5562,2,2,39.99
14078,5562,10,1,149.99
14079,5562,17,1,36.99
14080,5562,28,1,89.99
14081,5563,49,2,44.99
14082,5563,2,1,39.99
14083,5563,13,1,139.99
14084,5563,14,2,99.99
14085,5564,68,2,54.99
14086,5564,59,1,9.99
14087,5564,12,2,22.99
14088,5564,49,1,44.99
14089,5565,65,1,9.99
14090,5565,32,2,14.99
14091,5566,39,1,39.99
14092,5566,56,3,15.99
14093,5566,18,1,26.99
14094,5566,44,3,34.99
14095,5567,59,2,9.99
14096,5567,40,3,49.99
14097,5567,11,3,34.99
14098,5567,49,1,44.99
14099,5568,54,3,79.99
14100,5568,44,3,34.99
14101,5568,12,2,22.99
14102,5569,16,3,24.99
14103,5569,53,1,22.99
14104,5569,38,1,18.99
14105,5570,24,2,149.99
14106,5571,63,2,17.99
14107,5571,17,2,36.99
14108,5571,36,1,18.99
14109,5571,47,2,14.99
14110,5572,38,3,18.99
14111,5572,9,2,299.99
14112,5572,26,3,159.99
14113,5573,54,2,79.99
14114,5573,66,3,34.99
14115,5574,58,1,12.99
14116,5575,15,2,29.99
14117,5575,47,3,14.99
14118,5575,67,3,12.99
14119,5576,10,2,149.99
14120,5576,46,1,27.99
14121,5577,40,3,49.99
14122,5577,38,1,18.99
14123,5578,37,1,22.99
14124,5578,62,2,9.99
14125,5578,8,3,249.99
14126,5578,3,2,49.99
14127,5579,20,1,21.99
14128,5579,68,2,54.99
14129,5580,17,2,36.99
14130,5581,10,2,149.99
14131,5581,33,1,13.99
14132,5581,45,2,39.99
14133,5581,7,2,27.99
14134,5582,56,2,15.99
14135,5582,47,1,14.99
14136,5582,36,1,18.99
14137,5582,53,1,22.99
14138,5583,41,3,17.99
14139,5584,13,3,139.99
14140,5584,65,2,9.99
14141,5584,67,1,12.99
14142,5585,69,2,14.99
14143,5585,44,2,34.99
14144,5586,61,3,139.99
14145,5586,50,2,39.99
14146,5586,40,1,49.99
14147,5587,40,1,49.99
14148,5588,34,2,19.99
14149,5588,19,1,69.99
14150,5589,6,2,79.99
14151,5589,56,3,15.99
14152,5590,57,1,39.99
14153,5590,43,2,44.99
14154,5590,30,3,44.99
14155,5590,47,3,14.99
14156,5591,20,2,21.99
14157,5591,40,2,49.99
14158,5591,27,3,17.99
14159,5592,34,2,19.99
14160,5592,39,3,39.99
14161,5592,18,1,26.99
14162,5592,55,1,16.99
14163,5593,13,2,139.99
14164,5593,6,3,79.99
14165,5594,18,3,26.99
14166,5594,37,1,22.99
14167,5595,40,3,49.99
14168,5596,34,3,19.99
14169,5596,25,2,16.99
14170,5596,25,1,16.99
14171,5596,40,3,49.99
14172,5597,65,1,9.99
14173,5598,25,1,16.99
14174,5598,5,1,89.99
14175,5598,14,1,99.99
14176,5599,39,3,39.99
14177,5599,65,2,9.99
14178,5599,47,3,14.99
14179,5600,32,1,14.99
14180,5601,33,3,13.99
14181,5601,18,1,26.99
14182,5601,34,1,19.99
14183,5602,59,2,9.99
14184,5602,45,1,39.99
14185,5602,39,3,39.99
14186,5602,54,1,79.99
14187,5603,9,1,299.99
14188,5604,69,1,14.99
14189,5604,13,1,139.99
14190,5604,43,2,44.99
14191,5604,68,3,54.99
14192,5605,36,3,18.99
14193,5605,47,3,14.99
14194,5605,9,1,299.99
14195,5606,35,3,12.99
14196,5607,54,3,79.99
14197,5608,40,2,49.99
14198,5609,27,2,17.99
14199,5609,1,3,129.99
14200,5610,64,2,21.99
14201,5610,18,2,26.99
14202,5610,47,3,14.99
14203,5611,60,3,179.99
14204,5611,23,3,22.99
14205,5611,26,3,159.99
14206,5611,16,2,24.99
14207,5612,42,2,24.99
14208,5612,5,2,89.99
14209,5613,51,1,32.99
14210,5613,51,1,32.99
14211,5614,52,3,24.99
14212,5614,33,2,13.99
14213,5614,9,1,299.99
14214,5614,19,3,69.99
14215,5615,44,2,34.99
14216,5616,24,1,149.99
14217,5616,43,3,44.99
14218,5616,38,3,18.99
14219,5616,63,2,17.99
14220,5617,56,1,15.99
14221,5617,35,3,12.99
14222,5618,38,3,18.99
14223,5618,69,1,14.99
14224,5618,58,2,12.99
14225,5619,40,3,49.99
14226,5619,9,3,299.99
14227,5619,14,3,99.99
14228,5619,41,2,17.99
14229,5620,63,1,17.99
14230,5621,48,3,17.99
14231,5622,63,3,17.99
14232,5622,4,1,24.99
14233,5622,66,3,34.99
14234,5623,51,1,32.99
14235,5624,1,2,129.99
14236,5625,30,1,44.99
14237,5626,35,2,12.99
14238,5626,61,3,139.99
14239,5626,14,1,99.99
14240,5627,16,2,24.99
14241,5628,18,3,26.99
14242,5629,13,1,139.99
14243,5629,15,2,29.99
14244,5629,27,1,17.99
14245,5630,9,3,299.99
14246,5630,17,1,36.99
14247,5630,25,3,16.99
14248,5630,44,3,34.99
14249,5631,34,1,19.99
14250,5632,33,2,13.99
14251,5632,50,1,39.99
14252,5632,29,1,64.99
14253,5633,32,3,14.99
14254,5634,35,1,12.99
14255,5634,17,3,36.99
14256,5635,23,1,22.99
14257,5635,34,2,19.99
14258,5636,64,1,21.99
14259,5636,39,2,39.99
14260,5636,21,3,84.99
14261,5637,54,3,79.99
14262,5638,49,2,44.99
14263,5638,48,3,17.99
14264,5639,37,3,22.99
14265,5639,67,3,12.99
14266,5640,51,3,32.99
14267,5640,36,2,18.99
14268,5640,12,3,22.99
14269,5641,14,2,99.99
14270,5642,11,3,34.99
14271,5642,4,2,24.99
14272,5642,47,2,14.99
14273,5643,45,3,39.99
14274,5644,44,3,34.99
14275,5644,4,1,24.99
14276,5644,16,1,24.99
14277,5645,50,2,39.99
14278,5645,50,2,39.99
14279,5645,21,3,84.99
14280,5646,50,2,39.99
14281,5646,56,1,15.99
14282,5647,66,2,34.99
14283,5647,31,1,9.99
14284,5647,3,1,49.99
14285,5648,50,1,39.99
14286,5649,60,2,179.99
14287,5649,22,2,89.99
14288,5650,36,1,18.99
14289,5651,4,1,24.99
14290,5651,49,3,44.99
14291,5652,40,1,49.99
14292,5652,14,2,99.99
14293,5652,45,3,39.99
14294,5653,69,2,14.99
14295,5653,21,1,84.99
14296,5653,39,2,39.99
14297,5653,59,3,9.99
14298,5654,11,2,34.99
14299,5655,30,2,44.99
14300,5655,44,1,34.99
14301,5655,11,3,34.99
14302,5655,19,1,69.99
14303,5656,37,3,22.99
14304,5656,6,1,79.99
14305,5656,48,3,17.99
14306,5656,29,2,64.99
14307,5657,38,1,18.99
14308,5657,31,2,9.99
14309,5658,32,1,14.99
14310,5658,12,2,22.99
14311,5658,2,2,39.99
14312,5659,43,3,44.99
14313,5659,61,1,139.99
14314,5659,15,2,29.99
14315,5659,5,3,89.99
14316,5660,18,2,26.99
14317,5661,48,1,17.99
14318,5661,6,3,79.99
14319,5662,24,1,149.99
14320,5662,31,1,9.99
14321,5663,1,1,129.99
14322,5663,22,3,89.99
14323,5663,52,2,24.99
14324,5664,58,1,12.99
14325,5665,25,1,16.99
14326,5666,35,1,12.99
14327,5667,34,3,19.99
14328,5667,11,1,34.99
14329,5667,39,3,39.99
14330,5667,15,3,29.99
14331,5668,13,2,139.99
14332,5668,32,1,14.99
14333,5669,22,2,89.99
14334,5669,56,3,15.99
14335,5670,66,2,34.99
14336,5671,43,2,44.99
14337,5671,5,2,89.99
14338,5671,39,1,39.99
14339,5671,69,2,14.99
14340,5672,54,2,79.99
14341,5673,30,1,44.99
14342,5673,50,2,39.99
14343,5674,37,3,22.99
14344,5675,13,2,139.99
14345,5675,13,3,139.99
14346,5675,50,1,39.99
14347,5675,6,1,79.99
14348,5676,22,2,89.99
14349,5676,47,3,14.99
14350,5676,69,2,14.99
14351,5677,35,1,12.99
14352,5677,20,3,21.99
14353,5678,37,2,22.99
14354,5678,32,1,14.99
14355,5679,33,2,13.99
14356,5679,66,1,34.99
14357,5680,56,1,15.99
14358,5680,49,3,44.99
14359,5680,13,1,139.99
14360,5681,32,3,14.99
14361,5681,8,3,249.99
14362,5681,68,1,54.99
14363,5681,37,3,22.99
14364,5682,35,3,12.99
14365,5683,21,3,84.99
14366,5683,46,1,27.99
14367,5684,66,2,34.99
14368,5684,22,1,89.99
14369,5685,29,2,64.99
14370,5685,10,1,149.99
14371,5685,52,1,24.99
14372,5685,1,3,129.99
14373,5686,60,2,179.99
14374,5686,19,2,69.99
14375,5686,22,3,89.99
14376,5687,29,3,64.99
14377,5687,13,1,139.99
14378,5688,48,1,17.99
14379,5688,46,3,27.99
14380,5688,18,3,26.99
14381,5688,4,3,24.99
14382,5689,33,2,13.99
14383,5689,56,1,15.99
14384,5689,69,3,14.99
14385,5690,32,1,14.99
14386,5690,12,3,22.99
14387,5691,46,2,27.99
14388,5691,69,3,14.99
14389,5691,61,1,139.99
14390,5691,48,1,17.99
14391,5692,9,3,299.99
14392,5692,16,3,24.99
14393,5692,17,1,36.99
14394,5692,27,1,17.99
14395,5693,27,3,17.99
14396,5693,31,1,9.99
14397,5693,66,2,34.99
14398,5694,28,3,89.99
14399,5695,45,3,39.99
14400,5695,49,3,44.99
14401,5695,46,1,27.99
14402,5695,9,2,299.99
14403,5696,16,3,24.99
14404,5696,65,2,9.99
14405,5696,42,2,24.99
14406,5696,69,1,14.99
14407,5697,62,1,9.99
14408,5697,61,2,139.99
14409,5698,4,1,24.99
14410,5698,34,2,19.99
14411,5698,43,3,44.99
14412,5699,63,1,17.99
14413,5699,32,2,14.99
14414,5699,36,3,18.99
14415,5699,50,1,39.99
14416,5700,38,2,18.99
14417,5700,6,2,79.99
14418,5701,15,3,29.99
14419,5701,13,2,139.99
14420,5701,35,3,12.99
14421,5701,2,3,39.99
14422,5702,30,1,44.99
14423,5702,25,3,16.99
14424,5702,67,2,12.99
14425,5703,47,3,14.99
14426,5703,33,3,13.99
14427,5703,1,1,129.99
14428,5703,67,3,12.99
14429,5704,21,2,84.99
14430,5704,49,3,44.99
14431,5704,48,2,17.99
14432,5704,44,2,34.99
14433,5705,42,2,24.99
14434,5705,4,2,24.99
14435,5706,8,1,249.99
14436,5706,67,1,12.99
14437,5707,51,3,32.99
14438,5707,26,3,159.99
14439,5707,35,2,12.99
14440,5708,7,2,27.99
14441,5708,45,2,39.99
14442,5708,18,3,26.99
14443,5709,9,2,299.99
14444,5709,25,1,16.99
14445,5710,58,1,12.99
14446,5710,32,3,14.99
14447,5711,61,2,139.99
14448,5711,30,3,44.99
14449,5711,12,1,22.99
14450,5712,31,3,9.99
14451,5713,30,3,44.99
14452,5714,59,1,9.99
14453,5714,19,3,69.99
14454,5715,49,3,44.99
14455,5715,47,1,14.99
14456,5715,28,3,89.99
14457,5716,65,1,9.99
14458,5716,40,1,49.99
14459,5716,28,3,89.99
14460,5716,22,3,89.99
14461,5717,53,1,22.99
14462,5717,48,3,17.99
14463,5717,20,3,21.99
14464,5718,33,1,13.99
14465,5718,31,3,9.99
14466,5718,11,2,34.99
14467,5719,11,2,34.99
14468,5719,33,1,13.99
14469,5719,34,3,19.99
14470,5719,11,1,34.99
14471,5720,26,3,159.99
14472,5720,25,1,16.99
14473,5721,12,1,22.99
14474,5721,6,2,79.99
14475,5721,6,1,79.99
14476,5721,62,2,9.99
14477,5722,55,1,16.99
14478,5723,32,2,14.99
14479,5724,45,3,39.99
14480,5724,4,3,24.99
14481,5725,15,3,29.99
14482,5725,18,2,26.99
14483,5725,63,2,17.99
14484,5726,55,2,16.99
14485,5727,68,1,54.99
14486,5727,47,1,14.99
14487,5727,68,3,54.99
14488,5728,12,1,22.99
14489,5728,38,3,18.99
14490,5728,53,3,22.99
14491,5729,54,3,79.99
14492,5729,7,3,27.99
14493,5729,68,1,54.99
14494,5729,43,1,44.99
14495,5730,16,2,24.99
14496,5731,13,2,139.99
14497,5731,50,2,39.99
14498,5732,12,1,22.99
14499,5732,2,1,39.99
14500,5732,64,1,21.99
14501,5733,39,3,39.99
14502,5733,45,2,39.99
14503,5733,27,3,17.99
14504,5733,25,1,16.99
14505,5734,21,2,84.99
14506,5734,69,1,14.99
14507,5735,55,1,16.99
14508,5735,16,1,24.99
14509,5735,14,2,99.99
14510,5736,41,1,17.99
14511,5736,52,2,24.99
14512,5737,43,1,44.99
14513,5737,17,2,36.99
14514,5737,67,1,12.99
14515,5737,11,1,34.99
14516,5738,33,3,13.99
14517,5738,47,3,14.99
14518,5738,30,2,44.99
14519,5739,56,1,15.99
14520,5739,47,1,14.99
14521,5739,39,3,39.99
14522,5739,39,1,39.99
14523,5740,66,3,34.99
14524,5740,66,3,34.99
14525,5740,29,2,64.99
14526,5741,64,1,21.99
14527,5741,45,2,39.99
14528,5741,2,3,39.99
14529,5741,39,1,39.99
14530,5742,36,3,18.99
14531,5742,37,1,22.99
14532,5742,36,3,18.99
14533,5743,14,1,99.99
14534,5743,22,1,89.99
14535,5744,54,3,79.99
14536,5744,2,2,39.99
14537,5745,62,1,9.99
14538,5746,55,3,16.99
14539,5746,7,3,27.99
14540,5746,39,2,39.99
14541,5747,11,2,34.99
14542,5747,4,3,24.99
14543,5748,64,3,21.99
14544,5748,1,1,129.99
14545,5748,57,2,39.99
14546,5749,9,3,299.99
14547,5749,21,1,84.99
14548,5749,44,1,34.99
14549,5750,22,3,89.99
14550,5751,53,1,22.99
14551,5751,47,3,14.99
14552,5751,8,1,249.99
14553,5751,5,1,89.99
14554,5752,32,3,14.99
14555,5752,6,1,79.99
14556,5752,23,3,22.99
14557,5752,27,3,17.99
14558,5753,54,3,79.99
14559,5753,47,2,14.99
14560,5754,46,3,27.99
14561,5755,19,1,69.99
14562,5755,34,1,19.99
14563,5755,61,2,139.99
14564,5755,15,2,29.99
14565,5756,66,1,34.99
14566,5757,63,2,17.99
14567,5757,11,2,34.99
14568,5757,55,3,16.99
14569,5758,56,1,15.99
14570,5758,69,3,14.99
14571,5758,46,1,27.99
14572,5758,37,1,22.99
14573,5759,19,1,69.99
14574,5759,42,3,24.99
14575,5760,58,1,12.99
14576,5761,31,2,9.99
14577,5761,14,2,99.99
14578,5761,51,1,32.99
14579,5762,53,3,22.99
14580,5762,17,1,36.99
14581,5762,44,3,34.99
14582,5763,43,2,44.99
14583,5763,1,3,129.99
14584,5763,40,1,49.99
14585,5763,51,2,32.99
14586,5764,26,1,159.99
14587,5764,14,1,99.99
14588,5764,36,3,18.99
14589,5764,63,3,17.99
14590,5765,24,1,149.99
14591,5766,4,1,24.99
14592,5766,10,2,149.99
14593,5766,9,1,299.99
14594,5767,21,3,84.99
14595,5767,7,1,27.99
14596,5767,13,2,139.99
14597,5768,48,3,17.99
14598,5768,45,2,39.99
14599,5769,34,3,19.99
14600,5770,25,1,16.99
14601,5770,69,3,14.99
14602,5770,52,3,24.99
14603,5771,19,1,69.99
14604,5771,44,1,34.99
14605,5771,42,1,24.99
14606,5772,19,1,69.99
14607,5772,50,2,39.99
14608,5772,12,3,22.99
14609,5773,40,2,49.99
14610,5773,65,1,9.99
14611,5773,34,1,19.99
14612,5773,66,3,34.99
14613,5774,20,1,21.99
14614,5774,37,2,22.99
14615,5775,59,1,9.99
14616,5775,49,2,44.99
14617,5775,51,2,32.99
14618,5776,60,1,179.99
14619,5776,65,3,9.99
14620,5776,63,1,17.99
14621,5777,28,1,89.99
14622,5778,38,3,18.99
14623,5779,27,3,17.99
14624,5780,10,1,149.99
14625,5781,18,1,26.99
14626,5782,64,1,21.99
14627,5782,25,1,16.99
14628,5783,28,1,89.99
14629,5783,25,3,16.99
14630,5783,15,2,29.99
14631,5783,43,3,44.99
14632,5784,1,2,129.99
14633,5784,58,2,12.99
14634,5784,61,3,139.99
14635,5784,2,1,39.99
14636,5785,27,1,17.99
14637,5785,28,1,89.99
14638,5785,69,3,14.99
14639,5785,18,3,26.99
14640,5786,24,3,149.99
14641,5786,5,3,89.99
14642,5787,45,1,39.99
14643,5787,7,2,27.99
14644,5787,66,2,34.99
14645,5788,39,2,39.99
14646,5789,39,2,39.99
14647,5789,32,2,14.99
14648,5789,42,3,24.99
14649,5790,66,2,34.99
14650,5790,56,1,15.99
14651,5790,52,2,24.99
14652,5790,69,1,14.99
14653,5791,44,1,34.99
14654,5791,21,2,84.99
14655,5791,69,3,14.99
14656,5792,37,3,22.99
14657,5792,11,2,34.99
14658,5792,9,1,299.99
14659,5793,22,2,89.99
14660,5793,3,1,49.99
14661,5793,3,1,49.99
14662,5794,5,2,89.99
14663,5794,12,2,22.99
14664,5794,37,2,22.99
14665,5794,34,1,19.99
14666,5795,12,1,22.99
14667,5795,22,1,89.99
14668,5795,36,1,18.99
14669,5795,66,3,34.99
14670,5796,10,3,149.99
14671,5796,14,3,99.99
14672,5797,56,1,15.99
14673,5797,25,1,16.99
14674,5797,40,3,49.99
14675,5797,40,1,49.99
14676,5798,35,2,12.99
14677,5798,66,1,34.99
14678,5799,68,3,54.99
14679,5799,58,1,12.99
14680,5800,46,3,27.99
14681,5800,26,3,159.99
14682,5800,4,3,24.99
14683,5800,51,1,32.99
14684,5801,5,2,89.99
14685,5801,35,2,12.99
14686,5802,61,3,139.99
14687,5802,65,2,9.99
14688,5802,54,1,79.99
14689,5802,21,2,84.99
14690,5803,26,1,159.99
14691,5804,30,1,44.99
14692,5804,51,1,32.99
14693,5804,1,3,129.99
14694,5804,47,2,14.99
14695,5805,59,1,9.99
14696,5805,43,3,44.99
14697,5805,7,2,27.99
14698,5806,44,2,34.99
14699,5807,39,3,39.99
14700,5807,5,2,89.99
14701,5808,41,3,17.99
14702,5808,61,2,139.99
14703,5808,22,3,89.99
14704,5809,35,2,12.99
14705,5809,39,3,39.99
14706,5809,2,1,39.99
14707,5809,40,3,49.99
14708,5810,8,3,249.99
14709,5810,2,2,39.99
14710,5810,40,1,49.99
14711,5811,40,3,49.99
14712,5811,60,2,179.99
14713,5812,55,2,16.99
14714,5812,64,2,21.99
14715,5813,56,1,15.99
14716,5813,45,1,39.99
14717,5814,30,3,44.99
14718,5815,6,2,79.99
14719,5815,37,1,22.99
14720,5815,32,1,14.99
14721,5816,3,1,49.99
14722,5816,36,1,18.99
14723,5816,36,3,18.99
14724,5817,62,1,9.99
14725,5818,16,1,24.99
14726,5818,67,3,12.99
14727,5818,29,2,64.99
14728,5818,10,1,149.99
14729,5819,15,1,29.99
14730,5819,49,1,44.99
14731,5819,31,1,9.99
14732,5819,5,2,89.99
14733,5820,63,3,17.99
14734,5820,51,2,32.99
14735,5820,45,2,39.99
14736,5821,46,3,27.99
14737,5822,57,1,39.99
14738,5822,5,2,89.99
14739,5822,58,3,12.99
14740,5823,32,1,14.99
14741,5823,67,1,12.99
14742,5823,25,2,16.99
14743,5824,42,3,24.99
14744,5825,62,2,9.99
14745,5825,60,3,179.99
14746,5825,24,2,149.99
14747,5826,64,2,21.99
14748,5827,59,1,9.99
14749,5828,65,2,9.99
14750,5828,50,1,39.99
14751,5829,50,3,39.99
14752,5829,52,3,24.99
14753,5829,50,1,39.99
14754,5829,1,2,129.99
14755,5830,7,2,27.99
14756,5831,52,3,24.99
14757,5831,48,2,17.99
14758,5831,25,2,16.99
14759,5831,47,1,14.99
14760,5832,32,3,14.99
14761,5832,65,1,9.99
14762,5833,46,1,27.99
14763,5833,19,1,69.99
14764,5834,10,1,149.99
14765,5835,65,3,9.99
14766,5836,49,2,44.99
14767,5836,42,3,24.99
14768,5837,11,1,34.99
14769,5837,47,3,14.99
14770,5837,33,1,13.99
14771,5837,67,1,12.99
14772,5838,32,2,14.99
14773,5838,22,3,89.99
14774,5838,59,2,9.99
14775,5838,13,3,139.99
14776,5839,26,3,159.99
14777,5840,42,2,24.99
14778,5841,28,1,89.99
14779,5841,56,2,15.99
14780,5841,40,2,49.99
14781,5842,28,2,89.99
14782,5842,33,3,13.99
14783,5842,26,2,159.99
14784,5842,56,1,15.99
14785,5843,40,2,49.99
14786,5844,41,3,17.99
14787,5845,49,1,44.99
14788,5846,13,3,139.99
14789,5846,61,3,139.99
14790,5847,8,3,249.99
14791,5847,24,2,149.99
14792,5847,46,3,27.99
14793,5847,28,3,89.99
14794,5848,53,2,22.99
14795,5848,51,2,32.99
14796,5848,16,2,24.99
14797,5848,35,2,12.99
14798,5849,65,2,9.99
14799,5849,22,3,89.99
14800,5850,65,1,9.99
14801,5850,46,2,27.99
14802,5850,67,2,12.99
14803,5850,28,1,89.99
14804,5851,3,3,49.99
14805,5851,37,3,22.99
14806,5851,45,3,39.99
14807,5852,64,1,21.99
14808,5852,36,3,18.99
14809,5852,44,3,34.99
14810,5852,30,1,44.99
14811,5853,58,2,12.99
14812,5853,16,2,24.99
14813,5853,63,3,17.99
14814,5854,15,3,29.99
14815,5854,20,2,21.99
14816,5854,37,1,22.99
14817,5855,7,3,27.99
14818,5856,55,2,16.99
14819,5857,63,2,17.99
14820,5857,37,2,22.99
14821,5857,52,3,24.99
14822,5857,31,3,9.99
14823,5858,66,2,34.99
14824,5858,12,1,22.99
14825,5859,38,2,18.99
14826,5860,54,3,79.99
14827,5860,12,3,22.99
14828,5860,23,1,22.99
14829,5861,3,2,49.99
14830,5861,43,1,44.99
14831,5861,32,1,14.99
14832,5862,37,3,22.99
14833,5862,18,2,26.99
14834,5862,9,2,299.99
14835,5862,7,3,27.99
14836,5863,5,3,89.99
14837,5863,20,3,21.99
14838,5864,17,2,36.99
14839,5864,68,3,54.99
14840,5864,24,1,149.99
14841,5865,61,1,139.99
14842,5865,14,2,99.99
14843,5865,50,1,39.99
14844,5866,35,1,12.99
14845,5867,20,3,21.99
14846,5868,45,2,39.99
14847,5868,22,2,89.99
14848,5868,67,1,12.99
14849,5868,43,3,44.99
14850,5869,42,2,24.99
14851,5870,39,1,39.99
14852,5870,21,3,84.99
14853,5870,51,3,32.99
14854,5871,17,2,36.99
14855,5872,62,2,9.99
14856,5872,11,1,34.99
14857,5873,8,3,249.99
14858,5874,54,1,79.99
14859,5875,33,2,13.99
14860,5875,36,3,18.99
14861,5876,31,1,9.99
14862,5876,24,1,149.99
14863,5877,47,1,14.99
14864,5877,3,2,49.99
14865,5877,38,1,18.99
14866,5878,29,2,64.99
14867,5878,62,2,9.99
14868,5878,16,2,24.99
14869,5878,22,2,89.99
14870,5879,27,1,17.99
14871,5879,28,1,89.99
14872,5879,8,2,249.99
14873,5879,35,2,12.99
14874,5880,7,1,27.99
14875,5881,20,3,21.99
14876,5881,5,1,89.99
14877,5881,57,1,39.99
14878,5881,67,2,12.99
14879,5882,58,3,12.99
14880,5883,35,2,12.99
14881,5883,15,1,29.99
14882,5884,26,3,159.99
14883,5884,50,1,39.99
14884,5885,29,1,64.99
14885,5885,58,2,12.99
14886,5885,11,1,34.99
14887,5885,31,2,9.99
14888,5886,10,1,149.99
14889,5886,7,2,27.99
14890,5886,36,3,18.99
14891,5886,57,2,39.99
14892,5887,50,3,39.99
14893,5887,37,2,22.99
14894,5887,30,3,44.99
14895,5888,17,1,36.99
14896,5888,31,1,9.99
14897,5888,22,1,89.99
14898,5889,16,3,24.99
14899,5890,3,3,49.99
14900,5890,9,1,299.99
14901,5890,7,1,27.99
14902,5890,47,3,14.99
14903,5891,42,1,24.99
14904,5891,7,3,27.99
14905,5892,27,2,17.99
14906,5893,42,1,24.99
14907,5894,55,2,16.99
14908,5894,57,1,39.99
14909,5894,35,3,12.99
14910,5894,10,3,149.99
14911,5895,38,2,18.99
14912,5896,51,3,32.99
14913,5896,35,1,12.99
14914,5896,52,3,24.99
14915,5897,5,1,89.99
14916,5898,52,2,24.99
14917,5898,53,2,22.99
14918,5898,49,3,44.99
14919,5898,31,1,9.99
14920,5899,58,2,12.99
14921,5899,49,2,44.99
14922,5899,57,2,39.99
14923,5899,18,1,26.99
14924,5900,32,2,14.99
14925,5900,67,2,12.99
14926,5900,17,3,36.99
14927,5901,38,2,18.99
14928,5901,2,1,39.99
14929,5901,29,3,64.99
14930,5901,38,2,18.99
14931,5902,42,2,24.99
14932,5902,11,3,34.99
14933,5902,32,1,14.99
14934,5902,15,1,29.99
14935,5903,20,3,21.99
14936,5904,14,1,99.99
14937,5904,51,3,32.99
14938,5904,2,2,39.99
14939,5904,61,2,139.99
14940,5905,22,1,89.99
14941,5906,64,2,21.99
14942,5906,34,2,19.99
14943,5907,45,2,39.99
14944,5908,37,1,22.99
14945,5908,39,3,39.99
14946,5908,61,1,139.99
14947,5909,53,2,22.99
14948,5909,67,2,12.99
14949,5910,65,1,9.99
14950,5911,20,1,21.99
14951,5911,20,1,21.99
14952,5912,22,3,89.99
14953,5912,58,3,12.99
14954,5913,60,1,179.99
14955,5914,35,2,12.99
14956,5915,51,3,32.99
14957,5915,31,1,9.99
14958,5915,50,2,39.99
14959,5915,49,3,44.99
14960,5916,60,2,179.99
14961,5917,67,1,12.99
14962,5918,13,2,139.99
14963,5918,26,3,159.99
14964,5918,25,3,16.99
14965,5918,31,1,9.99
14966,5919,24,2,149.99
14967,5920,16,2,24.99
14968,5921,67,2,12.99
14969,5922,20,1,21.99
14970,5923,31,2,9.99
14971,5924,49,3,44.99
14972,5924,18,1,26.99
14973,5925,12,2,22.99
14974,5925,20,2,21.99
14975,5925,63,2,17.99
14976,5925,48,1,17.99
14977,5926,11,3,34.99
14978,5926,46,3,27.99
14979,5926,10,1,149.99
14980,5927,68,1,54.99
14981,5927,35,3,12.99
14982,5927,57,1,39.99
14983,5927,8,1,249.99
14984,5928,68,2,54.99
14985,5929,40,2,49.99
14986,5929,69,3,14.99
14987,5929,54,1,79.99
14988,5929,49,2,44.99
14989,5930,43,1,44.99
14990,5930,39,3,39.99
14991,5930,11,3,34.99
14992,5930,48,3,17.99
14993,5931,14,1,99.99
14994,5931,47,1,14.99
14995,5931,12,1,22.99
14996,5931,69,2,14.99
14997,5932,23,2,22.99
14998,5932,26,2,159.99
14999,5933,48,1,17.99
15000,5933,63,3,17.99
15001,5934,9,1,299.99
15002,5935,56,2,15.99
15003,5935,61,1,139.99
15004,5935,39,3,39.99
15005,5936,61,1,139.99
15006,5937,14,2,99.99
15007,5937,11,3,34.99
15008,5937,8,2,249.99
15009,5937,48,1,17.99
15010,5938,41,3,17.99
15011,5938,6,2,79.99
15012,5938,24,1,149.99
15013,5939,33,1,13.99
15014,5940,12,2,22.99
15015,5940,49,1,44.99
15016,5941,40,1,49.99
15017,5941,35,2,12.99
15018,5941,33,1,13.99
15019,5941,31,3,9.99
15020,5942,13,3,139.99
15021,5942,24,2,149.99
15022,5943,61,1,139.99
15023,5943,62,2,9.99
15024,5944,30,2,44.99
15025,5944,48,2,17.99
15026,5944,13,3,139.99
15027,5944,10,3,149.99
15028,5945,55,1,16.99
15029,5945,56,1,15.99
15030,5945,11,3,34.99
15031,5945,39,2,39.99
15032,5946,16,2,24.99
15033,5946,54,2,79.99
15034,5946,41,3,17.99
15035,5946,23,1,22.99
15036,5947,17,3,36.99
15037,5947,60,2,179.99
15038,5947,9,3,299.99
15039,5947,36,2,18.99
15040,5948,47,3,14.99
15041,5949,39,1,39.99
15042,5949,31,1,9.99
15043,5949,28,2,89.99
15044,5949,37,3,22.99
15045,5950,53,1,22.99
15046,5950,9,2,299.99
15047,5950,37,2,22.99
15048,5951,12,1,22.99
15049,5951,68,2,54.99
15050,5951,10,3,149.99
15051,5952,66,3,34.99
15052,5953,68,1,54.99
15053,5953,24,2,149.99
15054,5953,38,1,18.99
15055,5954,47,1,14.99
15056,5954,9,3,299.99
15057,5955,22,3,89.99
15058,5955,40,3,49.99
15059,5955,3,3,49.99
15060,5956,37,3,22.99
15061,5957,66,1,34.99
15062,5958,53,2,22.99
15063,5958,20,3,21.99
15064,5959,46,1,27.99
15065,5959,14,1,99.99
15066,5959,48,3,17.99
15067,5960,68,3,54.99
15068,5960,57,3,39.99
15069,5960,64,3,21.99
15070,5961,39,1,39.99
15071,5961,32,1,14.99
15072,5962,24,1,149.99
15073,5963,41,1,17.99
15074,5963,2,2,39.99
15075,5964,42,2,24.99
15076,5965,24,1,149.99
15077,5965,63,3,17.99
15078,5965,6,2,79.99
15079,5965,21,3,84.99
15080,5966,61,2,139.99
15081,5966,17,2,36.99
15082,5966,41,2,17.99
15083,5967,4,3,24.99
15084,5968,13,1,139.99
15085,5969,19,3,69.99
15086,5969,64,2,21.99
15087,5969,65,2,9.99
15088,5969,31,1,9.99
15089,5970,52,1,24.99
15090,5970,61,3,139.99
15091,5970,64,2,21.99
15092,5971,12,1,22.99
15093,5971,35,3,12.99
15094,5971,8,3,249.99
15095,5972,66,2,34.99
15096,5973,47,2,14.99
15097,5973,57,1,39.99
15098,5973,38,3,18.99
15099,5973,2,3,39.99
15100,5974,46,2,27.99
15101,5974,54,3,79.99
15102,5974,55,2,16.99
15103,5974,2,3,39.99
15104,5975,51,3,32.99
15105,5975,39,2,39.99
15106,5975,69,2,14.99
15107,5975,57,3,39.99
15108,5976,7,2,27.99
15109,5977,12,1,22.99
15110,5977,5,2,89.99
15111,5977,58,3,12.99
15112,5978,25,1,16.99
15113,5979,5,2,89.99
15114,5979,39,3,39.99
15115,5979,5,1,89.99
15116,5980,31,3,9.99
15117,5980,24,3,149.99
15118,5981,40,2,49.99
15119,5981,39,3,39.99
15120,5981,27,2,17.99
15121,5982,49,2,44.99
15122,5982,30,2,44.99
15123,5982,67,3,12.99
15124,5982,35,3,12.99
15125,5983,39,1,39.99
15126,5983,7,1,27.99
15127,5983,66,2,34.99
15128,5984,7,3,27.99
15129,5985,51,2,32.99
15130,5985,49,2,44.99
15131,5985,63,1,17.99
15132,5985,52,3,24.99
15133,5986,33,2,13.99
15134,5986,49,2,44.99
15135,5986,67,3,12.99
15136,5986,64,3,21.99
15137,5987,40,1,49.99
15138,5988,64,2,21.99
15139,5988,68,1,54.99
15140,5989,12,1,22.99
15141,5989,49,3,44.99
15142,5989,55,2,16.99
15143,5989,55,1,16.99
15144,5990,15,2,29.99
15145,5990,10,2,149.99
15146,5990,42,1,24.99
15147,5990,25,1,16.99
15148,5991,7,2,27.99
15149,5992,44,3,34.99
15150,5992,35,3,12.99
15151,5992,53,1,22.99
15152,5992,58,2,12.99
15153,5993,55,1,16.99
15154,5993,40,1,49.99
15155,5993,59,1,9.99
15156,5994,20,3,21.99
15157,5994,53,1,22.99
15158,5994,56,3,15.99
15159,5995,40,1,49.99
15160,5995,65,3,9.99
15161,5995,52,2,24.99
15162,5996,56,2,15.99
15163,5997,51,1,32.99
15164,5998,3,2,49.99
15165,5998,53,3,22.99
15166,5999,20,3,21.99
15167,5999,3,3,49.99
15168,5999,14,2,99.99
15169,5999,17,1,36.99
15170,6000,44,1,34.99
