pago_id,pedido_id,fecha_pago,importe,metodo_pago
1,1,"2022-07-11 02:06:00",194.96,transferencia
2,2,"2021-07-02 13:12:00",127.96,transferencia
3,3,"2022-03-08 01:32:00",254.97,tarjeta_regalo
4,4,"2023-11-20 03:45:00",169.94,transferencia
5,5,"2022-08-31 15:30:00",485.95,transferencia
6,6,"2023-12-06 09:51:00",275.92,transferencia
7,7,"2023-07-04 00:46:00",175.96,transferencia
8,8,"2023-04-27 20:52:00",14.99,tarjeta_regalo
9,9,"2023-05-24 23:05:00",134.97,paypal
10,10,"2023-03-12 14:37:00",19.98,paypal
11,11,"2022-02-05 01:58:00",209.95,paypal
12,12,"2021-11-03 08:19:00",101.94,transferencia
13,13,"2023-05-12 02:05:00",166.94,paypal
14,14,"2023-09-19 06:22:00",62.97,transferencia
15,15,"2022-06-17 12:06:00",240.92,transferencia
16,16,"2023-01-25 09:46:00",1113.90,tarjeta_regalo
17,17,"2023-04-18 22:01:00",46.97,transferencia
18,18,"2023-10-21 18:48:00",127.93,paypal
19,19,"2023-03-16 03:09:00",740.92,tarjeta_regalo
20,20,"2021-09-14 01:33:00",270.94,tarjeta_regalo
21,21,"2023-11-25 14:54:00",639.91,tarjeta_regalo
22,22,"2023-11-24 08:49:00",574.93,tarjeta_regalo
23,23,"2021-09-10 17:09:00",33.98,transferencia
24,24,"2022-08-01 01:07:00",319.98,tarjeta_regalo
25,25,"2023-12-12 00:49:00",241.93,tarjeta_regalo
26,26,"2023-06-23 09:26:00",45.98,transferencia
27,27,"2022-09-02 15:35:00",361.91,tarjeta_credito
28,28,"2023-07-05 05:53:00",884.92,tarjeta_credito
29,29,"2023-07-22 00:58:00",199.95,tarjeta_credito
30,30,"2021-11-14 06:28:00",260.96,transferencia
31,31,"2023-04-06 03:04:00",110.97,tarjeta_credito
32,32,"2023-08-03 21:59:00",454.95,tarjeta_regalo
33,33,"2022-04-13 09:13:00",80.97,tarjeta_credito
34,34,"2023-09-17 22:28:00",124.94,tarjeta_regalo
35,35,"2023-02-14 00:17:00",79.98,tarjeta_regalo
36,36,"2023-03-26 23:15:00",49.98,paypal
37,37,"2023-04-24 13:42:00",128.94,tarjeta_regalo
38,38,"2023-07-31 16:02:00",134.97,paypal
39,39,"2023-09-09 10:39:00",443.92,tarjeta_regalo
40,40,"2022-08-19 11:44:00",177.92,transferencia
41,42,"2023-06-03 22:01:00",76.95,tarjeta_regalo
42,43,"2023-03-06 15:58:00",539.97,tarjeta_credito
43,44,"2022-09-23 22:49:00",79.98,tarjeta_credito
44,45,"2023-12-17 04:03:00",169.92,transferencia
45,46,"2023-04-30 16:45:00",128.96,tarjeta_regalo
46,47,"2023-02-27 14:08:00",96.96,tarjeta_regalo
47,48,"2023-12-19 23:34:00",309.95,tarjeta_credito
48,50,"2022-12-05 17:40:00",207.96,transferencia
49,51,"2023-02-12 09:15:00",215.96,transferencia
50,52,"2022-05-16 18:47:00",110.97,paypal
51,53,"2022-02-14 09:51:00",121.95,transferencia
52,54,"2023-01-11 18:25:00",67.97,tarjeta_regalo
53,55,"2023-05-10 12:32:00",129.96,tarjeta_regalo
54,56,"2023-11-26 04:10:00",339.93,paypal
55,57,"2023-12-26 07:18:00",41.97,tarjeta_regalo
56,58,"2022-04-28 12:34:00",14.99,paypal
57,59,"2022-10-10 23:40:00",789.94,transferencia
58,60,"2022-11-02 04:43:00",227.96,paypal
59,61,"2023-10-26 04:12:00",59.98,paypal
60,62,"2023-02-07 20:41:00",69.98,paypal
61,63,"2023-12-15 01:55:00",129.98,tarjeta_regalo
62,64,"2022-10-13 05:44:00",441.93,tarjeta_regalo
63,65,"2023-11-03 02:00:00",175.93,paypal
64,66,"2023-06-29 01:07:00",319.94,tarjeta_credito
65,67,"2022-11-06 05:37:00",431.91,paypal
66,68,"2023-05-18 20:54:00",235.92,transferencia
67,69,"2022-08-30 06:06:00",249.93,tarjeta_regalo
68,70,"2023-08-24 18:01:00",194.97,transferencia
69,71,"2023-06-24 14:13:00",400.90,tarjeta_credito
70,72,"2023-02-20 06:00:00",245.91,paypal
71,73,"2023-07-27 21:48:00",845.94,tarjeta_credito
72,74,"2021-06-26 01:54:00",37.98,tarjeta_regalo
73,75,"2022-03-17 01:47:00",159.95,paypal
74,76,"2022-05-12 10:05:00",736.93,tarjeta_regalo
75,77,"2023-11-01 18:40:00",267.96,tarjeta_regalo
76,78,"2023-08-18 04:04:00",391.92,tarjeta_regalo
77,79,"2023-03-16 11:28:00",324.93,paypal
78,80,"2022-05-06 13:46:00",344.97,tarjeta_regalo
79,81,"2022-06-30 22:17:00",399.94,transferencia
80,82,"2021-11-22 00:55:00",337.96,tarjeta_regalo
81,83,"2023-10-20 04:57:00",474.94,tarjeta_regalo
82,84,"2022-12-17 23:53:00",103.95,paypal
83,85,"2022-06-06 03:08:00",259.92,paypal
84,86,"2022-12-16 08:52:00",89.97,tarjeta_regalo
85,87,"2021-06-28 23:32:00",79.98,tarjeta_credito
86,88,"2023-01-02 03:39:00",67.96,paypal
87,89,"2023-10-24 01:57:00",274.96,tarjeta_regalo
88,90,"2023-12-27 23:51:00",373.94,tarjeta_regalo
89,91,"2022-05-14 08:03:00",106.96,tarjeta_regalo
90,92,"2022-12-11 20:57:00",250.94,tarjeta_regalo
91,93,"2023-04-11 21:12:00",299.98,paypal
92,94,"2023-08-03 15:28:00",178.94,transferencia
93,95,"2022-10-25 22:50:00",84.99,transferencia
94,96,"2022-11-17 05:41:00",249.99,tarjeta_credito
95,97,"2023-10-21 12:24:00",50.97,tarjeta_regalo
96,98,"2023-07-19 17:48:00",24.99,tarjeta_credito
97,99,"2022-08-07 10:32:00",942.94,tarjeta_regalo
98,100,"2023-05-22 05:36:00",529.92,tarjeta_credito
99,101,"2023-08-17 21:40:00",259.98,tarjeta_regalo
100,102,"2023-07-11 20:23:00",177.93,paypal
101,103,"2022-06-21 18:52:00",73.97,paypal
102,104,"2023-10-13 08:05:00",73.96,tarjeta_credito
103,105,"2023-11-13 09:01:00",83.97,tarjeta_credito
104,106,"2023-11-29 09:42:00",1000.91,tarjeta_credito
105,107,"2021-03-24 22:16:00",115.96,paypal
106,108,"2023-06-12 01:18:00",240.93,tarjeta_regalo
107,109,"2023-09-24 13:05:00",63.97,tarjeta_regalo
108,110,"2023-06-06 05:36:00",456.90,transferencia
109,111,"2022-10-02 15:44:00",19.98,transferencia
110,112,"2023-08-08 20:03:00",591.94,transferencia
111,113,"2022-08-02 15:31:00",342.97,tarjeta_regalo
112,114,"2022-11-21 01:29:00",103.96,transferencia
113,115,"2023-05-30 16:55:00",377.88,tarjeta_regalo
114,116,"2023-08-18 02:26:00",79.98,tarjeta_credito
115,117,"2022-05-07 07:56:00",21.99,transferencia
116,118,"2022-07-04 19:36:00",564.92,paypal
117,119,"2023-06-02 19:09:00",167.92,paypal
118,121,"2023-11-30 14:27:00",458.91,transferencia
119,122,"2023-09-15 05:11:00",25.98,tarjeta_credito
120,123,"2022-09-14 02:04:00",509.94,paypal
121,124,"2023-02-14 02:26:00",303.93,tarjeta_regalo
122,125,"2023-09-26 00:11:00",175.94,tarjeta_regalo
123,126,"2023-02-08 14:28:00",719.93,transferencia
124,127,"2023-11-24 01:26:00",199.97,transferencia
125,128,"2023-10-02 15:54:00",75.97,paypal
126,129,"2021-09-05 13:56:00",13.99,transferencia
127,130,"2022-12-24 00:06:00",34.99,paypal
128,131,"2023-04-29 18:30:00",130.95,tarjeta_credito
129,132,"2023-04-14 21:25:00",694.92,paypal
130,133,"2023-02-05 16:05:00",255.93,tarjeta_credito
131,134,"2023-10-04 06:55:00",34.99,transferencia
132,136,"2023-11-15 07:14:00",50.96,transferencia
133,137,"2023-10-21 08:22:00",224.94,tarjeta_credito
134,138,"2021-06-20 11:59:00",274.93,tarjeta_regalo
135,139,"2023-12-13 01:11:00",163.91,tarjeta_regalo
136,141,"2022-05-17 06:18:00",48.97,transferencia
137,142,"2021-07-25 06:07:00",134.97,tarjeta_regalo
138,144,"2022-01-20 17:19:00",307.92,transferencia
139,145,"2023-04-19 02:45:00",148.95,transferencia
140,146,"2022-10-12 15:34:00",169.92,transferencia
141,147,"2022-12-23 18:05:00",173.94,tarjeta_credito
142,148,"2022-06-14 14:28:00",599.94,transferencia
143,149,"2023-12-21 02:25:00",54.98,transferencia
144,150,"2023-06-08 17:03:00",307.94,paypal
145,151,"2023-09-04 21:02:00",205.95,paypal
146,152,"2023-11-09 00:10:00",164.96,transferencia
147,153,"2023-11-29 08:27:00",873.90,tarjeta_regalo
148,154,"2023-12-05 01:44:00",150.93,paypal
149,155,"2021-04-20 08:20:00",103.95,tarjeta_credito
150,156,"2023-05-06 12:10:00",126.96,transferencia
151,157,"2023-07-28 23:04:00",226.94,transferencia
152,158,"2022-04-24 21:45:00",343.90,tarjeta_regalo
153,159,"2023-10-01 12:48:00",47.97,tarjeta_credito
154,160,"2023-11-12 08:18:00",228.95,paypal
155,161,"2021-12-02 19:44:00",74.97,paypal
156,162,"2023-11-19 13:32:00",188.93,tarjeta_credito
157,163,"2023-03-13 20:33:00",69.98,paypal
158,164,"2023-06-09 21:23:00",58.97,paypal
159,165,"2023-03-21 07:31:00",63.97,tarjeta_credito
160,166,"2023-02-09 16:14:00",409.93,tarjeta_regalo
161,167,"2022-09-04 14:09:00",313.92,paypal
162,168,"2022-03-01 14:53:00",149.97,tarjeta_regalo
163,169,"2023-03-31 20:07:00",519.94,paypal
164,170,"2022-09-11 14:59:00",155.95,tarjeta_regalo
165,171,"2022-11-12 16:10:00",782.92,tarjeta_regalo
166,172,"2022-09-26 02:16:00",144.93,tarjeta_regalo
167,173,"2023-03-01 20:54:00",122.91,tarjeta_credito
168,174,"2022-09-28 18:59:00",393.91,tarjeta_credito
169,175,"2022-04-07 19:49:00",480.93,paypal
170,176,"2022-04-20 07:11:00",670.91,transferencia
171,177,"2022-08-11 02:29:00",178.92,tarjeta_credito
172,178,"2023-03-17 21:58:00",415.96,paypal
173,179,"2022-10-28 00:03:00",179.98,transferencia
174,180,"2022-01-25 18:36:00",119.94,tarjeta_credito
175,181,"2022-03-22 10:00:00",44.97,transferencia
176,182,"2022-07-01 22:12:00",394.92,tarjeta_credito
177,183,"2022-04-24 17:20:00",399.95,transferencia
178,184,"2023-03-13 21:05:00",333.92,tarjeta_credito
179,186,"2022-07-31 10:26:00",49.98,tarjeta_regalo
180,187,"2022-12-12 19:39:00",636.92,transferencia
181,188,"2022-03-05 12:20:00",233.90,paypal
182,189,"2023-10-14 20:03:00",71.98,paypal
183,190,"2023-02-06 08:34:00",183.90,paypal
184,191,"2023-04-03 05:57:00",449.97,tarjeta_regalo
185,192,"2022-04-18 20:37:00",260.92,paypal
186,193,"2023-02-26 12:13:00",110.97,transferencia
187,194,"2023-02-24 23:11:00",100.97,paypal
188,195,"2023-11-07 20:22:00",522.90,tarjeta_regalo
189,196,"2023-06-01 13:06:00",29.97,tarjeta_credito
190,197,"2022-06-14 04:22:00",579.97,paypal
191,198,"2022-09-06 22:15:00",203.92,paypal
192,199,"2022-05-01 19:33:00",18.99,paypal
193,200,"2022-12-25 03:02:00",14.99,tarjeta_regalo
194,201,"2023-05-30 11:57:00",819.96,tarjeta_credito
195,202,"2022-11-14 12:13:00",102.96,tarjeta_credito
196,203,"2023-12-03 09:56:00",569.96,tarjeta_credito
197,204,"2023-04-08 12:00:00",134.93,tarjeta_regalo
198,205,"2022-03-12 07:38:00",292.96,transferencia
199,206,"2023-11-02 02:37:00",339.95,transferencia
200,207,"2023-11-11 05:36:00",216.97,transferencia
201,208,"2022-03-17 20:07:00",544.92,transferencia
202,209,"2022-03-24 05:53:00",149.97,tarjeta_credito
203,210,"2022-04-28 20:51:00",509.94,tarjeta_credito
204,211,"2023-10-13 22:35:00",83.97,tarjeta_regalo
205,212,"2022-07-15 14:28:00",349.93,tarjeta_credito
206,213,"2022-04-18 19:50:00",116.98,tarjeta_credito
207,214,"2023-10-28 07:32:00",160.96,paypal
208,215,"2023-06-04 00:43:00",56.96,paypal
209,216,"2022-01-28 18:17:00",40.98,transferencia
210,218,"2021-11-27 01:40:00",39.99,tarjeta_credito
211,219,"2023-07-05 04:20:00",186.94,paypal
212,220,"2023-04-24 23:19:00",73.96,paypal
213,221,"2023-11-02 20:50:00",490.91,paypal
214,222,"2023-12-04 18:33:00",124.96,tarjeta_credito
215,223,"2023-09-08 08:08:00",259.91,transferencia
216,224,"2023-07-31 00:03:00",27.99,transferencia
217,225,"2023-08-10 07:47:00",639.93,tarjeta_regalo
218,226,"2023-09-19 02:09:00",237.95,paypal
219,227,"2022-11-30 06:27:00",286.98,transferencia
220,228,"2023-10-21 12:12:00",220.95,tarjeta_regalo
221,229,"2021-10-22 10:45:00",608.90,paypal
222,230,"2021-12-17 18:14:00",123.96,tarjeta_credito
223,231,"2023-10-29 23:46:00",269.97,transferencia
224,232,"2022-03-19 03:15:00",443.89,paypal
225,233,"2023-06-19 09:50:00",47.97,transferencia
226,234,"2022-12-30 18:11:00",17.99,transferencia
227,235,"2023-12-03 09:48:00",759.96,tarjeta_credito
228,236,"2023-08-19 01:38:00",194.94,tarjeta_regalo
229,237,"2023-03-06 01:38:00",374.95,tarjeta_regalo
230,238,"2023-08-20 19:10:00",365.93,tarjeta_credito
231,239,"2022-04-19 03:20:00",61.98,transferencia
232,240,"2023-11-24 13:52:00",238.94,tarjeta_regalo
233,241,"2022-07-24 00:37:00",288.95,tarjeta_regalo
234,242,"2023-09-12 03:34:00",384.90,transferencia
235,243,"2023-11-06 09:14:00",345.96,paypal
236,245,"2022-10-10 07:19:00",79.96,tarjeta_credito
237,246,"2023-08-07 13:22:00",304.95,transferencia
238,247,"2022-01-08 15:25:00",73.95,transferencia
239,248,"2023-10-05 16:44:00",119.94,paypal
240,249,"2022-10-17 22:31:00",429.89,transferencia
241,250,"2022-04-29 14:14:00",289.93,tarjeta_regalo
242,251,"2023-11-16 20:22:00",333.95,tarjeta_credito
243,252,"2022-03-13 10:56:00",55.97,paypal
244,253,"2023-05-16 12:08:00",170.91,transferencia
245,254,"2023-08-19 06:41:00",68.97,tarjeta_credito
246,255,"2023-04-08 18:30:00",103.93,tarjeta_credito
247,256,"2022-08-24 23:16:00",254.94,tarjeta_credito
248,257,"2022-12-27 09:07:00",323.92,transferencia
249,258,"2023-11-01 04:38:00",206.95,tarjeta_regalo
250,259,"2023-08-09 19:12:00",119.97,transferencia
251,260,"2023-08-28 02:39:00",37.98,paypal
252,261,"2023-09-25 12:42:00",17.99,transferencia
253,262,"2023-04-19 07:13:00",282.97,transferencia
254,263,"2023-08-08 13:20:00",194.96,paypal
255,264,"2021-01-27 17:22:00",44.99,tarjeta_credito
256,265,"2022-03-10 18:53:00",423.91,paypal
257,266,"2023-05-28 22:05:00",299.98,paypal
258,267,"2023-09-03 09:22:00",279.91,paypal
259,268,"2023-08-03 02:49:00",249.95,tarjeta_regalo
260,269,"2023-12-26 18:26:00",188.95,tarjeta_credito
261,270,"2023-07-31 18:07:00",242.94,paypal
262,271,"2023-03-27 07:20:00",914.91,tarjeta_credito
263,272,"2023-11-19 00:29:00",208.93,paypal
264,273,"2022-09-18 14:48:00",99.97,tarjeta_credito
265,274,"2023-07-15 09:52:00",74.97,transferencia
266,275,"2022-12-20 10:48:00",69.98,paypal
267,276,"2022-06-22 16:35:00",96.95,tarjeta_credito
268,277,"2023-02-26 11:15:00",557.93,paypal
269,278,"2022-11-01 23:16:00",137.94,tarjeta_credito
270,279,"2023-09-23 19:56:00",649.95,transferencia
271,280,"2023-12-14 10:25:00",493.93,tarjeta_credito
272,281,"2022-11-02 11:57:00",121.95,tarjeta_credito
273,282,"2022-08-14 14:27:00",45.98,paypal
274,283,"2023-06-13 03:34:00",358.94,paypal
275,284,"2023-10-07 11:24:00",179.91,transferencia
276,285,"2023-01-02 20:15:00",22.99,tarjeta_credito
277,286,"2023-03-01 18:01:00",89.97,tarjeta_credito
278,287,"2021-09-21 18:09:00",53.97,tarjeta_regalo
279,288,"2022-08-04 18:26:00",199.97,tarjeta_regalo
280,289,"2023-03-24 03:01:00",630.90,tarjeta_credito
281,290,"2023-12-02 15:41:00",301.91,transferencia
282,291,"2023-06-12 10:54:00",114.97,tarjeta_regalo
283,292,"2022-06-08 20:48:00",35.98,tarjeta_credito
284,293,"2022-12-13 23:36:00",103.95,paypal
285,294,"2023-05-18 06:34:00",950.95,tarjeta_regalo
286,295,"2023-02-18 02:08:00",343.95,tarjeta_regalo
287,296,"2023-04-19 19:37:00",294.91,tarjeta_regalo
288,297,"2023-07-02 06:59:00",22.99,transferencia
289,298,"2022-04-10 18:23:00",133.96,transferencia
290,299,"2022-02-18 20:11:00",482.94,paypal
291,300,"2022-08-25 09:48:00",569.95,paypal
292,301,"2023-11-25 02:35:00",1195.94,tarjeta_credito
293,302,"2023-09-26 02:53:00",338.93,tarjeta_regalo
294,303,"2023-08-31 05:46:00",574.92,tarjeta_credito
295,304,"2023-11-10 23:36:00",57.96,transferencia
296,305,"2023-07-16 20:54:00",29.97,tarjeta_credito
297,306,"2023-10-15 01:06:00",539.97,tarjeta_regalo
298,307,"2023-07-29 04:52:00",769.95,tarjeta_credito
299,308,"2023-07-09 19:40:00",164.94,tarjeta_credito
300,309,"2023-03-27 03:57:00",62.98,tarjeta_regalo
301,310,"2023-04-13 15:23:00",129.98,tarjeta_credito
302,311,"2022-09-25 15:33:00",114.95,tarjeta_credito
303,312,"2022-12-21 16:27:00",359.96,tarjeta_regalo
304,313,"2023-01-12 22:38:00",412.92,transferencia
305,314,"2023-05-05 08:15:00",275.94,tarjeta_credito
306,315,"2022-09-04 12:07:00",445.89,tarjeta_credito
307,316,"2023-04-30 11:01:00",266.91,tarjeta_credito
308,317,"2022-02-26 05:24:00",309.96,tarjeta_credito
309,318,"2023-02-22 08:27:00",98.97,transferencia
310,320,"2022-05-21 05:07:00",72.95,tarjeta_regalo
311,321,"2023-08-31 02:42:00",319.95,transferencia
312,322,"2022-04-25 20:02:00",245.91,transferencia
313,323,"2023-08-15 19:42:00",59.98,paypal
314,324,"2022-03-17 08:22:00",251.93,tarjeta_credito
315,325,"2023-10-06 11:13:00",677.94,transferencia
316,326,"2023-07-18 09:02:00",329.96,tarjeta_credito
317,327,"2023-01-05 21:25:00",118.95,paypal
318,328,"2023-07-07 14:12:00",485.92,paypal
319,329,"2023-07-29 10:47:00",181.97,tarjeta_credito
320,330,"2023-08-21 05:14:00",56.97,tarjeta_credito
321,331,"2022-10-23 04:32:00",412.94,transferencia
322,332,"2021-12-08 20:41:00",79.99,tarjeta_credito
323,333,"2022-05-18 00:19:00",496.96,transferencia
324,334,"2023-04-08 21:36:00",114.96,tarjeta_credito
325,335,"2023-06-04 13:24:00",159.99,tarjeta_credito
326,336,"2023-07-22 21:11:00",524.93,paypal
327,337,"2023-03-23 11:57:00",34.99,tarjeta_credito
328,338,"2023-12-27 23:26:00",134.97,transferencia
329,339,"2023-10-21 03:02:00",25.98,tarjeta_regalo
330,340,"2023-01-24 06:29:00",318.95,transferencia
331,341,"2023-06-24 04:25:00",1921.90,tarjeta_credito
332,343,"2023-02-22 12:16:00",473.94,paypal
333,344,"2023-01-20 13:49:00",688.91,transferencia
334,345,"2023-03-17 11:22:00",59.97,tarjeta_credito
335,347,"2023-04-05 02:47:00",344.97,transferencia
336,348,"2023-10-01 20:46:00",429.90,tarjeta_credito
337,349,"2023-02-01 16:51:00",134.97,paypal
338,350,"2021-10-01 08:12:00",173.94,transferencia
339,351,"2022-05-16 14:39:00",155.94,transferencia
340,353,"2023-04-29 00:55:00",41.97,paypal
341,354,"2021-10-29 11:47:00",83.97,tarjeta_credito
342,355,"2023-05-29 20:05:00",254.96,paypal
343,356,"2023-02-09 05:55:00",229.96,transferencia
344,357,"2023-09-26 16:18:00",315.94,tarjeta_regalo
345,358,"2023-11-27 03:48:00",85.96,tarjeta_credito
346,359,"2022-05-28 04:32:00",83.95,tarjeta_credito
347,360,"2023-05-28 16:45:00",44.97,transferencia
348,361,"2023-02-14 08:19:00",615.93,tarjeta_credito
349,362,"2021-11-27 11:37:00",65.98,tarjeta_regalo
350,364,"2021-09-26 15:48:00",254.94,tarjeta_credito
351,365,"2023-04-10 01:46:00",22.99,tarjeta_regalo
352,366,"2022-06-13 16:54:00",229.92,tarjeta_credito
353,367,"2023-01-19 21:06:00",134.97,paypal
354,368,"2023-05-27 20:58:00",208.95,tarjeta_regalo
355,369,"2023-04-16 09:32:00",217.94,transferencia
356,370,"2021-05-26 10:13:00",93.97,paypal
357,371,"2023-02-19 01:50:00",19.98,paypal
358,372,"2023-12-20 12:30:00",259.98,paypal
359,373,"2023-04-26 15:32:00",66.95,transferencia
360,374,"2023-08-12 17:15:00",157.97,tarjeta_credito
361,375,"2023-11-03 02:19:00",386.92,tarjeta_credito
362,376,"2023-10-10 14:23:00",136.95,tarjeta_regalo
363,377,"2023-04-03 17:35:00",406.93,transferencia
364,379,"2023-10-08 12:23:00",74.97,tarjeta_credito
365,380,"2023-06-03 18:12:00",239.95,paypal
366,381,"2022-10-31 21:00:00",191.92,paypal
367,382,"2023-05-13 12:20:00",248.90,tarjeta_regalo
368,383,"2023-12-02 16:33:00",365.91,tarjeta_regalo
369,385,"2022-03-23 06:38:00",138.93,tarjeta_regalo
370,386,"2022-11-03 02:45:00",159.91,tarjeta_credito
371,387,"2022-10-15 11:42:00",62.98,paypal
372,388,"2023-04-21 22:04:00",771.91,transferencia
373,389,"2022-03-12 05:13:00",391.95,paypal
374,390,"2022-01-08 05:38:00",949.96,transferencia
375,391,"2023-09-03 09:25:00",14.99,tarjeta_credito
376,392,"2022-09-20 04:46:00",107.97,tarjeta_regalo
377,393,"2022-01-12 02:35:00",1274.91,transferencia
378,394,"2023-07-19 10:32:00",73.96,tarjeta_credito
379,395,"2021-12-23 14:47:00",527.97,transferencia
380,396,"2022-11-11 23:53:00",409.96,transferencia
381,397,"2023-01-14 22:42:00",329.91,tarjeta_regalo
382,399,"2023-11-13 15:09:00",32.98,tarjeta_regalo
383,400,"2023-06-24 04:08:00",569.93,tarjeta_credito
384,401,"2022-05-01 21:13:00",354.91,paypal
385,402,"2022-06-15 17:16:00",135.97,transferencia
386,403,"2022-04-26 03:09:00",162.96,paypal
387,404,"2023-06-26 07:04:00",379.92,tarjeta_credito
388,405,"2022-04-12 11:33:00",29.98,paypal
389,406,"2023-07-08 07:53:00",46.97,transferencia
390,408,"2023-10-18 12:31:00",219.97,tarjeta_credito
391,409,"2023-06-27 03:57:00",209.95,tarjeta_credito
392,410,"2021-04-08 06:50:00",150.92,tarjeta_regalo
393,411,"2023-06-20 00:52:00",185.96,tarjeta_credito
394,412,"2023-02-24 16:44:00",512.90,tarjeta_regalo
395,413,"2023-05-05 12:46:00",95.97,tarjeta_regalo
396,414,"2023-04-10 20:07:00",224.95,tarjeta_credito
397,415,"2023-06-22 06:22:00",419.97,tarjeta_regalo
398,416,"2023-06-27 11:19:00",290.92,paypal
399,417,"2023-11-17 08:03:00",190.96,tarjeta_credito
400,418,"2022-06-05 10:55:00",98.96,paypal
401,419,"2023-09-13 02:30:00",244.96,tarjeta_credito
402,420,"2023-12-02 06:21:00",614.95,tarjeta_regalo
403,421,"2023-10-26 16:26:00",469.95,paypal
404,422,"2023-05-30 06:53:00",312.90,tarjeta_credito
405,423,"2023-05-24 13:04:00",172.94,tarjeta_credito
406,424,"2023-05-18 19:00:00",69.98,tarjeta_regalo
407,425,"2023-06-09 10:09:00",251.92,paypal
408,426,"2023-11-03 19:13:00",204.92,tarjeta_credito
409,427,"2023-11-04 11:39:00",49.98,tarjeta_credito
410,428,"2021-12-14 09:25:00",309.95,tarjeta_credito
411,429,"2023-08-14 22:53:00",449.95,tarjeta_regalo
412,430,"2023-01-11 07:41:00",83.94,transferencia
413,432,"2023-08-14 05:16:00",30.98,tarjeta_credito
414,433,"2023-08-10 21:19:00",35.98,tarjeta_credito
415,434,"2023-06-15 09:39:00",784.96,paypal
416,435,"2021-12-21 19:07:00",959.96,transferencia
417,436,"2023-03-25 01:58:00",102.94,transferencia
418,438,"2023-12-05 13:48:00",157.95,transferencia
419,439,"2023-06-18 18:46:00",356.93,tarjeta_regalo
420,440,"2023-09-11 04:25:00",308.94,tarjeta_credito
421,441,"2023-12-30 23:49:00",89.98,transferencia
422,442,"2023-09-29 18:05:00",89.98,tarjeta_regalo
423,443,"2022-07-04 22:11:00",27.99,tarjeta_regalo
424,446,"2022-07-01 05:37:00",69.98,paypal
425,447,"2022-12-30 09:57:00",130.95,transferencia
426,449,"2022-06-18 08:06:00",146.93,tarjeta_credito
427,450,"2023-07-17 09:02:00",214.95,tarjeta_credito
428,451,"2021-07-28 15:10:00",684.92,tarjeta_credito
429,452,"2022-11-15 03:34:00",441.94,transferencia
430,453,"2023-01-14 08:58:00",29.97,paypal
431,454,"2023-05-01 21:35:00",183.92,transferencia
432,455,"2023-02-23 00:33:00",137.96,paypal
433,456,"2023-04-05 20:15:00",50.97,paypal
434,458,"2023-10-04 14:25:00",320.90,tarjeta_credito
435,459,"2023-09-08 17:40:00",449.92,tarjeta_regalo
436,460,"2022-11-28 11:30:00",517.92,transferencia
437,461,"2023-07-02 07:07:00",195.96,tarjeta_credito
438,462,"2023-05-23 10:00:00",50.97,tarjeta_credito
439,463,"2023-03-21 22:31:00",125.96,tarjeta_regalo
440,464,"2022-10-16 16:20:00",123.96,tarjeta_regalo
441,465,"2022-10-06 09:19:00",128.95,tarjeta_regalo
442,466,"2023-11-05 07:47:00",120.95,transferencia
443,467,"2023-07-07 04:23:00",366.93,tarjeta_regalo
444,468,"2023-07-22 07:03:00",504.94,transferencia
445,469,"2023-12-04 09:56:00",34.98,paypal
446,470,"2023-12-27 20:18:00",329.95,tarjeta_credito
447,471,"2021-09-02 23:46:00",154.91,tarjeta_credito
448,472,"2023-09-04 08:16:00",153.93,paypal
449,473,"2023-02-06 04:54:00",194.94,transferencia
450,474,"2023-11-19 19:11:00",45.98,tarjeta_regalo
451,475,"2022-07-08 14:53:00",43.97,transferencia
452,476,"2023-08-21 02:45:00",37.98,tarjeta_credito
453,477,"2022-07-03 16:44:00",53.97,paypal
454,478,"2022-07-11 08:16:00",139.97,tarjeta_regalo
455,479,"2023-04-18 03:35:00",1244.91,tarjeta_credito
456,481,"2023-09-14 00:30:00",69.98,transferencia
457,482,"2022-08-16 19:43:00",235.93,paypal
458,483,"2022-08-09 01:54:00",49.98,transferencia
459,484,"2023-05-09 10:51:00",38.97,transferencia
460,485,"2023-01-12 05:13:00",99.95,transferencia
461,486,"2022-07-08 04:29:00",31.98,transferencia
462,487,"2023-05-29 21:35:00",119.97,paypal
463,488,"2023-01-29 00:10:00",22.99,paypal
464,489,"2023-10-07 16:53:00",179.94,paypal
465,490,"2023-04-21 14:09:00",618.89,tarjeta_regalo
466,491,"2023-09-27 16:39:00",295.97,tarjeta_credito
467,492,"2023-09-05 06:35:00",260.91,tarjeta_credito
468,493,"2023-11-04 16:42:00",443.91,paypal
469,494,"2023-03-05 14:02:00",1349.95,paypal
470,495,"2023-06-27 08:21:00",233.92,paypal
471,496,"2023-05-19 05:02:00",136.95,transferencia
472,497,"2023-03-31 12:35:00",229.97,tarjeta_credito
473,498,"2023-10-22 01:45:00",284.89,tarjeta_credito
474,499,"2021-10-21 08:00:00",9.99,transferencia
475,500,"2021-10-19 06:25:00",174.93,paypal
476,501,"2023-10-09 06:12:00",114.94,transferencia
477,502,"2023-06-17 12:45:00",129.97,tarjeta_regalo
478,503,"2023-09-11 08:50:00",300.94,tarjeta_regalo
479,504,"2021-11-21 21:05:00",458.93,tarjeta_regalo
480,505,"2023-03-25 03:58:00",13.99,paypal
481,506,"2023-10-21 23:31:00",119.97,tarjeta_regalo
482,507,"2023-06-20 16:27:00",317.95,tarjeta_credito
483,508,"2023-04-27 02:40:00",433.93,tarjeta_regalo
484,509,"2023-09-21 15:35:00",428.94,transferencia
485,512,"2023-05-28 12:37:00",85.97,transferencia
486,513,"2022-11-03 02:31:00",269.97,paypal
487,514,"2023-05-04 04:31:00",222.91,paypal
488,515,"2023-06-02 21:44:00",114.95,paypal
489,516,"2023-06-18 09:27:00",410.91,transferencia
490,517,"2023-09-20 23:04:00",329.96,paypal
491,518,"2023-09-11 13:18:00",225.96,tarjeta_credito
492,519,"2022-09-06 22:15:00",102.97,tarjeta_regalo
493,520,"2023-11-28 04:05:00",919.94,paypal
494,521,"2023-11-15 14:05:00",268.93,paypal
495,522,"2022-06-24 21:15:00",412.95,transferencia
496,523,"2023-03-21 19:10:00",188.94,tarjeta_regalo
497,524,"2023-09-08 21:39:00",9.99,tarjeta_regalo
498,525,"2022-07-25 04:03:00",423.90,paypal
499,526,"2023-08-24 16:45:00",266.94,paypal
500,527,"2021-05-23 16:52:00",1091.90,tarjeta_credito
501,528,"2021-11-30 09:27:00",879.92,paypal
502,529,"2023-01-24 14:03:00",53.96,paypal
503,530,"2023-09-20 07:38:00",268.92,paypal
504,531,"2022-06-07 12:45:00",257.91,tarjeta_regalo
505,532,"2022-10-19 22:05:00",29.97,transferencia
506,533,"2022-12-30 15:25:00",60.97,tarjeta_regalo
507,534,"2023-06-05 04:38:00",789.93,transferencia
508,535,"2022-12-08 05:45:00",72.95,transferencia
509,536,"2023-08-20 05:45:00",304.97,transferencia
510,537,"2023-06-27 07:29:00",209.93,tarjeta_regalo
511,538,"2021-09-23 12:22:00",234.94,tarjeta_credito
512,539,"2023-07-26 09:25:00",248.94,paypal
513,540,"2022-06-05 04:38:00",139.97,tarjeta_regalo
514,541,"2023-09-13 07:40:00",652.95,tarjeta_regalo
515,542,"2022-09-03 13:43:00",517.95,paypal
516,543,"2021-03-23 11:05:00",274.95,tarjeta_regalo
517,544,"2023-08-09 22:01:00",25.98,tarjeta_regalo
518,545,"2023-10-18 19:59:00",130.95,tarjeta_regalo
519,546,"2023-07-13 14:25:00",159.99,tarjeta_regalo
520,547,"2022-06-15 23:31:00",59.97,paypal
521,548,"2022-12-10 20:06:00",1144.90,tarjeta_credito
522,550,"2022-07-30 14:49:00",299.92,tarjeta_regalo
523,551,"2022-03-28 22:02:00",371.93,paypal
524,552,"2023-09-06 00:02:00",18.99,transferencia
525,553,"2022-08-30 17:44:00",625.92,tarjeta_regalo
526,554,"2022-11-07 05:39:00",243.92,tarjeta_credito
527,555,"2023-07-11 05:34:00",119.97,tarjeta_credito
528,556,"2022-06-14 19:10:00",22.99,paypal
529,557,"2022-11-16 07:27:00",398.95,transferencia
530,558,"2022-02-16 07:01:00",171.95,tarjeta_credito
531,559,"2023-05-07 18:25:00",65.98,transferencia
532,560,"2021-07-23 07:53:00",296.92,transferencia
533,561,"2023-02-01 20:20:00",659.91,tarjeta_credito
534,562,"2023-11-30 01:21:00",191.94,paypal
535,563,"2023-06-10 21:19:00",99.98,transferencia
536,564,"2023-03-24 03:12:00",113.96,tarjeta_regalo
537,565,"2023-01-24 01:52:00",419.96,tarjeta_credito
538,566,"2023-08-24 22:52:00",254.96,tarjeta_regalo
539,567,"2023-11-27 18:56:00",85.97,transferencia
540,568,"2023-02-25 06:20:00",320.92,transferencia
541,569,"2022-07-11 01:17:00",64.98,paypal
542,570,"2023-07-29 03:29:00",519.96,tarjeta_regalo
543,571,"2023-03-27 04:32:00",374.94,tarjeta_credito
544,573,"2023-10-29 00:10:00",67.96,tarjeta_credito
545,574,"2021-02-26 07:34:00",209.96,transferencia
546,575,"2023-12-15 05:57:00",258.93,tarjeta_credito
547,576,"2023-09-28 05:58:00",16.99,tarjeta_credito
548,577,"2023-06-28 03:07:00",397.95,paypal
549,578,"2023-11-09 16:06:00",89.98,tarjeta_credito
550,579,"2023-03-21 04:37:00",213.92,tarjeta_regalo
551,580,"2023-04-02 09:14:00",109.98,tarjeta_regalo
552,581,"2023-07-14 02:24:00",69.98,tarjeta_regalo
553,582,"2023-05-06 17:13:00",378.93,paypal
554,583,"2023-08-07 01:19:00",269.98,transferencia
555,584,"2023-08-06 21:58:00",660.90,tarjeta_credito
556,585,"2022-07-30 17:13:00",53.97,transferencia
557,586,"2023-12-08 03:30:00",156.92,transferencia
558,587,"2021-11-20 00:50:00",87.97,transferencia
559,589,"2023-07-13 03:13:00",324.91,tarjeta_credito
560,590,"2022-09-06 12:13:00",849.93,tarjeta_credito
561,591,"2023-06-02 23:20:00",69.98,tarjeta_regalo
562,592,"2023-05-19 17:10:00",53.97,tarjeta_credito
563,593,"2023-10-12 13:17:00",200.94,tarjeta_regalo
564,594,"2022-03-25 15:04:00",237.89,tarjeta_regalo
565,595,"2023-03-20 23:30:00",689.91,transferencia
566,596,"2022-12-29 21:10:00",83.97,paypal
567,597,"2022-09-16 02:32:00",64.99,tarjeta_regalo
568,598,"2023-10-07 16:16:00",107.94,transferencia
569,599,"2022-01-20 20:23:00",249.95,tarjeta_regalo
570,601,"2022-08-18 16:33:00",31.98,tarjeta_credito
571,602,"2023-09-14 12:31:00",22.99,tarjeta_credito
572,603,"2023-10-28 07:37:00",201.93,transferencia
573,604,"2023-03-05 23:01:00",29.98,tarjeta_regalo
574,605,"2022-12-09 13:27:00",108.95,transferencia
575,607,"2022-09-08 02:28:00",138.92,tarjeta_regalo
576,608,"2023-11-02 00:23:00",68.97,tarjeta_credito
577,609,"2022-02-10 14:38:00",313.93,paypal
578,610,"2021-08-22 10:50:00",363.93,tarjeta_regalo
579,611,"2023-05-04 12:21:00",91.98,tarjeta_credito
580,612,"2023-05-10 22:07:00",499.94,paypal
581,613,"2023-06-03 11:01:00",1077.92,transferencia
582,614,"2022-03-27 17:27:00",879.91,tarjeta_credito
583,615,"2022-10-19 23:47:00",218.95,transferencia
584,616,"2023-07-11 17:06:00",342.94,tarjeta_credito
585,617,"2022-08-01 19:29:00",144.96,tarjeta_regalo
586,618,"2022-07-25 00:40:00",614.94,paypal
587,619,"2022-04-03 16:18:00",45.98,transferencia
588,620,"2023-08-05 21:49:00",62.97,tarjeta_credito
589,621,"2023-06-04 08:42:00",221.93,tarjeta_credito
590,622,"2022-07-29 03:33:00",229.96,tarjeta_credito
591,623,"2023-09-29 04:20:00",389.96,tarjeta_credito
592,624,"2023-09-17 20:26:00",109.96,tarjeta_credito
593,625,"2023-07-29 21:09:00",454.96,paypal
594,626,"2023-03-01 20:49:00",422.92,transferencia
595,627,"2022-02-11 06:16:00",25.98,tarjeta_regalo
596,628,"2023-05-01 11:13:00",45.98,transferencia
597,629,"2023-10-20 05:24:00",531.93,tarjeta_regalo
598,631,"2023-06-17 08:24:00",393.93,paypal
599,632,"2023-10-06 16:30:00",149.97,transferencia
600,633,"2023-08-04 02:05:00",359.98,paypal
601,634,"2023-12-19 18:27:00",655.92,tarjeta_credito
602,635,"2023-11-17 18:59:00",79.99,tarjeta_regalo
603,636,"2023-06-29 13:51:00",156.94,tarjeta_credito
604,637,"2021-11-26 17:27:00",1140.92,tarjeta_regalo
605,638,"2023-12-19 05:55:00",240.95,paypal
606,639,"2023-03-13 17:11:00",447.93,transferencia
607,640,"2023-02-28 09:58:00",309.93,paypal
608,641,"2023-09-03 21:21:00",313.93,transferencia
609,642,"2023-09-18 22:32:00",293.93,tarjeta_credito
610,644,"2022-11-16 19:49:00",528.91,tarjeta_regalo
611,645,"2021-09-15 01:25:00",589.95,tarjeta_credito
612,646,"2023-10-09 01:32:00",157.94,transferencia
613,647,"2022-04-23 21:24:00",195.96,tarjeta_regalo
614,648,"2023-11-21 03:52:00",387.93,paypal
615,649,"2023-01-19 10:13:00",62.97,transferencia
616,650,"2022-04-24 20:25:00",140.95,transferencia
617,651,"2023-11-10 16:07:00",143.96,transferencia
618,652,"2023-09-04 21:02:00",369.94,tarjeta_regalo
619,653,"2021-12-14 22:32:00",348.93,tarjeta_regalo
620,654,"2023-01-10 12:42:00",169.95,tarjeta_regalo
621,655,"2022-02-23 08:42:00",419.97,transferencia
622,656,"2023-10-01 03:41:00",119.97,tarjeta_regalo
623,658,"2022-04-06 23:45:00",169.96,paypal
624,659,"2023-10-30 07:08:00",125.94,tarjeta_credito
625,661,"2022-02-13 10:37:00",473.96,tarjeta_regalo
626,662,"2022-05-14 19:52:00",179.93,tarjeta_credito
627,663,"2023-09-15 23:04:00",49.99,tarjeta_regalo
628,664,"2023-09-01 11:27:00",240.93,tarjeta_credito
629,665,"2023-03-02 16:30:00",1002.92,paypal
630,666,"2022-07-04 22:16:00",459.92,tarjeta_regalo
631,667,"2022-07-01 15:35:00",199.98,paypal
632,668,"2022-02-19 02:51:00",297.90,tarjeta_credito
633,669,"2022-09-11 05:19:00",12.99,transferencia
634,670,"2023-02-10 07:53:00",433.95,tarjeta_regalo
635,671,"2022-05-11 12:14:00",454.94,tarjeta_credito
636,672,"2022-06-13 10:54:00",204.97,tarjeta_regalo
637,673,"2023-04-26 06:13:00",653.96,tarjeta_credito
638,674,"2022-12-12 02:51:00",288.93,transferencia
639,675,"2022-04-30 08:42:00",242.91,tarjeta_credito
640,676,"2023-08-01 19:51:00",148.95,tarjeta_regalo
641,677,"2023-06-17 05:41:00",96.94,tarjeta_regalo
642,678,"2023-03-12 07:06:00",269.97,tarjeta_credito
643,679,"2022-03-18 04:15:00",69.98,paypal
644,680,"2022-08-27 13:11:00",255.94,tarjeta_credito
645,681,"2022-07-21 23:31:00",16.99,tarjeta_credito
646,682,"2023-05-01 22:27:00",144.95,transferencia
647,683,"2021-08-06 13:26:00",158.96,tarjeta_regalo
648,684,"2022-10-20 05:47:00",289.90,paypal
649,685,"2022-08-13 18:30:00",719.94,tarjeta_regalo
650,686,"2023-07-16 16:15:00",179.99,tarjeta_credito
651,687,"2023-07-17 08:47:00",74.97,tarjeta_regalo
652,688,"2021-07-31 14:43:00",419.95,transferencia
653,690,"2023-04-16 04:26:00",12.99,tarjeta_credito
654,691,"2023-07-05 04:12:00",24.99,paypal
655,692,"2022-10-21 14:18:00",377.92,transferencia
656,693,"2023-05-21 22:32:00",339.95,tarjeta_credito
657,694,"2023-02-12 07:30:00",192.92,transferencia
658,695,"2022-04-24 02:15:00",1079.95,tarjeta_credito
659,696,"2023-06-01 08:35:00",316.91,tarjeta_credito
660,697,"2023-11-23 08:09:00",539.96,transferencia
661,698,"2022-11-18 03:26:00",273.92,transferencia
662,699,"2023-03-07 17:31:00",129.99,transferencia
663,700,"2023-12-05 03:53:00",223.95,tarjeta_credito
664,702,"2023-03-05 11:33:00",155.95,tarjeta_regalo
665,703,"2023-10-20 22:56:00",304.89,tarjeta_credito
666,704,"2023-12-18 00:45:00",29.98,tarjeta_credito
667,705,"2023-12-29 15:48:00",122.95,tarjeta_regalo
668,706,"2022-09-30 18:52:00",431.93,paypal
669,707,"2023-01-11 10:57:00",728.92,tarjeta_credito
670,708,"2023-06-06 16:59:00",216.92,tarjeta_credito
671,709,"2023-10-14 20:48:00",640.89,tarjeta_credito
672,710,"2022-03-15 12:20:00",299.98,transferencia
673,711,"2023-03-16 00:35:00",88.96,transferencia
674,712,"2023-08-12 01:42:00",55.97,tarjeta_credito
675,713,"2023-10-31 01:15:00",272.92,tarjeta_regalo
676,715,"2023-06-02 14:10:00",553.92,transferencia
677,716,"2022-12-31 05:56:00",497.93,paypal
678,717,"2022-11-06 16:46:00",803.94,paypal
679,718,"2023-12-12 09:43:00",45.98,tarjeta_credito
680,719,"2022-02-07 06:03:00",199.98,transferencia
681,720,"2022-05-27 12:32:00",59.98,transferencia
682,721,"2023-08-11 23:48:00",139.99,transferencia
683,722,"2021-11-01 11:38:00",339.94,tarjeta_credito
684,723,"2023-04-30 02:01:00",166.94,transferencia
685,724,"2023-12-06 12:30:00",76.98,paypal
686,725,"2023-09-01 19:32:00",65.97,tarjeta_credito
687,726,"2023-10-24 17:10:00",202.92,tarjeta_credito
688,727,"2022-11-01 15:57:00",37.98,paypal
689,728,"2023-07-08 00:20:00",419.93,paypal
690,729,"2023-10-31 19:37:00",50.97,transferencia
691,730,"2021-12-10 19:24:00",69.98,transferencia
692,731,"2023-10-09 12:27:00",107.97,tarjeta_credito
693,732,"2023-01-02 20:37:00",338.90,tarjeta_credito
694,733,"2023-06-10 23:01:00",42.98,transferencia
695,734,"2022-09-05 15:52:00",417.93,tarjeta_regalo
696,735,"2022-07-09 05:37:00",589.95,tarjeta_credito
697,736,"2023-10-09 17:00:00",325.89,tarjeta_credito
698,737,"2023-01-24 02:05:00",13.99,tarjeta_credito
699,738,"2023-10-02 18:49:00",239.97,transferencia
700,739,"2022-09-25 22:30:00",254.95,paypal
701,740,"2023-07-20 02:22:00",83.94,tarjeta_regalo
702,741,"2023-04-13 23:49:00",179.93,transferencia
703,742,"2021-06-28 14:51:00",105.96,paypal
704,743,"2022-01-08 18:48:00",50.97,tarjeta_regalo
705,744,"2022-11-15 20:36:00",340.92,transferencia
706,745,"2023-01-26 05:13:00",217.94,transferencia
707,746,"2023-02-22 15:43:00",218.92,paypal
708,747,"2023-07-09 18:03:00",71.97,tarjeta_regalo
709,748,"2022-08-23 21:05:00",105.96,tarjeta_credito
710,749,"2021-10-27 10:18:00",164.95,tarjeta_regalo
711,750,"2021-07-24 00:35:00",143.95,tarjeta_regalo
712,751,"2022-02-16 08:46:00",85.96,paypal
713,752,"2023-01-26 00:05:00",519.92,transferencia
714,753,"2022-04-13 19:55:00",289.94,tarjeta_credito
715,754,"2022-04-20 07:18:00",93.95,tarjeta_regalo
716,755,"2023-04-19 07:53:00",1401.90,tarjeta_credito
717,756,"2022-10-15 08:15:00",233.96,transferencia
718,757,"2022-10-02 12:02:00",187.95,paypal
719,758,"2023-12-27 13:27:00",104.97,tarjeta_credito
720,759,"2023-08-23 23:05:00",1059.93,paypal
721,760,"2023-07-15 06:29:00",375.93,paypal
722,762,"2023-08-06 12:57:00",811.92,tarjeta_regalo
723,763,"2022-06-11 12:57:00",394.91,paypal
724,764,"2023-09-26 12:02:00",64.97,tarjeta_regalo
725,765,"2023-07-21 00:58:00",98.94,paypal
726,766,"2023-06-03 17:28:00",124.94,transferencia
727,767,"2022-10-23 23:46:00",157.92,transferencia
728,768,"2023-09-07 13:41:00",38.97,tarjeta_credito
729,769,"2023-12-19 23:48:00",69.98,tarjeta_credito
730,770,"2023-10-22 18:50:00",31.98,transferencia
731,771,"2023-02-23 09:41:00",306.90,transferencia
732,773,"2023-03-18 11:56:00",37.97,transferencia
733,774,"2023-06-29 06:35:00",199.92,paypal
734,775,"2023-06-02 01:59:00",339.95,tarjeta_credito
735,776,"2022-11-30 20:14:00",832.93,tarjeta_credito
736,777,"2023-08-11 04:09:00",184.94,tarjeta_credito
737,779,"2023-08-03 05:37:00",458.93,transferencia
738,780,"2023-01-28 12:28:00",458.91,tarjeta_credito
739,781,"2022-06-12 10:36:00",185.94,transferencia
740,782,"2022-12-21 08:30:00",313.91,transferencia
741,783,"2023-06-13 12:55:00",525.92,transferencia
742,784,"2023-09-20 17:18:00",46.97,tarjeta_credito
743,785,"2021-10-30 13:37:00",266.94,paypal
744,786,"2023-10-22 11:50:00",335.93,tarjeta_credito
745,787,"2022-04-30 02:16:00",42.98,tarjeta_regalo
746,788,"2023-11-19 00:02:00",164.94,tarjeta_regalo
747,789,"2023-04-26 04:34:00",184.90,paypal
748,790,"2022-10-20 05:11:00",639.90,transferencia
749,791,"2023-02-25 18:50:00",22.99,tarjeta_credito
750,792,"2023-03-25 20:32:00",288.93,paypal
751,793,"2023-11-06 13:25:00",697.91,transferencia
752,794,"2022-11-30 04:07:00",93.97,transferencia
753,795,"2022-04-25 23:12:00",319.98,tarjeta_regalo
754,796,"2022-07-18 20:32:00",384.91,transferencia
755,797,"2023-12-29 22:20:00",182.96,paypal
756,798,"2022-02-27 00:16:00",228.95,paypal
757,799,"2023-11-08 11:15:00",800.92,tarjeta_credito
758,801,"2023-03-10 02:45:00",399.96,tarjeta_credito
759,802,"2023-06-22 19:12:00",80.97,tarjeta_credito
760,803,"2023-08-08 22:36:00",985.93,paypal
761,805,"2023-02-01 04:32:00",744.91,paypal
762,806,"2023-08-04 23:07:00",248.91,paypal
763,807,"2022-04-29 08:16:00",9.99,paypal
764,808,"2022-09-26 19:10:00",198.95,tarjeta_regalo
765,809,"2022-12-05 05:18:00",63.97,transferencia
766,810,"2022-04-18 05:40:00",562.94,transferencia
767,811,"2023-12-14 01:34:00",509.95,tarjeta_credito
768,812,"2023-01-20 12:26:00",152.94,tarjeta_credito
769,813,"2022-12-21 14:13:00",288.93,transferencia
770,814,"2023-05-26 04:41:00",290.91,paypal
771,815,"2023-03-24 12:43:00",89.97,paypal
772,816,"2023-02-25 15:15:00",469.95,tarjeta_credito
773,817,"2022-06-13 15:50:00",98.95,paypal
774,818,"2023-09-30 02:34:00",310.95,tarjeta_credito
775,819,"2023-07-28 03:45:00",327.93,tarjeta_credito
776,820,"2022-09-13 19:06:00",522.93,tarjeta_credito
777,821,"2023-02-06 23:30:00",164.97,paypal
778,822,"2023-11-11 01:21:00",44.99,transferencia
779,823,"2023-05-10 13:00:00",79.98,paypal
780,824,"2023-08-30 05:52:00",285.93,paypal
781,825,"2023-12-12 16:21:00",1236.92,paypal
782,826,"2023-11-06 02:31:00",89.99,transferencia
783,827,"2023-11-15 22:00:00",112.95,tarjeta_regalo
784,828,"2023-07-17 09:04:00",54.98,transferencia
785,829,"2023-10-29 05:03:00",45.98,transferencia
786,830,"2023-01-07 04:54:00",299.98,transferencia
787,831,"2023-11-14 06:18:00",328.95,paypal
788,832,"2022-11-11 06:31:00",282.91,transferencia
789,833,"2023-06-14 06:00:00",141.93,tarjeta_credito
790,834,"2022-04-24 12:26:00",99.98,tarjeta_credito
791,835,"2023-06-12 19:04:00",44.97,tarjeta_regalo
792,836,"2023-02-20 22:13:00",89.98,paypal
793,837,"2022-02-15 03:17:00",539.97,tarjeta_credito
794,838,"2023-02-17 06:24:00",29.97,transferencia
795,839,"2023-09-05 22:15:00",239.97,paypal
796,840,"2022-03-13 15:16:00",212.97,paypal
797,841,"2023-06-09 22:18:00",189.98,tarjeta_credito
798,842,"2023-09-07 15:10:00",558.93,transferencia
799,843,"2023-01-10 18:23:00",280.92,tarjeta_regalo
800,844,"2023-08-31 08:57:00",164.94,paypal
801,845,"2022-10-20 07:44:00",119.95,tarjeta_regalo
802,846,"2023-11-13 11:29:00",259.98,tarjeta_credito
803,847,"2022-10-15 16:17:00",562.90,transferencia
804,848,"2023-10-17 14:26:00",136.93,tarjeta_regalo
805,849,"2022-05-27 20:46:00",61.98,tarjeta_credito
806,850,"2023-11-30 15:27:00",334.91,paypal
807,852,"2022-07-17 10:56:00",45.98,tarjeta_credito
808,853,"2023-01-07 23:45:00",120.95,paypal
809,854,"2023-07-28 00:00:00",494.95,paypal
810,855,"2023-09-08 03:44:00",449.94,tarjeta_regalo
811,856,"2023-03-02 12:36:00",110.97,tarjeta_regalo
812,857,"2022-07-10 06:34:00",195.96,tarjeta_credito
813,858,"2022-12-12 20:15:00",486.93,transferencia
814,859,"2023-08-13 21:36:00",1189.92,paypal
815,860,"2023-10-20 00:22:00",167.95,paypal
816,861,"2023-04-20 20:18:00",251.95,paypal
817,862,"2022-08-18 19:46:00",339.93,tarjeta_regalo
818,863,"2023-04-20 14:29:00",155.94,transferencia
819,864,"2023-09-13 04:17:00",296.95,paypal
820,865,"2023-06-13 08:30:00",268.92,tarjeta_regalo
821,867,"2023-07-31 19:46:00",343.92,transferencia
822,868,"2023-08-31 04:30:00",400.93,tarjeta_regalo
823,869,"2022-03-14 16:27:00",19.98,tarjeta_credito
824,870,"2023-10-29 15:21:00",169.98,tarjeta_credito
825,871,"2022-12-13 00:09:00",405.94,tarjeta_regalo
826,872,"2023-01-08 04:30:00",214.92,tarjeta_credito
827,873,"2022-08-25 19:09:00",58.97,paypal
828,874,"2023-11-17 22:53:00",35.98,transferencia
829,875,"2021-12-08 19:52:00",299.97,tarjeta_credito
830,876,"2023-08-26 04:07:00",730.89,tarjeta_credito
831,877,"2023-12-06 04:43:00",381.90,tarjeta_regalo
832,878,"2023-10-13 08:05:00",389.97,tarjeta_credito
833,879,"2022-11-18 15:44:00",1048.93,transferencia
834,880,"2023-02-14 17:24:00",308.92,tarjeta_credito
835,881,"2023-02-10 08:25:00",552.96,transferencia
836,882,"2023-02-19 02:49:00",327.93,tarjeta_credito
837,883,"2022-02-08 22:10:00",181.91,tarjeta_regalo
838,884,"2023-04-15 04:13:00",143.93,tarjeta_regalo
839,885,"2022-09-30 00:02:00",25.98,transferencia
840,886,"2023-12-23 16:27:00",53.97,paypal
841,887,"2023-03-08 14:50:00",63.97,tarjeta_regalo
842,888,"2022-11-12 16:27:00",448.93,transferencia
843,889,"2022-10-02 17:22:00",73.98,paypal
844,890,"2023-08-20 19:10:00",239.97,tarjeta_credito
845,891,"2023-07-04 15:40:00",134.97,tarjeta_credito
846,892,"2023-07-06 03:18:00",1249.92,transferencia
847,893,"2023-12-15 11:07:00",29.97,transferencia
848,894,"2023-04-15 06:54:00",79.98,tarjeta_regalo
849,895,"2022-12-21 08:30:00",559.94,tarjeta_regalo
850,896,"2023-03-06 11:17:00",18.99,tarjeta_regalo
851,897,"2023-12-30 00:59:00",9.99,tarjeta_credito
852,898,"2023-11-23 09:09:00",40.97,tarjeta_credito
853,899,"2023-07-20 17:19:00",260.90,paypal
854,900,"2023-08-01 17:13:00",321.90,transferencia
855,901,"2023-06-14 14:43:00",71.96,tarjeta_regalo
856,902,"2023-06-08 19:40:00",259.98,paypal
857,903,"2023-06-07 23:55:00",281.92,transferencia
858,904,"2023-08-15 10:35:00",139.99,tarjeta_regalo
859,905,"2021-11-05 04:44:00",159.97,transferencia
860,906,"2022-04-25 00:49:00",188.93,tarjeta_regalo
861,907,"2023-11-12 22:34:00",223.95,tarjeta_regalo
862,909,"2022-07-12 06:17:00",224.94,tarjeta_regalo
863,910,"2023-09-20 06:17:00",273.92,transferencia
864,911,"2023-07-08 09:49:00",294.94,tarjeta_credito
865,912,"2023-11-14 03:41:00",158.96,tarjeta_regalo
866,913,"2023-02-26 07:04:00",642.91,paypal
867,915,"2023-03-29 14:49:00",249.92,tarjeta_regalo
868,916,"2022-09-18 22:07:00",83.97,transferencia
869,917,"2022-07-29 02:01:00",328.95,tarjeta_regalo
870,918,"2022-07-30 01:41:00",83.97,tarjeta_regalo
871,919,"2023-03-22 01:21:00",36.99,paypal
872,920,"2022-05-03 17:02:00",665.92,paypal
873,921,"2023-11-18 14:18:00",294.94,tarjeta_regalo
874,922,"2023-02-07 13:02:00",189.96,paypal
875,923,"2023-10-19 02:56:00",53.97,tarjeta_regalo
876,924,"2023-08-22 05:36:00",389.97,transferencia
877,925,"2023-03-30 00:26:00",384.92,transferencia
878,926,"2022-05-31 22:30:00",16.99,tarjeta_credito
879,927,"2023-10-13 10:34:00",22.99,tarjeta_regalo
880,928,"2022-10-05 15:24:00",240.94,tarjeta_regalo
881,929,"2021-06-02 11:01:00",157.92,tarjeta_regalo
882,930,"2023-03-10 22:05:00",202.93,tarjeta_credito
883,931,"2023-03-23 22:28:00",329.95,tarjeta_credito
884,932,"2022-09-23 07:08:00",1049.94,tarjeta_credito
885,933,"2022-04-18 11:03:00",70.97,tarjeta_credito
886,934,"2022-05-03 08:18:00",65.97,transferencia
887,935,"2022-11-28 00:11:00",277.94,tarjeta_credito
888,936,"2023-08-07 23:39:00",77.97,paypal
889,937,"2022-04-25 13:27:00",155.93,transferencia
890,938,"2023-09-19 13:04:00",297.96,paypal
891,939,"2023-06-07 19:10:00",59.94,paypal
892,940,"2023-09-03 15:26:00",350.95,paypal
893,941,"2022-04-11 13:19:00",204.97,paypal
894,942,"2022-04-04 15:47:00",497.94,tarjeta_credito
895,943,"2022-08-25 05:43:00",39.99,tarjeta_credito
896,944,"2023-03-16 06:15:00",115.95,paypal
897,947,"2023-04-24 00:35:00",188.93,tarjeta_credito
898,948,"2023-04-23 11:39:00",894.91,paypal
899,949,"2023-06-16 02:06:00",259.97,tarjeta_credito
900,950,"2023-08-29 21:29:00",89.97,paypal
901,951,"2023-07-30 07:14:00",209.94,transferencia
902,952,"2023-12-02 10:30:00",655.93,tarjeta_regalo
903,953,"2021-10-06 16:01:00",139.99,paypal
904,954,"2022-08-20 14:42:00",354.91,transferencia
905,955,"2023-10-07 10:59:00",14.99,tarjeta_credito
906,956,"2023-07-26 14:31:00",130.95,tarjeta_credito
907,957,"2023-09-24 01:29:00",162.94,paypal
908,958,"2023-09-11 22:31:00",34.99,tarjeta_credito
909,959,"2021-12-20 20:48:00",781.93,paypal
910,960,"2023-08-22 05:31:00",39.99,tarjeta_regalo
911,961,"2023-12-27 04:35:00",214.91,transferencia
912,962,"2022-10-10 17:16:00",302.92,tarjeta_regalo
913,963,"2022-02-13 13:11:00",168.96,tarjeta_regalo
914,964,"2023-03-07 09:37:00",106.95,tarjeta_credito
915,965,"2023-09-14 18:24:00",355.95,transferencia
916,966,"2023-11-15 09:26:00",29.97,paypal
917,967,"2023-02-22 14:25:00",129.96,tarjeta_credito
918,968,"2023-06-18 12:57:00",231.93,transferencia
919,969,"2023-09-26 00:33:00",189.93,tarjeta_regalo
920,970,"2023-07-13 04:00:00",215.95,tarjeta_regalo
921,971,"2023-05-21 10:59:00",375.93,tarjeta_regalo
922,972,"2022-05-11 20:06:00",363.90,tarjeta_regalo
923,973,"2023-05-26 11:48:00",158.94,tarjeta_credito
924,974,"2023-07-18 01:17:00",139.99,transferencia
925,975,"2023-11-06 21:10:00",295.92,tarjeta_credito
926,976,"2023-02-09 05:07:00",945.91,tarjeta_credito
927,977,"2022-06-05 05:06:00",229.94,tarjeta_credito
928,978,"2022-09-28 11:58:00",442.94,tarjeta_regalo
929,979,"2023-08-01 09:58:00",536.93,transferencia
930,980,"2023-05-18 04:48:00",539.95,transferencia
931,982,"2022-05-27 10:25:00",195.90,paypal
932,983,"2023-08-31 09:21:00",19.98,tarjeta_regalo
933,984,"2023-03-09 01:14:00",479.97,tarjeta_credito
934,985,"2022-12-16 06:40:00",425.92,tarjeta_credito
935,986,"2023-01-24 02:37:00",168.96,paypal
936,987,"2023-04-13 03:49:00",505.94,tarjeta_credito
937,988,"2023-04-06 00:06:00",668.91,paypal
938,989,"2023-07-24 07:01:00",78.96,tarjeta_regalo
939,990,"2023-09-12 09:30:00",159.99,transferencia
940,991,"2023-03-12 03:38:00",144.94,tarjeta_credito
941,992,"2023-11-12 18:40:00",216.92,paypal
942,993,"2022-11-20 01:02:00",522.93,transferencia
943,994,"2023-01-28 01:18:00",51.97,paypal
944,995,"2022-02-21 01:51:00",572.93,paypal
945,996,"2023-04-01 15:54:00",254.94,paypal
946,997,"2023-09-05 12:56:00",897.93,paypal
947,998,"2021-06-02 02:50:00",818.94,paypal
948,999,"2023-02-02 23:48:00",523.90,paypal
949,1000,"2023-08-04 15:20:00",133.95,tarjeta_regalo
950,1001,"2023-07-24 13:42:00",89.99,tarjeta_regalo
951,1002,"2023-09-23 07:23:00",467.95,paypal
952,1003,"2023-04-17 12:13:00",974.94,paypal
953,1004,"2023-05-17 22:44:00",508.92,tarjeta_credito
954,1005,"2023-09-01 07:17:00",38.97,transferencia
955,1006,"2022-06-11 01:15:00",82.95,tarjeta_regalo
956,1007,"2022-11-04 14:38:00",479.94,paypal
957,1008,"2023-04-22 03:10:00",68.97,paypal
958,1009,"2023-08-22 13:56:00",497.93,tarjeta_regalo
959,1010,"2023-10-08 15:08:00",56.97,tarjeta_credito
960,1011,"2023-07-25 06:03:00",286.94,tarjeta_regalo
961,1012,"2023-02-23 08:42:00",114.98,paypal
962,1013,"2023-12-22 07:29:00",106.95,transferencia
963,1014,"2023-04-21 23:21:00",9.99,transferencia
964,1015,"2021-12-31 23:27:00",87.98,tarjeta_regalo
965,1016,"2023-04-30 14:09:00",112.96,tarjeta_regalo
966,1017,"2023-09-14 02:29:00",679.90,tarjeta_regalo
967,1018,"2023-11-21 07:35:00",503.90,transferencia
968,1019,"2023-10-16 08:48:00",19.98,paypal
969,1020,"2022-06-18 17:22:00",394.95,tarjeta_credito
970,1021,"2023-09-07 05:04:00",270.93,transferencia
971,1022,"2022-03-07 15:48:00",118.96,tarjeta_credito
972,1023,"2022-02-09 22:39:00",110.97,transferencia
973,1024,"2021-06-19 13:59:00",69.96,tarjeta_credito
974,1025,"2023-03-03 17:57:00",609.93,tarjeta_credito
975,1026,"2023-06-02 04:47:00",53.97,tarjeta_credito
976,1027,"2023-09-26 06:00:00",375.90,transferencia
977,1029,"2021-11-29 02:18:00",488.90,paypal
978,1030,"2021-06-24 13:03:00",9.99,tarjeta_regalo
979,1031,"2022-12-05 02:14:00",512.92,transferencia
980,1032,"2023-03-03 14:42:00",429.96,paypal
981,1033,"2023-04-18 13:23:00",77.97,paypal
982,1034,"2023-08-28 20:58:00",55.97,tarjeta_credito
983,1035,"2022-10-20 01:32:00",22.99,transferencia
984,1036,"2023-09-01 17:54:00",174.93,paypal
985,1037,"2023-11-13 16:45:00",194.97,transferencia
986,1038,"2022-06-08 16:56:00",58.97,tarjeta_credito
987,1039,"2022-09-10 10:19:00",399.96,tarjeta_credito
988,1040,"2023-01-24 02:32:00",13.99,tarjeta_regalo
989,1041,"2023-11-19 03:31:00",284.94,paypal
990,1042,"2022-10-18 10:47:00",156.96,paypal
991,1043,"2022-12-02 08:53:00",146.94,tarjeta_credito
992,1044,"2023-06-24 13:30:00",197.95,transferencia
993,1045,"2023-08-25 03:18:00",529.96,transferencia
994,1046,"2023-10-21 12:39:00",21.99,paypal
995,1047,"2023-06-14 03:07:00",369.97,transferencia
996,1048,"2022-10-31 20:17:00",175.95,tarjeta_regalo
997,1049,"2022-07-02 19:12:00",101.96,tarjeta_regalo
998,1050,"2023-08-28 02:26:00",134.96,transferencia
999,1051,"2023-08-03 22:56:00",718.90,tarjeta_credito
1000,1052,"2023-12-06 19:30:00",37.98,transferencia
1001,1053,"2022-07-23 07:29:00",368.94,tarjeta_credito
1002,1054,"2023-10-15 12:41:00",179.90,transferencia
1003,1055,"2022-04-25 13:32:00",400.89,tarjeta_credito
1004,1056,"2023-10-21 00:41:00",260.94,paypal
1005,1057,"2022-03-08 05:32:00",164.95,paypal
1006,1058,"2023-08-13 10:53:00",74.97,paypal
1007,1059,"2023-12-29 23:50:00",89.97,tarjeta_regalo
1008,1060,"2023-06-26 06:27:00",494.95,tarjeta_regalo
1009,1061,"2022-10-17 17:01:00",79.97,paypal
1010,1062,"2022-08-14 21:36:00",299.94,tarjeta_regalo
1011,1063,"2022-09-29 02:43:00",949.92,transferencia
1012,1064,"2023-06-16 17:16:00",191.97,tarjeta_regalo
1013,1065,"2022-08-26 05:49:00",59.97,paypal
1014,1066,"2023-05-15 20:26:00",399.96,tarjeta_credito
1015,1067,"2022-09-20 02:37:00",414.91,tarjeta_credito
1016,1068,"2022-04-26 04:30:00",66.96,transferencia
1017,1069,"2022-12-19 14:09:00",134.93,tarjeta_regalo
1018,1070,"2023-09-22 12:29:00",74.97,transferencia
1019,1071,"2021-07-01 19:48:00",13.99,tarjeta_regalo
1020,1072,"2023-05-23 04:53:00",41.97,tarjeta_credito
1021,1073,"2023-09-15 23:51:00",78.95,tarjeta_regalo
1022,1074,"2023-10-28 18:49:00",180.95,transferencia
1023,1075,"2023-06-19 12:28:00",366.95,tarjeta_regalo
1024,1076,"2023-10-15 15:18:00",52.97,paypal
1025,1077,"2023-11-12 23:17:00",120.93,tarjeta_regalo
1026,1078,"2022-03-30 07:14:00",17.99,transferencia
1027,1079,"2023-01-24 07:16:00",19.99,tarjeta_regalo
1028,1080,"2023-04-16 20:14:00",320.93,paypal
1029,1082,"2022-11-11 23:35:00",209.97,transferencia
1030,1083,"2023-07-14 14:09:00",107.94,transferencia
1031,1084,"2022-12-03 09:32:00",113.93,tarjeta_credito
1032,1085,"2023-07-27 16:41:00",65.97,paypal
1033,1086,"2023-11-08 11:18:00",384.96,paypal
1034,1087,"2023-06-30 04:31:00",170.96,paypal
1035,1088,"2023-07-13 01:57:00",549.93,tarjeta_regalo
1036,1089,"2021-09-17 23:47:00",107.97,paypal
1037,1090,"2022-05-09 14:50:00",19.99,tarjeta_regalo
1038,1091,"2022-12-28 03:27:00",95.97,transferencia
1039,1092,"2023-09-24 00:23:00",439.95,tarjeta_credito
1040,1093,"2023-09-17 05:02:00",58.98,paypal
1041,1096,"2022-08-09 15:54:00",360.91,tarjeta_regalo
1042,1097,"2023-08-14 17:12:00",17.99,paypal
1043,1098,"2023-04-26 02:08:00",315.94,transferencia
1044,1099,"2023-09-02 06:20:00",139.92,tarjeta_regalo
1045,1100,"2023-02-16 23:49:00",53.97,paypal
1046,1101,"2023-12-07 20:13:00",654.95,tarjeta_regalo
1047,1102,"2023-08-09 19:57:00",125.94,tarjeta_regalo
1048,1103,"2022-12-10 23:47:00",249.96,paypal
1049,1104,"2023-09-08 15:06:00",69.99,transferencia
1050,1105,"2021-11-23 21:31:00",254.97,transferencia
1051,1107,"2023-05-22 14:37:00",188.95,paypal
1052,1108,"2021-12-06 11:56:00",173.91,tarjeta_regalo
1053,1109,"2022-04-13 19:01:00",151.92,paypal
1054,1110,"2021-12-06 22:59:00",29.97,paypal
1055,1111,"2022-02-12 22:15:00",56.96,transferencia
1056,1112,"2022-09-11 14:51:00",53.97,tarjeta_credito
1057,1113,"2023-11-25 08:02:00",909.93,transferencia
1058,1114,"2023-02-09 14:04:00",37.98,transferencia
1059,1115,"2021-09-14 05:50:00",9.99,tarjeta_regalo
1060,1117,"2023-10-29 09:02:00",12.99,transferencia
1061,1118,"2022-03-07 17:19:00",328.93,paypal
1062,1119,"2023-10-10 20:00:00",54.99,transferencia
1063,1120,"2023-11-23 16:38:00",434.90,tarjeta_regalo
1064,1121,"2022-07-16 00:45:00",159.96,transferencia
1065,1122,"2023-08-03 06:46:00",274.95,paypal
1066,1123,"2023-09-09 12:09:00",119.97,transferencia
1067,1124,"2022-01-09 14:16:00",191.93,paypal
1068,1125,"2022-10-02 00:22:00",185.96,transferencia
1069,1126,"2021-12-22 16:19:00",119.97,paypal
1070,1127,"2022-05-30 01:21:00",37.98,tarjeta_regalo
1071,1128,"2023-03-16 00:49:00",247.94,tarjeta_regalo
1072,1129,"2023-12-30 13:54:00",899.97,tarjeta_credito
1073,1130,"2023-10-04 11:47:00",354.92,tarjeta_regalo
1074,1131,"2023-10-17 00:16:00",59.98,paypal
1075,1132,"2021-09-24 22:38:00",515.95,tarjeta_regalo
1076,1133,"2023-09-15 08:18:00",863.89,transferencia
1077,1134,"2023-04-21 20:11:00",209.97,tarjeta_regalo
1078,1135,"2023-02-09 06:25:00",305.92,tarjeta_regalo
1079,1136,"2022-04-21 05:27:00",1029.93,tarjeta_regalo
1080,1137,"2023-04-17 01:13:00",480.94,tarjeta_credito
1081,1138,"2023-09-11 19:18:00",854.91,tarjeta_regalo
1082,1139,"2023-07-14 05:20:00",199.97,tarjeta_credito
1083,1140,"2022-02-25 04:00:00",73.95,transferencia
1084,1141,"2022-04-13 14:47:00",89.97,paypal
1085,1142,"2023-07-20 18:53:00",518.89,tarjeta_regalo
1086,1143,"2023-03-19 02:28:00",225.95,tarjeta_credito
1087,1144,"2023-11-27 09:50:00",173.93,tarjeta_regalo
1088,1145,"2023-05-04 19:31:00",234.95,tarjeta_regalo
1089,1146,"2023-10-05 00:32:00",65.97,transferencia
1090,1147,"2022-06-30 01:30:00",212.94,paypal
1091,1148,"2023-04-30 02:09:00",204.97,transferencia
1092,1149,"2023-08-13 22:16:00",269.97,paypal
1093,1151,"2023-12-25 13:51:00",209.94,tarjeta_regalo
1094,1152,"2022-07-21 04:18:00",209.95,tarjeta_credito
1095,1153,"2023-07-24 04:19:00",161.92,tarjeta_credito
1096,1155,"2023-04-25 13:03:00",45.98,tarjeta_credito
1097,1156,"2023-06-26 13:23:00",350.90,tarjeta_credito
1098,1157,"2023-09-02 00:21:00",481.92,transferencia
1099,1158,"2021-06-02 23:16:00",73.98,transferencia
1100,1159,"2022-07-12 09:40:00",269.97,transferencia
1101,1160,"2023-12-28 19:37:00",284.97,paypal
1102,1161,"2023-06-20 15:56:00",129.98,transferencia
1103,1163,"2023-01-02 05:09:00",139.99,transferencia
1104,1164,"2023-07-11 03:52:00",663.91,transferencia
1105,1166,"2022-04-30 05:22:00",375.90,tarjeta_regalo
1106,1167,"2022-10-13 06:44:00",278.92,transferencia
1107,1168,"2023-11-21 23:06:00",68.95,paypal
1108,1169,"2022-06-22 21:47:00",293.92,tarjeta_regalo
1109,1170,"2023-12-23 08:33:00",329.93,tarjeta_credito
1110,1171,"2022-11-12 18:01:00",208.92,tarjeta_credito
1111,1172,"2023-07-10 12:50:00",149.99,tarjeta_credito
1112,1173,"2022-08-28 14:15:00",299.94,paypal
1113,1174,"2023-12-04 20:17:00",21.99,paypal
1114,1175,"2022-05-24 22:04:00",95.97,tarjeta_regalo
1115,1177,"2023-06-04 02:39:00",18.99,tarjeta_regalo
1116,1178,"2022-09-05 08:57:00",143.97,paypal
1117,1179,"2022-08-27 08:10:00",144.95,tarjeta_regalo
1118,1180,"2023-09-15 17:59:00",488.91,transferencia
1119,1181,"2023-10-19 10:46:00",49.98,tarjeta_regalo
1120,1182,"2022-03-27 08:31:00",50.97,tarjeta_credito
1121,1183,"2023-03-10 01:05:00",202.91,tarjeta_regalo
1122,1184,"2023-08-18 07:40:00",17.99,tarjeta_credito
1123,1185,"2022-08-07 16:09:00",214.96,tarjeta_regalo
1124,1186,"2023-04-29 09:27:00",83.97,paypal
1125,1187,"2023-09-25 18:15:00",124.92,tarjeta_regalo
1126,1188,"2023-09-08 20:42:00",288.93,tarjeta_regalo
1127,1189,"2022-08-03 05:49:00",27.99,transferencia
1128,1190,"2022-06-30 03:25:00",57.96,tarjeta_credito
1129,1191,"2023-03-18 12:37:00",268.93,transferencia
1130,1192,"2023-07-20 15:01:00",94.98,transferencia
1131,1193,"2023-09-07 04:41:00",59.96,tarjeta_credito
1132,1194,"2023-02-21 17:38:00",150.95,tarjeta_regalo
1133,1195,"2022-04-12 10:32:00",121.98,tarjeta_regalo
1134,1196,"2023-10-24 21:07:00",110.97,tarjeta_regalo
1135,1197,"2021-09-11 03:44:00",68.96,paypal
1136,1198,"2021-10-07 06:11:00",199.98,transferencia
1137,1199,"2022-09-11 15:06:00",279.95,tarjeta_credito
1138,1200,"2023-05-02 19:56:00",39.99,tarjeta_credito
1139,1202,"2023-10-04 00:24:00",229.90,tarjeta_regalo
1140,1203,"2023-07-05 09:23:00",394.92,transferencia
1141,1204,"2023-03-02 02:54:00",61.96,tarjeta_regalo
1142,1205,"2022-03-09 03:27:00",28.98,paypal
1143,1206,"2022-11-01 01:44:00",519.96,tarjeta_regalo
1144,1207,"2023-07-10 01:53:00",121.92,tarjeta_regalo
1145,1208,"2023-10-13 05:48:00",363.90,tarjeta_credito
1146,1209,"2023-01-20 15:56:00",225.94,tarjeta_credito
1147,1210,"2022-12-13 15:23:00",53.97,transferencia
1148,1211,"2023-06-11 13:29:00",17.99,transferencia
1149,1212,"2023-04-22 23:28:00",582.90,transferencia
1150,1213,"2023-06-17 19:42:00",411.91,tarjeta_credito
1151,1214,"2023-10-18 21:45:00",104.97,tarjeta_credito
1152,1215,"2023-09-28 18:34:00",79.99,tarjeta_regalo
1153,1216,"2023-05-23 05:31:00",29.97,paypal
1154,1217,"2021-12-19 19:55:00",29.97,transferencia
1155,1218,"2023-07-25 15:55:00",89.98,tarjeta_regalo
1156,1219,"2023-11-13 05:37:00",762.94,transferencia
1157,1220,"2023-12-10 13:37:00",329.98,tarjeta_regalo
1158,1221,"2023-03-24 07:51:00",265.93,paypal
1159,1223,"2022-05-01 03:55:00",384.95,transferencia
1160,1224,"2023-10-20 21:25:00",37.98,transferencia
1161,1225,"2023-07-05 18:48:00",167.94,paypal
1162,1227,"2023-12-06 19:01:00",111.96,tarjeta_credito
1163,1230,"2023-12-04 00:03:00",79.94,transferencia
1164,1231,"2022-07-07 02:22:00",206.93,tarjeta_credito
1165,1232,"2023-10-20 09:17:00",50.97,paypal
1166,1233,"2022-12-02 16:00:00",141.96,tarjeta_regalo
1167,1234,"2023-06-15 04:16:00",442.91,paypal
1168,1235,"2022-12-08 08:55:00",554.91,tarjeta_credito
1169,1236,"2023-08-30 02:41:00",179.95,transferencia
1170,1237,"2022-11-20 20:29:00",428.91,tarjeta_credito
1171,1238,"2023-09-06 15:40:00",53.97,tarjeta_credito
1172,1239,"2022-02-13 21:10:00",300.93,transferencia
1173,1240,"2021-11-01 15:45:00",200.90,tarjeta_credito
1174,1241,"2023-06-16 21:53:00",296.96,tarjeta_regalo
1175,1242,"2023-08-23 17:16:00",859.92,paypal
1176,1243,"2023-12-14 07:41:00",218.97,tarjeta_credito
1177,1244,"2022-12-05 08:08:00",44.97,paypal
1178,1245,"2022-11-29 03:22:00",53.96,tarjeta_credito
1179,1246,"2023-06-04 17:59:00",16.99,paypal
1180,1247,"2023-07-12 14:42:00",289.91,transferencia
1181,1248,"2023-07-07 05:41:00",419.97,paypal
1182,1249,"2023-03-19 00:50:00",69.99,tarjeta_credito
1183,1250,"2023-07-26 13:01:00",89.98,tarjeta_credito
1184,1251,"2023-08-14 22:11:00",269.95,transferencia
1185,1252,"2023-05-20 17:39:00",73.95,transferencia
1186,1253,"2023-12-11 11:08:00",316.94,transferencia
1187,1254,"2023-04-25 05:37:00",562.89,paypal
1188,1255,"2022-02-26 09:00:00",111.98,tarjeta_credito
1189,1256,"2023-09-03 00:08:00",544.95,tarjeta_regalo
1190,1257,"2023-11-14 08:08:00",238.93,tarjeta_credito
1191,1260,"2023-02-10 20:40:00",84.96,tarjeta_regalo
1192,1261,"2023-07-03 12:07:00",179.98,tarjeta_regalo
1193,1262,"2021-08-13 15:42:00",89.98,tarjeta_regalo
1194,1263,"2023-12-12 04:51:00",722.93,tarjeta_credito
1195,1264,"2022-06-30 17:30:00",79.98,tarjeta_regalo
1196,1265,"2023-01-11 01:48:00",629.96,paypal
1197,1266,"2023-11-13 02:52:00",634.95,tarjeta_regalo
1198,1267,"2023-07-09 16:04:00",25.98,paypal
1199,1268,"2022-06-21 13:41:00",238.92,tarjeta_regalo
1200,1269,"2023-10-12 20:50:00",247.94,tarjeta_regalo
1201,1270,"2023-10-10 09:32:00",250.92,paypal
1202,1271,"2023-05-22 09:15:00",867.91,tarjeta_credito
1203,1272,"2023-09-25 02:51:00",368.95,transferencia
1204,1273,"2021-11-11 11:36:00",29.97,paypal
1205,1274,"2023-05-19 14:18:00",45.98,tarjeta_credito
1206,1275,"2023-09-08 13:14:00",196.92,tarjeta_credito
1207,1276,"2023-05-29 08:38:00",384.93,tarjeta_regalo
1208,1277,"2023-09-22 02:12:00",134.95,transferencia
1209,1278,"2022-11-22 21:03:00",459.96,tarjeta_regalo
1210,1279,"2023-08-15 21:54:00",35.98,tarjeta_regalo
1211,1280,"2022-01-13 21:20:00",115.93,tarjeta_regalo
1212,1281,"2022-09-21 17:49:00",134.93,tarjeta_regalo
1213,1282,"2023-08-26 04:22:00",173.94,tarjeta_regalo
1214,1283,"2023-09-07 03:18:00",116.94,tarjeta_regalo
1215,1284,"2023-08-22 01:32:00",56.97,tarjeta_regalo
1216,1285,"2023-12-28 22:45:00",176.92,transferencia
1217,1286,"2023-09-05 00:44:00",238.92,tarjeta_regalo
1218,1287,"2023-05-31 23:16:00",389.95,transferencia
1219,1288,"2023-08-01 06:23:00",41.97,transferencia
1220,1289,"2023-08-25 00:08:00",63.96,tarjeta_regalo
1221,1290,"2021-09-28 19:08:00",34.99,transferencia
1222,1291,"2023-12-02 10:10:00",222.96,paypal
1223,1292,"2022-11-29 10:28:00",299.91,tarjeta_credito
1224,1293,"2023-06-26 15:38:00",79.98,transferencia
1225,1294,"2022-12-14 13:07:00",673.89,paypal
1226,1295,"2023-04-10 16:49:00",247.92,transferencia
1227,1296,"2023-01-26 23:07:00",77.97,tarjeta_credito
1228,1297,"2023-12-03 19:56:00",91.96,tarjeta_credito
1229,1298,"2022-08-16 01:44:00",106.94,tarjeta_credito
1230,1299,"2023-07-02 22:43:00",364.96,tarjeta_credito
1231,1300,"2023-06-19 01:54:00",149.99,tarjeta_credito
1232,1301,"2022-05-16 22:32:00",73.97,paypal
1233,1302,"2022-04-04 05:41:00",176.94,tarjeta_credito
1234,1303,"2022-06-27 00:44:00",158.97,paypal
1235,1304,"2023-06-08 08:52:00",134.97,tarjeta_regalo
1236,1305,"2021-12-09 14:17:00",69.98,tarjeta_credito
1237,1306,"2022-06-19 15:22:00",314.96,tarjeta_regalo
1238,1307,"2022-12-17 23:14:00",294.95,paypal
1239,1308,"2023-04-30 14:10:00",44.97,tarjeta_regalo
1240,1309,"2023-04-20 17:52:00",49.98,tarjeta_credito
1241,1310,"2023-11-29 08:59:00",249.91,tarjeta_credito
1242,1311,"2022-03-17 15:51:00",35.98,tarjeta_credito
1243,1312,"2021-09-29 15:46:00",216.95,tarjeta_credito
1244,1313,"2023-01-10 22:08:00",45.98,tarjeta_regalo
1245,1314,"2023-09-11 12:47:00",925.95,tarjeta_regalo
1246,1315,"2022-07-14 09:05:00",759.90,transferencia
1247,1316,"2023-05-28 03:21:00",336.92,tarjeta_credito
1248,1317,"2022-05-12 17:32:00",549.95,paypal
1249,1318,"2022-03-04 10:07:00",258.93,tarjeta_regalo
1250,1319,"2023-08-17 06:24:00",155.93,paypal
1251,1320,"2023-09-16 04:19:00",611.95,tarjeta_regalo
1252,1321,"2021-05-28 11:55:00",119.93,tarjeta_credito
1253,1322,"2023-04-02 09:53:00",339.94,paypal
1254,1323,"2022-12-15 17:46:00",191.94,tarjeta_credito
1255,1324,"2022-05-17 17:04:00",300.94,tarjeta_regalo
1256,1325,"2023-12-26 12:19:00",250.92,transferencia
1257,1326,"2023-12-07 12:45:00",289.96,tarjeta_credito
1258,1327,"2023-07-07 00:21:00",575.95,tarjeta_regalo
1259,1328,"2023-03-02 08:58:00",35.98,tarjeta_credito
1260,1329,"2023-05-09 14:57:00",132.93,tarjeta_regalo
1261,1330,"2023-03-18 15:04:00",499.96,tarjeta_regalo
1262,1331,"2023-10-12 12:32:00",577.93,tarjeta_credito
1263,1332,"2021-11-09 17:05:00",100.95,paypal
1264,1333,"2022-10-23 15:17:00",119.97,tarjeta_credito
1265,1334,"2023-08-08 04:34:00",19.99,tarjeta_regalo
1266,1335,"2023-12-16 03:32:00",200.90,tarjeta_credito
1267,1336,"2022-02-14 03:39:00",168.92,paypal
1268,1337,"2022-07-15 06:47:00",29.98,paypal
1269,1338,"2023-11-21 14:13:00",414.92,tarjeta_regalo
1270,1339,"2023-09-27 02:38:00",122.94,transferencia
1271,1340,"2023-01-30 04:44:00",1034.91,tarjeta_regalo
1272,1341,"2022-02-27 13:22:00",545.96,transferencia
1273,1342,"2023-10-30 07:27:00",299.95,tarjeta_credito
1274,1343,"2022-07-10 13:17:00",671.91,transferencia
1275,1344,"2023-06-02 23:38:00",194.94,tarjeta_regalo
1276,1345,"2023-12-05 23:36:00",216.96,transferencia
1277,1346,"2023-01-24 04:02:00",239.97,transferencia
1278,1347,"2022-08-03 11:11:00",813.89,tarjeta_regalo
1279,1348,"2023-06-16 22:49:00",351.92,tarjeta_regalo
1280,1349,"2023-12-13 05:19:00",80.97,transferencia
1281,1350,"2022-11-03 13:04:00",228.95,tarjeta_regalo
1282,1351,"2023-11-02 09:47:00",1006.92,paypal
1283,1352,"2023-02-04 18:44:00",282.97,paypal
1284,1353,"2023-03-25 19:46:00",619.97,tarjeta_regalo
1285,1354,"2023-10-26 15:12:00",110.94,paypal
1286,1355,"2023-05-25 10:22:00",144.96,tarjeta_regalo
1287,1356,"2023-01-29 18:44:00",73.95,transferencia
1288,1357,"2023-03-26 12:39:00",133.93,paypal
1289,1358,"2023-08-03 18:19:00",109.98,tarjeta_regalo
1290,1359,"2023-03-04 23:25:00",189.96,transferencia
1291,1360,"2021-08-31 03:21:00",74.97,tarjeta_credito
1292,1361,"2021-11-09 09:55:00",276.91,transferencia
1293,1362,"2023-09-02 00:34:00",74.94,paypal
1294,1363,"2022-04-26 21:05:00",490.94,paypal
1295,1364,"2022-06-29 14:10:00",105.95,tarjeta_regalo
1296,1365,"2021-10-15 12:49:00",200.94,paypal
1297,1366,"2023-09-10 16:50:00",354.94,paypal
1298,1367,"2021-10-14 22:25:00",81.97,transferencia
1299,1368,"2023-08-30 02:00:00",151.95,tarjeta_regalo
1300,1369,"2022-09-10 12:28:00",180.93,transferencia
1301,1370,"2023-06-03 22:40:00",332.93,tarjeta_credito
1302,1371,"2023-05-22 22:32:00",168.93,paypal
1303,1372,"2023-02-21 07:15:00",305.95,paypal
1304,1373,"2022-03-14 12:33:00",100.97,tarjeta_regalo
1305,1374,"2023-05-09 10:15:00",194.97,tarjeta_regalo
1306,1375,"2023-08-29 17:20:00",144.94,transferencia
1307,1376,"2023-04-22 15:04:00",354.90,transferencia
1308,1377,"2022-10-19 20:06:00",240.96,tarjeta_credito
1309,1378,"2023-09-22 17:58:00",1214.91,tarjeta_regalo
1310,1379,"2023-09-19 16:18:00",35.98,transferencia
1311,1380,"2023-01-14 06:41:00",119.96,tarjeta_credito
1312,1381,"2021-06-01 18:34:00",427.94,transferencia
1313,1382,"2023-08-04 20:09:00",147.93,paypal
1314,1383,"2023-06-11 06:41:00",70.97,tarjeta_regalo
1315,1384,"2023-06-30 09:32:00",82.97,transferencia
1316,1385,"2023-09-04 18:01:00",574.89,tarjeta_regalo
1317,1386,"2023-02-28 07:53:00",579.94,paypal
1318,1387,"2022-09-22 02:17:00",97.95,tarjeta_credito
1319,1388,"2022-11-06 19:46:00",79.98,transferencia
1320,1389,"2023-03-05 03:21:00",273.92,tarjeta_regalo
1321,1390,"2023-04-04 16:16:00",110.97,tarjeta_credito
1322,1391,"2023-01-29 07:03:00",251.90,tarjeta_credito
1323,1392,"2023-08-14 00:38:00",249.95,tarjeta_regalo
1324,1393,"2023-12-02 17:37:00",594.93,tarjeta_credito
1325,1394,"2023-05-27 07:13:00",141.95,paypal
1326,1395,"2023-07-01 10:42:00",289.95,tarjeta_credito
1327,1396,"2023-05-24 15:56:00",1016.92,tarjeta_credito
1328,1397,"2021-08-07 01:27:00",44.97,tarjeta_credito
1329,1398,"2022-09-20 16:23:00",403.92,transferencia
1330,1399,"2022-04-24 21:00:00",181.96,tarjeta_regalo
1331,1400,"2022-02-27 00:16:00",398.90,tarjeta_credito
1332,1401,"2023-06-23 16:19:00",33.98,tarjeta_regalo
1333,1402,"2022-12-11 06:53:00",109.98,tarjeta_regalo
1334,1403,"2023-11-22 12:43:00",559.93,paypal
1335,1404,"2023-10-15 20:45:00",129.98,tarjeta_credito
1336,1405,"2022-10-31 18:30:00",158.94,tarjeta_regalo
1337,1406,"2023-04-13 06:47:00",549.96,paypal
1338,1407,"2023-06-06 11:46:00",897.93,tarjeta_regalo
1339,1408,"2023-09-14 00:36:00",47.97,tarjeta_credito
1340,1409,"2022-05-07 23:53:00",289.97,tarjeta_regalo
1341,1410,"2023-12-11 02:34:00",293.94,tarjeta_credito
1342,1411,"2023-08-17 17:01:00",712.90,paypal
1343,1412,"2023-09-08 14:29:00",12.99,transferencia
1344,1413,"2023-01-26 12:07:00",29.99,paypal
1345,1414,"2023-07-22 20:58:00",69.99,paypal
1346,1415,"2023-03-21 00:51:00",82.97,tarjeta_regalo
1347,1416,"2023-08-13 16:29:00",134.97,transferencia
1348,1417,"2023-05-28 10:34:00",251.94,transferencia
1349,1418,"2022-08-13 00:15:00",109.98,tarjeta_credito
1350,1420,"2023-05-30 07:21:00",569.89,paypal
1351,1421,"2023-09-01 00:19:00",195.91,paypal
1352,1422,"2023-05-31 23:22:00",80.97,paypal
1353,1424,"2021-08-15 04:48:00",16.99,paypal
1354,1425,"2023-10-22 03:47:00",31.98,tarjeta_regalo
1355,1426,"2022-08-10 04:30:00",67.97,tarjeta_credito
1356,1427,"2023-02-18 21:52:00",559.95,paypal
1357,1428,"2023-03-27 00:16:00",291.91,transferencia
1358,1429,"2023-12-26 20:48:00",49.98,tarjeta_regalo
1359,1431,"2021-12-20 07:10:00",225.97,transferencia
1360,1432,"2021-10-30 22:43:00",251.96,tarjeta_credito
1361,1433,"2023-06-21 19:17:00",656.95,transferencia
1362,1434,"2023-02-06 03:02:00",60.96,tarjeta_credito
1363,1435,"2022-10-17 16:41:00",104.97,tarjeta_credito
1364,1436,"2023-03-09 17:24:00",144.94,paypal
1365,1438,"2023-04-12 00:58:00",50.97,tarjeta_credito
1366,1439,"2023-09-18 08:50:00",1047.93,tarjeta_regalo
1367,1440,"2022-11-06 07:26:00",296.92,paypal
1368,1441,"2023-02-25 22:21:00",197.97,tarjeta_regalo
1369,1442,"2023-07-29 03:46:00",245.92,tarjeta_credito
1370,1443,"2023-01-02 21:47:00",169.95,transferencia
1371,1444,"2022-09-18 08:00:00",133.93,tarjeta_regalo
1372,1445,"2023-12-30 14:00:00",396.95,transferencia
1373,1446,"2023-09-30 15:02:00",289.95,paypal
1374,1447,"2022-07-28 05:12:00",209.97,transferencia
1375,1448,"2023-04-25 20:26:00",248.94,tarjeta_regalo
1376,1449,"2023-10-23 16:29:00",239.97,transferencia
1377,1450,"2023-12-21 07:05:00",33.98,transferencia
1378,1451,"2022-09-15 12:31:00",49.99,tarjeta_regalo
1379,1452,"2023-12-10 06:28:00",109.96,transferencia
1380,1454,"2023-04-27 10:10:00",146.93,tarjeta_credito
1381,1455,"2023-07-05 06:41:00",29.97,tarjeta_regalo
1382,1456,"2023-09-01 15:43:00",99.97,tarjeta_credito
1383,1457,"2021-05-13 01:04:00",627.96,paypal
1384,1458,"2023-04-10 14:38:00",457.94,transferencia
1385,1459,"2022-07-18 13:28:00",286.90,tarjeta_regalo
1386,1460,"2022-12-06 02:30:00",249.99,tarjeta_credito
1387,1461,"2023-11-03 17:46:00",340.94,paypal
1388,1462,"2023-05-04 05:37:00",869.92,tarjeta_regalo
1389,1463,"2022-07-25 16:10:00",279.96,tarjeta_credito
1390,1464,"2022-05-11 13:38:00",259.98,tarjeta_regalo
1391,1465,"2023-07-02 20:59:00",87.96,paypal
1392,1466,"2022-10-23 03:32:00",114.96,tarjeta_credito
1393,1467,"2023-10-31 03:59:00",323.94,tarjeta_regalo
1394,1468,"2023-06-19 00:28:00",181.92,transferencia
1395,1469,"2023-09-05 17:40:00",129.92,tarjeta_credito
1396,1470,"2023-07-22 15:31:00",419.97,tarjeta_regalo
1397,1471,"2022-11-03 22:11:00",89.98,tarjeta_credito
1398,1472,"2023-07-20 23:10:00",620.92,tarjeta_credito
1399,1473,"2023-07-07 14:00:00",253.92,transferencia
1400,1474,"2023-05-28 23:04:00",149.99,tarjeta_credito
1401,1475,"2022-10-14 00:44:00",149.97,transferencia
1402,1476,"2023-10-10 16:53:00",269.94,tarjeta_regalo
1403,1477,"2023-01-18 21:34:00",143.91,tarjeta_regalo
1404,1478,"2022-09-03 12:03:00",412.93,tarjeta_credito
1405,1479,"2023-02-25 05:51:00",359.98,paypal
1406,1480,"2023-12-11 07:23:00",246.93,transferencia
1407,1481,"2023-02-15 05:56:00",18.99,tarjeta_regalo
1408,1482,"2022-09-27 03:43:00",216.91,tarjeta_regalo
1409,1483,"2023-07-18 16:56:00",123.97,tarjeta_regalo
1410,1484,"2023-08-06 20:53:00",589.90,transferencia
1411,1485,"2023-05-18 19:59:00",338.95,paypal
1412,1486,"2023-07-26 00:57:00",543.93,paypal
1413,1487,"2023-09-02 13:08:00",749.97,tarjeta_regalo
1414,1488,"2022-10-09 05:07:00",547.94,paypal
1415,1489,"2023-11-07 14:02:00",204.95,paypal
1416,1490,"2023-09-10 01:14:00",55.98,tarjeta_regalo
1417,1491,"2022-06-11 10:06:00",899.97,tarjeta_credito
1418,1492,"2023-05-14 21:01:00",334.90,transferencia
1419,1494,"2022-09-11 22:34:00",12.99,tarjeta_regalo
1420,1495,"2022-10-10 13:05:00",221.92,tarjeta_regalo
1421,1497,"2022-10-26 12:42:00",68.97,tarjeta_credito
1422,1498,"2023-11-10 19:24:00",53.97,transferencia
1423,1499,"2022-12-16 14:25:00",119.97,paypal
1424,1500,"2022-02-19 12:40:00",188.94,transferencia
1425,1501,"2023-12-26 17:11:00",579.95,tarjeta_credito
1426,1502,"2023-05-21 09:39:00",154.95,paypal
1427,1503,"2023-04-02 12:39:00",45.98,tarjeta_credito
1428,1504,"2023-07-30 00:29:00",69.98,tarjeta_regalo
1429,1505,"2023-05-25 01:19:00",292.97,paypal
1430,1506,"2023-12-07 16:15:00",184.98,tarjeta_credito
1431,1507,"2021-11-04 08:16:00",139.94,tarjeta_regalo
1432,1508,"2021-05-20 16:54:00",401.95,transferencia
1433,1509,"2022-12-23 21:35:00",323.91,tarjeta_regalo
1434,1510,"2022-12-20 13:15:00",559.91,tarjeta_regalo
1435,1511,"2022-02-27 03:10:00",701.91,paypal
1436,1512,"2022-11-04 03:15:00",83.97,transferencia
1437,1513,"2022-09-14 08:25:00",53.97,paypal
1438,1514,"2022-04-07 07:06:00",347.95,transferencia
1439,1515,"2023-06-26 06:31:00",462.96,paypal
1440,1516,"2022-08-24 12:48:00",362.90,transferencia
1441,1517,"2023-11-01 01:52:00",934.96,tarjeta_credito
1442,1518,"2023-09-07 23:39:00",280.95,transferencia
1443,1519,"2023-10-11 03:58:00",319.95,paypal
1444,1520,"2023-03-19 05:31:00",454.94,transferencia
1445,1521,"2023-09-20 10:02:00",168.93,paypal
1446,1522,"2023-02-26 20:59:00",130.95,paypal
1447,1523,"2022-10-16 04:28:00",122.94,paypal
1448,1524,"2023-02-26 03:27:00",114.97,tarjeta_regalo
1449,1525,"2023-10-12 19:14:00",587.94,tarjeta_credito
1450,1526,"2022-03-07 12:19:00",65.97,tarjeta_regalo
1451,1527,"2022-03-05 03:57:00",539.95,paypal
1452,1528,"2023-10-01 01:44:00",104.97,tarjeta_regalo
1453,1529,"2022-11-14 00:03:00",269.97,tarjeta_regalo
1454,1530,"2022-08-24 16:38:00",22.99,tarjeta_regalo
1455,1531,"2023-05-02 00:03:00",427.95,transferencia
1456,1532,"2022-05-01 16:19:00",688.92,transferencia
1457,1533,"2021-10-15 09:49:00",499.90,transferencia
1458,1534,"2023-09-09 19:53:00",158.96,paypal
1459,1535,"2023-12-28 11:27:00",151.92,paypal
1460,1536,"2021-12-30 17:34:00",213.94,tarjeta_credito
1461,1537,"2022-04-15 17:41:00",717.95,tarjeta_credito
1462,1538,"2023-12-12 14:11:00",176.93,tarjeta_credito
1463,1539,"2023-05-10 21:08:00",163.94,tarjeta_credito
1464,1540,"2022-05-14 20:08:00",89.98,tarjeta_regalo
1465,1541,"2023-02-02 10:01:00",287.91,paypal
1466,1542,"2023-07-02 04:28:00",649.94,tarjeta_regalo
1467,1543,"2023-12-21 11:55:00",292.94,paypal
1468,1544,"2023-04-29 23:34:00",192.94,tarjeta_regalo
1469,1545,"2023-11-19 10:58:00",68.97,paypal
1470,1546,"2023-12-05 12:23:00",292.92,tarjeta_credito
1471,1547,"2023-08-04 02:51:00",121.94,paypal
1472,1548,"2023-10-17 21:55:00",89.99,tarjeta_regalo
1473,1549,"2023-11-19 10:33:00",236.94,paypal
1474,1550,"2022-07-23 13:05:00",269.95,tarjeta_regalo
1475,1551,"2023-03-04 21:24:00",159.93,tarjeta_credito
1476,1552,"2023-10-05 08:59:00",110.96,tarjeta_regalo
1477,1553,"2022-02-06 00:48:00",299.99,transferencia
1478,1554,"2023-06-02 07:29:00",49.98,transferencia
1479,1555,"2023-10-10 17:33:00",155.92,tarjeta_regalo
1480,1556,"2022-02-09 00:15:00",33.98,transferencia
1481,1557,"2023-01-04 05:02:00",78.97,paypal
1482,1558,"2022-03-26 22:31:00",333.97,tarjeta_credito
1483,1559,"2023-02-23 07:19:00",393.93,tarjeta_regalo
1484,1560,"2023-09-01 21:38:00",45.98,tarjeta_regalo
1485,1561,"2023-03-30 03:30:00",73.97,paypal
1486,1562,"2022-07-03 22:17:00",82.96,transferencia
1487,1563,"2023-10-07 03:35:00",353.96,tarjeta_credito
1488,1564,"2023-12-12 22:43:00",139.99,tarjeta_regalo
1489,1565,"2022-07-22 00:32:00",100.95,tarjeta_credito
1490,1566,"2023-02-13 01:30:00",374.93,tarjeta_credito
1491,1567,"2022-05-06 21:58:00",239.93,paypal
1492,1568,"2022-08-09 15:02:00",51.98,paypal
1493,1569,"2023-06-01 03:58:00",530.94,tarjeta_regalo
1494,1570,"2023-10-17 10:18:00",179.96,paypal
1495,1571,"2023-07-12 04:42:00",323.90,tarjeta_credito
1496,1572,"2023-03-09 03:17:00",9.99,tarjeta_regalo
1497,1573,"2023-06-30 09:34:00",149.96,tarjeta_credito
1498,1574,"2022-10-07 05:43:00",53.97,tarjeta_credito
1499,1575,"2022-09-04 06:47:00",1549.91,tarjeta_credito
1500,1576,"2022-03-18 09:41:00",430.92,tarjeta_credito
1501,1577,"2023-09-17 05:18:00",49.99,tarjeta_regalo
1502,1578,"2023-08-26 00:41:00",129.98,tarjeta_regalo
1503,1579,"2023-11-02 15:02:00",944.92,tarjeta_credito
1504,1580,"2023-07-07 03:24:00",16.99,paypal
1505,1581,"2021-06-23 15:38:00",151.95,tarjeta_credito
1506,1582,"2023-05-06 18:39:00",221.95,transferencia
1507,1583,"2022-11-16 21:43:00",117.96,transferencia
1508,1584,"2022-02-28 00:32:00",83.97,paypal
1509,1585,"2023-09-03 13:43:00",16.99,tarjeta_credito
1510,1586,"2022-03-14 09:25:00",124.94,tarjeta_regalo
1511,1587,"2023-03-08 16:12:00",53.97,transferencia
1512,1588,"2021-12-29 12:03:00",645.91,tarjeta_regalo
1513,1589,"2023-01-03 02:26:00",673.92,tarjeta_regalo
1514,1590,"2022-05-21 10:37:00",421.94,transferencia
1515,1591,"2023-12-10 12:28:00",119.97,paypal
1516,1592,"2022-11-19 06:05:00",57.96,tarjeta_regalo
1517,1593,"2022-11-11 07:09:00",532.91,paypal
1518,1594,"2022-08-29 18:41:00",259.98,paypal
1519,1595,"2022-08-18 04:44:00",545.91,transferencia
1520,1596,"2023-05-19 06:30:00",68.96,tarjeta_regalo
1521,1597,"2022-11-29 18:03:00",509.92,paypal
1522,1598,"2023-03-25 09:16:00",59.96,transferencia
1523,1599,"2021-12-06 14:14:00",544.92,paypal
1524,1600,"2023-07-11 19:15:00",99.93,paypal
1525,1601,"2023-05-26 06:23:00",284.94,tarjeta_regalo
1526,1602,"2023-09-14 08:25:00",22.99,transferencia
1527,1603,"2023-10-08 13:29:00",34.98,tarjeta_regalo
1528,1604,"2023-12-14 21:14:00",543.92,tarjeta_regalo
1529,1605,"2021-11-18 22:10:00",324.98,tarjeta_credito
1530,1606,"2022-11-06 19:22:00",37.98,tarjeta_credito
1531,1607,"2022-11-04 16:53:00",919.92,transferencia
1532,1608,"2023-12-04 01:27:00",357.93,transferencia
1533,1609,"2023-09-22 08:21:00",154.94,tarjeta_regalo
1534,1611,"2023-10-17 20:30:00",346.89,transferencia
1535,1612,"2023-12-21 07:34:00",580.93,tarjeta_credito
1536,1613,"2023-11-19 02:27:00",635.94,paypal
1537,1614,"2022-08-08 07:55:00",41.97,tarjeta_credito
1538,1615,"2023-06-20 02:12:00",177.96,paypal
1539,1616,"2023-08-06 18:17:00",345.96,paypal
1540,1617,"2023-07-20 12:42:00",209.97,transferencia
1541,1618,"2022-09-23 15:06:00",34.99,paypal
1542,1619,"2023-09-01 03:12:00",284.94,tarjeta_regalo
1543,1620,"2023-10-14 06:18:00",188.95,tarjeta_credito
1544,1621,"2022-02-05 19:39:00",649.95,paypal
1545,1622,"2023-12-11 12:25:00",1006.89,transferencia
1546,1623,"2022-01-30 16:50:00",291.92,paypal
1547,1624,"2023-02-24 21:39:00",364.95,paypal
1548,1625,"2023-05-21 03:34:00",124.97,tarjeta_regalo
1549,1626,"2023-02-25 02:27:00",386.91,transferencia
1550,1627,"2023-07-06 07:26:00",436.93,paypal
1551,1628,"2023-05-11 10:42:00",374.94,transferencia
1552,1629,"2023-02-15 23:50:00",369.93,tarjeta_regalo
1553,1630,"2022-08-17 12:30:00",271.92,tarjeta_credito
1554,1631,"2023-08-08 06:17:00",245.93,tarjeta_credito
1555,1632,"2022-07-23 00:31:00",305.94,transferencia
1556,1633,"2023-01-09 05:07:00",142.95,tarjeta_credito
1557,1634,"2022-02-07 03:33:00",79.97,paypal
1558,1635,"2022-11-12 13:00:00",273.94,tarjeta_credito
1559,1637,"2022-10-29 15:31:00",99.98,tarjeta_regalo
1560,1638,"2023-08-03 20:56:00",454.93,transferencia
1561,1639,"2022-01-27 05:27:00",109.93,tarjeta_regalo
1562,1640,"2022-07-27 22:11:00",159.98,paypal
1563,1642,"2023-07-07 01:43:00",277.93,paypal
1564,1643,"2023-04-19 22:10:00",239.97,tarjeta_credito
1565,1644,"2023-01-22 18:02:00",95.96,tarjeta_credito
1566,1645,"2023-11-09 17:00:00",309.93,tarjeta_credito
1567,1646,"2023-06-13 16:13:00",179.98,tarjeta_regalo
1568,1647,"2023-10-18 16:11:00",385.94,tarjeta_regalo
1569,1648,"2023-12-21 03:37:00",353.94,paypal
1570,1650,"2023-01-01 22:00:00",119.94,tarjeta_regalo
1571,1651,"2022-10-04 09:44:00",330.93,paypal
1572,1652,"2023-02-23 21:45:00",266.96,tarjeta_regalo
1573,1653,"2021-09-18 08:24:00",76.98,transferencia
1574,1654,"2022-09-03 22:42:00",69.98,paypal
1575,1655,"2023-01-07 06:58:00",467.94,tarjeta_credito
1576,1656,"2022-12-05 16:51:00",1101.92,paypal
1577,1657,"2023-08-30 04:53:00",279.98,transferencia
1578,1658,"2022-06-11 12:35:00",364.94,paypal
1579,1659,"2023-06-15 21:59:00",421.93,paypal
1580,1660,"2022-06-29 09:25:00",79.96,tarjeta_credito
1581,1661,"2023-11-07 13:59:00",100.95,tarjeta_regalo
1582,1662,"2023-09-09 14:55:00",230.95,transferencia
1583,1664,"2023-08-09 21:27:00",427.93,paypal
1584,1665,"2021-10-03 16:27:00",191.95,tarjeta_credito
1585,1666,"2022-12-13 04:40:00",285.97,tarjeta_regalo
1586,1667,"2022-10-12 15:56:00",39.99,tarjeta_regalo
1587,1668,"2023-07-27 13:36:00",501.94,paypal
1588,1669,"2023-03-15 16:42:00",31.98,tarjeta_credito
1589,1670,"2023-07-10 16:04:00",51.97,tarjeta_regalo
1590,1671,"2022-06-06 20:44:00",389.97,transferencia
1591,1672,"2023-11-02 15:22:00",150.96,tarjeta_credito
1592,1673,"2021-06-05 05:52:00",354.96,tarjeta_regalo
1593,1674,"2023-08-13 20:52:00",9.99,tarjeta_credito
1594,1675,"2023-07-11 01:53:00",29.97,paypal
1595,1676,"2023-11-17 18:01:00",188.94,transferencia
1596,1677,"2023-08-06 06:12:00",282.91,transferencia
1597,1678,"2023-07-19 10:05:00",99.98,tarjeta_credito
1598,1679,"2022-11-01 03:51:00",149.92,transferencia
1599,1680,"2022-07-11 20:26:00",48.97,transferencia
1600,1681,"2023-06-09 17:47:00",113.94,tarjeta_credito
1601,1682,"2023-12-04 04:42:00",152.93,tarjeta_regalo
1602,1683,"2022-05-21 23:42:00",53.97,tarjeta_regalo
1603,1684,"2023-10-12 00:51:00",175.97,transferencia
1604,1685,"2021-11-26 18:23:00",14.99,tarjeta_regalo
1605,1686,"2023-06-02 15:36:00",9.99,tarjeta_credito
1606,1687,"2022-04-03 03:59:00",104.97,tarjeta_credito
1607,1688,"2023-06-23 19:13:00",65.97,paypal
1608,1689,"2023-11-24 04:11:00",129.93,tarjeta_credito
1609,1690,"2023-04-10 16:07:00",183.95,transferencia
1610,1691,"2023-08-13 16:12:00",189.95,transferencia
1611,1692,"2023-06-18 13:42:00",263.92,transferencia
1612,1693,"2023-03-18 04:36:00",69.99,paypal
1613,1694,"2023-06-24 03:14:00",425.93,tarjeta_credito
1614,1695,"2023-04-13 06:16:00",259.95,transferencia
1615,1696,"2023-10-26 22:31:00",414.94,transferencia
1616,1697,"2022-04-23 16:03:00",278.93,paypal
1617,1698,"2023-12-02 03:34:00",132.95,transferencia
1618,1699,"2023-10-12 13:56:00",254.94,tarjeta_regalo
1619,1700,"2022-11-14 01:57:00",239.94,paypal
1620,1701,"2021-09-22 10:51:00",174.98,tarjeta_regalo
1621,1702,"2023-11-08 09:59:00",59.98,tarjeta_credito
1622,1703,"2023-07-20 07:50:00",859.95,paypal
1623,1704,"2023-10-24 10:50:00",59.97,paypal
1624,1705,"2023-10-31 12:40:00",29.97,tarjeta_regalo
1625,1706,"2022-07-16 21:34:00",307.92,paypal
1626,1707,"2023-04-30 06:36:00",90.96,paypal
1627,1708,"2023-11-20 13:08:00",244.95,tarjeta_regalo
1628,1709,"2022-08-29 01:02:00",479.97,transferencia
1629,1710,"2023-12-19 14:14:00",342.92,paypal
1630,1711,"2023-12-01 04:43:00",519.95,paypal
1631,1712,"2022-10-05 07:07:00",209.97,paypal
1632,1713,"2023-09-17 20:09:00",206.96,paypal
1633,1714,"2022-11-02 12:56:00",445.91,paypal
1634,1715,"2022-11-10 00:13:00",440.92,paypal
1635,1716,"2023-08-16 15:51:00",299.98,paypal
1636,1717,"2022-10-02 15:50:00",154.95,tarjeta_credito
1637,1718,"2022-12-20 13:30:00",215.93,paypal
1638,1719,"2023-06-25 18:43:00",709.93,tarjeta_credito
1639,1720,"2023-06-09 07:56:00",276.93,tarjeta_regalo
1640,1721,"2023-09-23 08:21:00",1053.92,paypal
1641,1722,"2023-11-11 06:30:00",349.91,tarjeta_credito
1642,1723,"2023-08-03 19:31:00",414.90,tarjeta_credito
1643,1724,"2023-01-06 17:25:00",199.93,tarjeta_regalo
1644,1725,"2022-04-19 12:53:00",39.99,paypal
1645,1726,"2023-08-10 04:15:00",430.93,tarjeta_regalo
1646,1727,"2022-08-28 21:50:00",234.95,transferencia
1647,1728,"2023-09-05 02:26:00",445.92,tarjeta_credito
1648,1729,"2023-05-17 22:24:00",44.99,transferencia
1649,1730,"2022-04-08 08:19:00",90.97,transferencia
1650,1731,"2021-09-18 09:33:00",1164.93,paypal
1651,1732,"2022-08-31 08:21:00",679.93,transferencia
1652,1733,"2023-08-08 16:26:00",312.92,transferencia
1653,1734,"2023-06-08 23:02:00",309.94,transferencia
1654,1735,"2023-12-13 08:47:00",234.96,tarjeta_regalo
1655,1736,"2023-10-10 22:06:00",57.95,tarjeta_regalo
1656,1737,"2023-05-09 06:06:00",176.94,transferencia
1657,1738,"2022-07-24 08:22:00",409.94,tarjeta_regalo
1658,1739,"2023-09-23 02:54:00",168.94,transferencia
1659,1740,"2023-08-08 14:40:00",229.92,transferencia
1660,1741,"2023-07-22 09:40:00",256.95,tarjeta_credito
1661,1742,"2022-11-07 03:25:00",404.92,paypal
1662,1743,"2022-07-18 20:17:00",313.92,transferencia
1663,1744,"2022-01-19 01:55:00",369.94,paypal
1664,1745,"2022-12-06 03:40:00",199.98,transferencia
1665,1746,"2023-07-22 16:35:00",444.93,tarjeta_credito
1666,1747,"2022-08-14 01:54:00",443.94,transferencia
1667,1748,"2023-07-29 04:52:00",397.92,tarjeta_credito
1668,1749,"2023-06-27 04:05:00",216.96,transferencia
1669,1750,"2023-11-22 19:25:00",910.91,tarjeta_regalo
1670,1751,"2022-07-16 23:35:00",33.98,tarjeta_regalo
1671,1752,"2023-09-02 00:30:00",489.94,tarjeta_regalo
1672,1754,"2023-06-07 20:17:00",219.91,tarjeta_credito
1673,1755,"2023-08-10 09:22:00",162.91,tarjeta_credito
1674,1756,"2022-07-09 20:55:00",22.99,tarjeta_regalo
1675,1757,"2023-05-01 12:25:00",86.96,tarjeta_credito
1676,1758,"2021-03-08 19:45:00",419.97,transferencia
1677,1759,"2023-12-27 22:41:00",14.99,tarjeta_regalo
1678,1760,"2022-08-15 14:32:00",58.97,tarjeta_regalo
1679,1761,"2021-10-09 03:07:00",132.96,tarjeta_credito
1680,1762,"2023-07-16 10:46:00",51.96,tarjeta_credito
1681,1763,"2023-08-27 16:56:00",269.91,paypal
1682,1764,"2022-03-20 01:06:00",544.94,tarjeta_regalo
1683,1766,"2021-05-09 22:18:00",144.96,transferencia
1684,1767,"2023-07-16 11:31:00",269.95,tarjeta_regalo
1685,1768,"2021-09-07 10:44:00",74.97,tarjeta_credito
1686,1769,"2023-12-15 23:04:00",173.95,tarjeta_credito
1687,1770,"2021-08-26 16:36:00",169.98,paypal
1688,1771,"2023-05-31 08:52:00",97.95,transferencia
1689,1772,"2023-06-30 17:26:00",194.97,tarjeta_credito
1690,1773,"2023-10-07 18:59:00",429.93,transferencia
1691,1774,"2022-08-06 15:14:00",285.93,transferencia
1692,1776,"2022-11-14 23:58:00",331.92,transferencia
1693,1777,"2023-09-14 21:14:00",474.95,tarjeta_credito
1694,1778,"2022-03-09 19:20:00",24.99,tarjeta_credito
1695,1779,"2022-09-10 19:57:00",87.96,paypal
1696,1780,"2022-08-08 05:45:00",238.94,paypal
1697,1781,"2023-03-31 12:28:00",89.97,paypal
1698,1782,"2022-01-19 22:06:00",414.90,tarjeta_credito
1699,1783,"2023-07-05 19:01:00",21.99,tarjeta_credito
1700,1785,"2022-07-11 03:36:00",117.94,paypal
1701,1786,"2023-01-07 15:01:00",389.89,tarjeta_credito
1702,1787,"2022-11-30 23:12:00",199.93,transferencia
1703,1788,"2022-12-03 22:39:00",33.98,tarjeta_credito
1704,1789,"2023-04-23 03:18:00",699.95,paypal
1705,1790,"2022-05-05 17:18:00",341.92,tarjeta_credito
1706,1791,"2022-11-26 01:29:00",135.95,transferencia
1707,1792,"2023-07-18 23:35:00",190.91,tarjeta_regalo
1708,1793,"2022-12-18 18:46:00",245.94,tarjeta_credito
1709,1794,"2023-05-29 15:27:00",504.96,paypal
1710,1795,"2023-10-15 14:47:00",50.97,tarjeta_credito
1711,1796,"2022-02-27 11:58:00",149.99,transferencia
1712,1797,"2022-09-16 14:09:00",149.99,transferencia
1713,1798,"2023-05-27 05:23:00",168.95,tarjeta_credito
1714,1799,"2022-06-13 19:25:00",140.92,tarjeta_credito
1715,1800,"2023-10-19 12:10:00",312.97,tarjeta_regalo
1716,1801,"2023-12-12 16:21:00",12.99,tarjeta_regalo
1717,1802,"2022-02-04 16:05:00",135.96,tarjeta_regalo
1718,1803,"2023-07-26 21:08:00",259.98,tarjeta_credito
1719,1804,"2022-12-31 09:39:00",87.96,tarjeta_regalo
1720,1805,"2023-10-12 20:18:00",132.96,tarjeta_credito
1721,1806,"2021-11-19 21:44:00",19.98,tarjeta_credito
1722,1807,"2022-10-20 23:04:00",921.93,transferencia
1723,1808,"2021-12-22 16:03:00",488.91,paypal
1724,1809,"2021-08-30 01:42:00",93.95,paypal
1725,1810,"2023-03-06 05:05:00",33.98,paypal
1726,1811,"2022-09-14 03:54:00",78.94,transferencia
1727,1812,"2021-12-10 20:55:00",179.95,paypal
1728,1813,"2022-01-25 05:27:00",246.96,transferencia
1729,1814,"2023-07-09 08:16:00",149.99,tarjeta_regalo
1730,1815,"2022-08-11 06:26:00",299.96,tarjeta_regalo
1731,1816,"2023-06-21 07:17:00",67.97,transferencia
1732,1817,"2022-06-22 06:35:00",42.97,transferencia
1733,1818,"2022-08-16 11:37:00",553.95,tarjeta_credito
1734,1819,"2022-01-18 12:32:00",91.95,tarjeta_credito
1735,1820,"2021-12-12 18:48:00",459.94,paypal
1736,1821,"2022-07-28 22:24:00",123.95,transferencia
1737,1822,"2022-07-04 11:58:00",69.97,tarjeta_credito
1738,1823,"2023-05-29 08:18:00",202.95,tarjeta_regalo
1739,1824,"2023-08-20 13:40:00",114.96,tarjeta_credito
1740,1826,"2022-07-01 10:28:00",490.92,paypal
1741,1827,"2023-03-31 12:57:00",126.95,tarjeta_regalo
1742,1828,"2023-09-14 11:18:00",653.92,transferencia
1743,1829,"2022-12-09 08:18:00",207.94,transferencia
1744,1830,"2023-12-29 17:18:00",389.97,transferencia
1745,1831,"2023-05-17 22:06:00",215.94,paypal
1746,1832,"2021-05-18 00:28:00",328.94,tarjeta_regalo
1747,1834,"2022-06-04 07:40:00",353.91,paypal
1748,1835,"2023-12-14 18:57:00",170.97,transferencia
1749,1836,"2022-11-30 04:49:00",95.95,paypal
1750,1838,"2022-11-05 22:03:00",539.94,transferencia
1751,1839,"2023-11-06 19:20:00",565.92,tarjeta_regalo
1752,1840,"2022-11-21 19:08:00",205.92,paypal
1753,1841,"2023-07-27 22:01:00",89.99,tarjeta_credito
1754,1842,"2023-11-22 04:47:00",833.94,transferencia
1755,1843,"2023-02-11 19:33:00",113.95,transferencia
1756,1844,"2023-06-01 19:00:00",249.99,tarjeta_credito
1757,1845,"2022-09-28 01:42:00",29.98,tarjeta_regalo
1758,1847,"2023-06-12 04:51:00",104.95,transferencia
1759,1848,"2022-01-22 03:40:00",17.99,paypal
1760,1849,"2022-08-22 05:25:00",176.94,tarjeta_regalo
1761,1850,"2023-09-17 07:21:00",134.96,transferencia
1762,1851,"2023-06-30 19:38:00",544.91,tarjeta_credito
1763,1852,"2023-07-30 19:20:00",277.95,tarjeta_regalo
1764,1853,"2022-01-27 03:46:00",245.94,tarjeta_credito
1765,1854,"2023-11-05 01:55:00",505.92,tarjeta_regalo
1766,1855,"2022-07-02 14:12:00",205.92,tarjeta_credito
1767,1856,"2023-12-29 22:18:00",929.94,transferencia
1768,1857,"2022-03-10 15:51:00",24.99,tarjeta_regalo
1769,1859,"2023-03-31 04:35:00",298.95,tarjeta_credito
1770,1860,"2023-07-12 00:43:00",89.97,tarjeta_credito
1771,1861,"2023-05-15 06:05:00",549.93,tarjeta_credito
1772,1863,"2023-12-29 13:46:00",69.96,tarjeta_credito
1773,1864,"2021-12-07 22:37:00",134.95,tarjeta_regalo
1774,1865,"2023-03-03 13:14:00",259.95,tarjeta_regalo
1775,1866,"2023-03-27 10:56:00",302.91,transferencia
1776,1867,"2023-02-10 19:34:00",94.96,tarjeta_regalo
1777,1868,"2023-08-19 05:19:00",297.91,paypal
1778,1870,"2022-05-05 22:24:00",263.89,tarjeta_credito
1779,1871,"2023-12-05 07:29:00",45.98,tarjeta_regalo
1780,1872,"2023-10-17 08:22:00",617.97,tarjeta_credito
1781,1873,"2023-10-08 01:21:00",248.91,tarjeta_credito
1782,1874,"2023-01-29 17:16:00",390.93,paypal
1783,1875,"2022-10-07 17:36:00",195.94,paypal
1784,1876,"2023-11-09 00:47:00",59.98,paypal
1785,1877,"2023-12-01 12:16:00",134.97,transferencia
1786,1878,"2022-04-27 11:18:00",325.92,tarjeta_regalo
1787,1879,"2023-07-26 05:54:00",44.97,transferencia
1788,1880,"2023-11-09 01:07:00",140.94,transferencia
1789,1881,"2023-10-01 20:45:00",159.98,tarjeta_regalo
1790,1882,"2022-10-28 01:42:00",169.98,tarjeta_credito
1791,1883,"2023-09-02 01:37:00",281.93,paypal
1792,1884,"2023-05-01 02:08:00",454.95,paypal
1793,1885,"2023-01-24 22:56:00",330.90,tarjeta_credito
1794,1886,"2023-01-14 01:23:00",79.98,tarjeta_credito
1795,1887,"2023-10-25 05:08:00",191.96,tarjeta_credito
1796,1888,"2023-02-20 10:19:00",170.94,tarjeta_regalo
1797,1889,"2021-05-17 03:23:00",43.98,transferencia
1798,1890,"2023-07-05 11:23:00",9.99,tarjeta_regalo
1799,1891,"2022-01-21 00:28:00",278.94,paypal
1800,1892,"2023-11-10 21:49:00",89.97,tarjeta_regalo
1801,1895,"2021-09-13 13:20:00",497.92,tarjeta_regalo
1802,1896,"2022-07-07 10:06:00",154.95,tarjeta_credito
1803,1897,"2023-03-10 13:28:00",245.93,transferencia
1804,1898,"2023-03-09 04:22:00",197.93,tarjeta_regalo
1805,1899,"2023-05-06 12:29:00",154.95,transferencia
1806,1900,"2023-04-20 02:35:00",44.97,tarjeta_credito
1807,1901,"2022-07-02 01:21:00",89.99,tarjeta_regalo
1808,1902,"2022-12-27 23:11:00",68.96,tarjeta_credito
1809,1903,"2023-02-12 08:43:00",89.95,tarjeta_credito
1810,1904,"2023-10-14 01:43:00",123.95,transferencia
1811,1905,"2023-07-06 10:26:00",188.94,tarjeta_regalo
1812,1906,"2022-12-27 05:04:00",173.96,paypal
1813,1907,"2021-11-25 10:04:00",106.93,tarjeta_credito
1814,1908,"2022-09-23 16:29:00",677.92,tarjeta_regalo
1815,1909,"2022-03-07 03:37:00",429.96,transferencia
1816,1911,"2023-03-08 19:39:00",81.96,tarjeta_credito
1817,1912,"2022-07-01 04:27:00",131.93,paypal
1818,1913,"2023-04-02 05:45:00",83.94,tarjeta_regalo
1819,1915,"2021-04-10 02:09:00",130.95,tarjeta_regalo
1820,1916,"2022-11-06 08:00:00",735.89,paypal
1821,1917,"2023-05-08 00:29:00",94.95,transferencia
1822,1918,"2023-04-17 06:34:00",169.94,transferencia
1823,1919,"2023-10-31 08:14:00",133.92,tarjeta_credito
1824,1920,"2022-12-16 14:03:00",313.91,paypal
1825,1921,"2023-10-01 18:06:00",41.97,tarjeta_credito
1826,1922,"2023-03-13 15:37:00",558.89,paypal
1827,1923,"2023-09-16 19:57:00",25.98,tarjeta_regalo
1828,1924,"2023-09-28 19:00:00",62.98,tarjeta_regalo
1829,1925,"2023-07-09 07:14:00",72.98,tarjeta_credito
1830,1926,"2022-12-12 16:40:00",329.98,tarjeta_regalo
1831,1928,"2022-01-08 15:53:00",89.98,tarjeta_credito
1832,1929,"2023-08-09 02:08:00",41.97,tarjeta_regalo
1833,1930,"2023-04-24 16:49:00",55.95,tarjeta_credito
1834,1931,"2023-11-28 13:11:00",491.92,transferencia
1835,1932,"2022-08-15 04:33:00",515.93,transferencia
1836,1933,"2022-10-18 18:25:00",144.97,paypal
1837,1934,"2023-06-01 20:39:00",314.95,tarjeta_regalo
1838,1935,"2023-10-14 07:54:00",484.95,tarjeta_regalo
1839,1936,"2023-01-30 21:34:00",412.90,tarjeta_credito
1840,1937,"2023-08-11 05:55:00",288.96,paypal
1841,1938,"2023-09-01 10:30:00",409.96,tarjeta_regalo
1842,1939,"2023-01-17 09:00:00",49.99,paypal
1843,1940,"2022-06-30 07:18:00",46.96,paypal
1844,1941,"2021-08-21 22:02:00",409.95,tarjeta_regalo
1845,1942,"2022-09-18 05:53:00",99.98,tarjeta_credito
1846,1944,"2023-03-22 12:38:00",309.97,paypal
1847,1945,"2022-08-20 00:26:00",794.91,tarjeta_regalo
1848,1946,"2023-11-17 01:17:00",88.96,transferencia
1849,1947,"2023-11-23 01:59:00",53.98,paypal
1850,1948,"2022-11-27 19:21:00",228.94,tarjeta_credito
1851,1949,"2022-01-02 11:31:00",318.98,paypal
1852,1950,"2023-02-03 08:49:00",117.97,paypal
1853,1951,"2023-03-23 05:20:00",89.99,paypal
1854,1952,"2023-02-12 17:06:00",49.98,tarjeta_regalo
1855,1953,"2023-11-11 01:30:00",43.97,transferencia
1856,1954,"2022-08-04 18:00:00",55.95,tarjeta_regalo
1857,1955,"2023-07-03 12:40:00",9.99,tarjeta_regalo
1858,1956,"2023-05-03 02:54:00",69.99,transferencia
1859,1957,"2023-05-02 15:46:00",134.97,transferencia
1860,1958,"2022-12-08 17:44:00",17.99,tarjeta_credito
1861,1959,"2023-01-24 12:23:00",167.94,transferencia
1862,1960,"2023-11-18 09:13:00",241.96,transferencia
1863,1961,"2022-07-04 21:17:00",44.97,tarjeta_regalo
1864,1962,"2022-10-28 02:33:00",377.94,tarjeta_credito
1865,1963,"2021-04-24 23:19:00",407.96,tarjeta_credito
1866,1964,"2021-10-31 20:10:00",475.91,paypal
1867,1965,"2023-12-03 09:38:00",149.97,paypal
1868,1966,"2023-08-18 08:30:00",544.92,tarjeta_regalo
1869,1967,"2023-09-04 16:37:00",44.97,tarjeta_regalo
1870,1968,"2023-10-24 05:47:00",621.93,tarjeta_credito
1871,1970,"2023-05-07 12:18:00",12.99,tarjeta_credito
1872,1971,"2021-06-11 03:20:00",269.97,transferencia
1873,1973,"2023-03-21 09:29:00",142.96,paypal
1874,1974,"2023-09-18 17:28:00",249.95,transferencia
1875,1975,"2023-11-13 18:05:00",269.94,transferencia
1876,1976,"2022-09-02 13:21:00",383.95,transferencia
1877,1977,"2022-11-10 00:53:00",370.93,tarjeta_regalo
1878,1978,"2022-06-15 12:23:00",349.96,tarjeta_credito
1879,1979,"2022-06-30 09:42:00",240.93,tarjeta_regalo
1880,1980,"2023-03-25 22:27:00",484.93,tarjeta_regalo
1881,1982,"2023-09-06 22:40:00",100.93,transferencia
1882,1983,"2023-09-28 02:51:00",217.94,tarjeta_regalo
1883,1984,"2021-04-03 10:52:00",294.90,tarjeta_credito
1884,1985,"2022-12-16 11:39:00",181.94,paypal
1885,1986,"2022-08-16 22:15:00",1020.92,paypal
1886,1987,"2023-05-20 11:17:00",83.97,paypal
1887,1988,"2022-09-09 21:55:00",83.95,paypal
1888,1989,"2023-04-04 19:54:00",55.98,tarjeta_regalo
1889,1990,"2023-11-02 05:24:00",446.90,tarjeta_regalo
1890,1991,"2023-04-03 01:14:00",982.91,tarjeta_credito
1891,1992,"2023-12-12 04:34:00",146.92,paypal
1892,1993,"2023-10-22 12:05:00",258.95,transferencia
1893,1994,"2023-08-27 23:44:00",500.90,transferencia
1894,1995,"2022-12-01 17:58:00",275.94,tarjeta_credito
1895,1996,"2023-10-11 13:48:00",9.99,tarjeta_credito
1896,1997,"2023-04-24 04:48:00",214.98,transferencia
1897,1998,"2022-12-03 17:20:00",984.93,transferencia
1898,1999,"2023-12-06 10:10:00",119.95,transferencia
1899,2000,"2023-06-10 08:29:00",35.98,tarjeta_regalo
1900,2001,"2023-09-14 23:09:00",55.97,tarjeta_credito
1901,2002,"2022-11-22 23:19:00",21.99,paypal
1902,2003,"2022-12-28 19:10:00",17.99,tarjeta_regalo
1903,2004,"2023-10-15 19:36:00",119.97,tarjeta_regalo
1904,2005,"2023-02-17 18:23:00",174.97,tarjeta_credito
1905,2006,"2023-06-02 23:33:00",278.92,tarjeta_credito
1906,2007,"2023-06-19 00:28:00",259.98,tarjeta_regalo
1907,2008,"2023-08-04 19:55:00",155.94,paypal
1908,2009,"2023-06-23 02:23:00",507.93,paypal
1909,2010,"2023-11-23 01:09:00",262.96,transferencia
1910,2011,"2023-06-06 22:28:00",19.99,tarjeta_credito
1911,2012,"2023-08-31 08:06:00",279.96,tarjeta_credito
1912,2013,"2022-12-23 15:18:00",43.98,transferencia
1913,2014,"2023-04-23 15:24:00",539.97,paypal
1914,2015,"2023-12-14 15:52:00",22.99,paypal
1915,2016,"2021-07-10 12:01:00",179.98,transferencia
1916,2017,"2023-09-25 18:04:00",446.92,tarjeta_credito
1917,2018,"2023-09-30 20:27:00",89.94,transferencia
1918,2019,"2023-07-29 11:41:00",779.95,tarjeta_regalo
1919,2020,"2022-07-20 20:11:00",110.94,tarjeta_credito
1920,2021,"2023-07-13 01:09:00",175.92,transferencia
1921,2022,"2022-01-26 00:00:00",68.97,transferencia
1922,2023,"2021-10-26 02:18:00",17.99,transferencia
1923,2024,"2023-11-28 16:29:00",248.91,transferencia
1924,2025,"2022-12-07 20:42:00",202.90,tarjeta_regalo
1925,2026,"2021-12-07 06:56:00",326.92,paypal
1926,2027,"2023-08-22 14:23:00",406.96,tarjeta_credito
1927,2028,"2022-10-05 07:05:00",36.98,paypal
1928,2029,"2022-01-15 18:02:00",329.96,tarjeta_credito
1929,2030,"2023-03-30 18:32:00",340.92,paypal
1930,2031,"2022-11-21 15:53:00",515.88,paypal
1931,2032,"2023-10-19 15:16:00",248.92,tarjeta_regalo
1932,2033,"2023-06-18 06:28:00",79.98,tarjeta_regalo
1933,2034,"2023-06-09 07:02:00",34.99,tarjeta_credito
1934,2035,"2023-06-27 19:25:00",195.96,tarjeta_regalo
1935,2036,"2023-06-01 21:33:00",346.94,transferencia
1936,2037,"2023-04-18 16:28:00",680.93,transferencia
1937,2038,"2023-08-16 07:12:00",89.98,transferencia
1938,2039,"2023-03-11 00:49:00",19.98,tarjeta_credito
1939,2040,"2023-02-08 02:21:00",279.92,paypal
1940,2041,"2021-06-16 17:23:00",159.96,paypal
1941,2042,"2022-04-27 09:13:00",22.99,tarjeta_credito
1942,2043,"2022-02-09 17:43:00",573.92,transferencia
1943,2044,"2023-07-30 14:58:00",179.98,tarjeta_credito
1944,2045,"2023-08-07 21:52:00",312.98,paypal
1945,2046,"2023-06-09 15:53:00",401.91,paypal
1946,2047,"2023-09-09 22:40:00",119.97,paypal
1947,2048,"2022-02-25 21:33:00",252.93,paypal
1948,2049,"2023-12-16 14:10:00",270.90,tarjeta_regalo
1949,2050,"2023-03-13 01:19:00",149.99,transferencia
1950,2051,"2023-09-26 00:37:00",129.98,transferencia
1951,2052,"2022-11-08 21:24:00",500.94,tarjeta_credito
1952,2053,"2022-09-28 03:30:00",1143.90,tarjeta_credito
1953,2054,"2023-09-12 14:10:00",938.91,paypal
1954,2055,"2023-12-13 17:35:00",79.98,paypal
1955,2056,"2023-11-28 17:32:00",415.95,tarjeta_credito
1956,2057,"2023-11-18 22:31:00",568.92,paypal
1957,2058,"2023-10-25 00:08:00",466.91,paypal
1958,2059,"2023-08-13 03:27:00",488.88,tarjeta_credito
1959,2060,"2022-12-24 07:19:00",759.95,paypal
1960,2061,"2023-06-09 23:16:00",483.90,tarjeta_regalo
1961,2062,"2023-12-28 12:23:00",515.94,tarjeta_credito
1962,2063,"2022-04-18 03:09:00",415.91,transferencia
1963,2065,"2022-05-23 18:17:00",790.93,transferencia
1964,2066,"2023-08-18 00:09:00",419.97,tarjeta_regalo
1965,2067,"2023-10-03 14:15:00",148.94,transferencia
1966,2068,"2023-12-25 13:35:00",208.92,transferencia
1967,2069,"2023-09-20 21:25:00",246.93,transferencia
1968,2070,"2023-06-26 05:51:00",155.94,paypal
1969,2071,"2023-11-14 10:59:00",89.98,tarjeta_regalo
1970,2072,"2023-05-06 04:45:00",25.98,transferencia
1971,2074,"2022-09-10 09:09:00",436.95,paypal
1972,2075,"2023-05-30 08:20:00",34.99,paypal
1973,2076,"2023-10-24 14:18:00",117.94,paypal
1974,2077,"2022-06-07 21:53:00",519.96,tarjeta_regalo
1975,2078,"2023-09-04 19:11:00",452.96,tarjeta_credito
1976,2079,"2023-05-24 00:10:00",578.91,transferencia
1977,2080,"2023-12-13 16:15:00",39.98,tarjeta_credito
1978,2081,"2023-01-09 21:00:00",209.96,tarjeta_regalo
1979,2083,"2023-05-15 01:15:00",130.92,tarjeta_credito
1980,2084,"2022-12-05 08:31:00",564.94,tarjeta_credito
1981,2085,"2022-12-12 21:01:00",315.95,tarjeta_credito
1982,2086,"2023-04-05 10:27:00",254.94,paypal
1983,2087,"2023-09-05 11:03:00",47.97,tarjeta_credito
1984,2088,"2023-01-22 22:34:00",68.97,tarjeta_credito
1985,2089,"2022-08-28 11:17:00",354.97,tarjeta_regalo
1986,2090,"2023-11-22 17:18:00",83.94,transferencia
1987,2091,"2023-11-10 00:00:00",189.95,transferencia
1988,2092,"2023-06-01 14:51:00",192.94,paypal
1989,2093,"2023-02-22 23:03:00",294.94,tarjeta_credito
1990,2094,"2023-04-28 20:05:00",178.96,tarjeta_regalo
1991,2095,"2022-11-11 17:49:00",1139.95,paypal
1992,2096,"2023-03-13 03:09:00",539.88,paypal
1993,2097,"2022-02-12 02:48:00",509.93,transferencia
1994,2098,"2022-12-13 11:21:00",185.94,transferencia
1995,2099,"2022-07-16 17:45:00",79.98,paypal
1996,2100,"2021-04-13 10:26:00",124.97,tarjeta_regalo
1997,2101,"2023-03-10 14:43:00",230.95,tarjeta_regalo
1998,2102,"2022-09-10 13:28:00",759.95,tarjeta_regalo
1999,2103,"2023-01-31 21:38:00",428.93,tarjeta_regalo
2000,2105,"2023-09-22 13:38:00",318.98,transferencia
2001,2106,"2023-03-19 01:47:00",156.95,tarjeta_regalo
2002,2107,"2021-09-27 01:09:00",785.95,tarjeta_credito
2003,2108,"2023-09-04 17:22:00",65.97,tarjeta_regalo
2004,2109,"2022-08-10 19:12:00",229.96,transferencia
2005,2110,"2023-07-22 16:35:00",299.97,tarjeta_regalo
2006,2111,"2023-05-05 16:04:00",169.93,transferencia
2007,2112,"2023-03-21 18:08:00",331.89,tarjeta_regalo
2008,2113,"2023-11-30 03:11:00",489.92,paypal
2009,2114,"2021-05-20 14:46:00",121.96,paypal
2010,2115,"2023-10-17 13:47:00",22.99,tarjeta_credito
2011,2116,"2023-05-21 21:55:00",71.95,paypal
2012,2117,"2023-12-09 06:08:00",235.91,tarjeta_regalo
2013,2118,"2023-06-09 01:54:00",404.94,paypal
2014,2119,"2023-10-05 02:31:00",287.93,paypal
2015,2121,"2023-08-21 04:13:00",322.96,tarjeta_credito
2016,2122,"2023-04-14 16:12:00",475.93,transferencia
2017,2123,"2023-04-15 02:30:00",462.91,tarjeta_regalo
2018,2124,"2022-04-24 02:42:00",805.91,paypal
2019,2125,"2023-04-30 10:58:00",419.94,paypal
2020,2126,"2023-01-18 15:54:00",151.94,transferencia
2021,2127,"2022-01-09 18:43:00",69.96,tarjeta_regalo
2022,2128,"2023-06-12 02:10:00",595.94,transferencia
2023,2129,"2023-06-05 07:50:00",322.97,tarjeta_credito
2024,2130,"2023-08-17 13:00:00",229.96,tarjeta_credito
2025,2131,"2023-08-30 06:18:00",128.94,transferencia
2026,2132,"2023-12-18 14:00:00",489.89,paypal
2027,2133,"2023-09-13 03:32:00",424.96,tarjeta_credito
2028,2134,"2021-11-30 11:02:00",399.95,tarjeta_credito
2029,2135,"2023-02-09 04:56:00",78.96,tarjeta_regalo
2030,2137,"2023-05-11 09:51:00",182.94,tarjeta_credito
2031,2138,"2021-08-17 06:51:00",568.92,paypal
2032,2139,"2023-04-27 15:22:00",29.98,transferencia
2033,2140,"2023-12-29 10:14:00",295.94,transferencia
2034,2141,"2023-03-16 12:22:00",874.95,paypal
2035,2142,"2022-09-19 22:24:00",119.97,transferencia
2036,2143,"2022-04-27 01:48:00",109.97,tarjeta_regalo
2037,2144,"2023-11-03 07:43:00",19.98,transferencia
2038,2145,"2021-08-10 01:56:00",251.94,transferencia
2039,2146,"2022-04-30 20:55:00",53.97,transferencia
2040,2147,"2023-08-21 05:27:00",74.97,tarjeta_credito
2041,2148,"2023-10-20 09:04:00",79.96,paypal
2042,2149,"2023-10-19 14:54:00",17.99,tarjeta_credito
2043,2150,"2023-09-14 17:05:00",34.99,tarjeta_credito
2044,2151,"2021-12-14 06:59:00",49.95,transferencia
2045,2152,"2023-09-24 06:24:00",349.96,tarjeta_regalo
2046,2153,"2023-02-01 23:08:00",135.94,paypal
2047,2154,"2021-07-26 18:07:00",1153.89,tarjeta_credito
2048,2155,"2023-03-23 11:32:00",304.93,transferencia
2049,2156,"2022-11-11 04:19:00",439.95,tarjeta_credito
2050,2157,"2023-03-20 14:36:00",38.97,tarjeta_regalo
2051,2158,"2023-01-23 21:01:00",274.94,tarjeta_regalo
2052,2159,"2023-02-12 00:40:00",722.93,tarjeta_regalo
2053,2160,"2023-12-29 18:47:00",35.98,tarjeta_regalo
2054,2161,"2023-11-19 03:45:00",165.93,transferencia
2055,2162,"2022-11-15 18:10:00",532.92,paypal
2056,2163,"2023-12-26 22:17:00",16.99,transferencia
2057,2164,"2023-02-27 23:49:00",71.96,tarjeta_regalo
2058,2165,"2022-01-27 11:14:00",218.94,tarjeta_regalo
2059,2166,"2023-06-06 01:54:00",615.89,paypal
2060,2167,"2023-02-21 01:13:00",276.95,transferencia
2061,2168,"2023-12-01 22:44:00",142.95,tarjeta_regalo
2062,2169,"2023-10-25 15:57:00",173.95,paypal
2063,2170,"2023-06-12 00:15:00",400.92,transferencia
2064,2171,"2021-12-21 14:38:00",210.93,paypal
2065,2172,"2023-04-03 12:29:00",24.99,transferencia
2066,2173,"2023-12-07 15:11:00",459.91,paypal
2067,2174,"2022-11-08 01:43:00",674.94,transferencia
2068,2175,"2023-07-31 16:56:00",197.97,tarjeta_credito
2069,2176,"2023-10-11 19:19:00",13.99,transferencia
2070,2177,"2023-06-08 08:43:00",394.89,tarjeta_credito
2071,2178,"2022-06-11 23:05:00",689.94,paypal
2072,2179,"2023-07-10 12:10:00",104.97,paypal
2073,2180,"2022-12-04 23:35:00",272.94,tarjeta_regalo
2074,2181,"2023-11-04 06:12:00",143.93,transferencia
2075,2182,"2023-06-17 01:07:00",319.95,paypal
2076,2183,"2023-10-30 17:24:00",254.97,tarjeta_regalo
2077,2184,"2022-12-12 12:02:00",169.95,tarjeta_regalo
2078,2185,"2023-12-15 07:20:00",447.91,transferencia
2079,2186,"2023-05-15 03:27:00",236.94,tarjeta_regalo
2080,2187,"2023-02-18 05:45:00",209.97,tarjeta_credito
2081,2188,"2023-12-16 01:13:00",31.98,tarjeta_credito
2082,2189,"2023-07-20 11:29:00",269.94,tarjeta_credito
2083,2190,"2022-10-19 15:56:00",93.97,paypal
2084,2191,"2021-06-21 22:22:00",221.92,paypal
2085,2192,"2022-12-22 16:36:00",170.96,transferencia
2086,2193,"2021-04-09 20:20:00",283.92,tarjeta_regalo
2087,2194,"2023-08-25 15:44:00",375.93,transferencia
2088,2195,"2021-12-26 23:28:00",204.95,paypal
2089,2196,"2022-09-20 14:41:00",139.96,transferencia
2090,2197,"2023-05-02 04:19:00",498.93,tarjeta_credito
2091,2198,"2023-12-13 20:18:00",31.98,tarjeta_regalo
2092,2199,"2023-12-07 16:02:00",133.96,paypal
2093,2200,"2023-09-17 07:48:00",68.97,transferencia
2094,2201,"2022-01-07 01:42:00",26.98,paypal
2095,2202,"2023-08-31 16:46:00",194.94,tarjeta_credito
2096,2203,"2023-05-08 21:20:00",74.97,paypal
2097,2204,"2023-12-14 12:30:00",468.93,paypal
2098,2205,"2023-12-30 11:14:00",294.91,paypal
2099,2206,"2021-12-05 06:21:00",517.95,tarjeta_credito
2100,2207,"2023-07-19 19:06:00",297.94,paypal
2101,2208,"2023-05-23 08:36:00",235.92,tarjeta_regalo
2102,2209,"2023-11-22 21:13:00",83.97,tarjeta_credito
2103,2210,"2023-01-25 11:47:00",927.96,transferencia
2104,2211,"2023-08-22 22:40:00",170.95,tarjeta_credito
2105,2212,"2023-12-06 20:08:00",179.96,tarjeta_credito
2106,2213,"2023-05-21 02:20:00",92.96,transferencia
2107,2214,"2021-11-08 01:04:00",316.92,paypal
2108,2215,"2022-06-13 13:26:00",509.93,tarjeta_credito
2109,2216,"2023-06-19 15:24:00",239.97,paypal
2110,2217,"2022-05-13 14:15:00",151.91,tarjeta_credito
2111,2218,"2022-01-09 02:00:00",63.96,paypal
2112,2219,"2023-09-24 00:42:00",21.99,paypal
2113,2220,"2023-02-10 16:10:00",159.95,tarjeta_credito
2114,2221,"2023-12-04 05:13:00",236.96,tarjeta_credito
2115,2222,"2023-11-09 21:40:00",183.96,paypal
2116,2223,"2022-11-28 09:17:00",290.91,paypal
2117,2224,"2023-12-04 16:11:00",603.92,paypal
2118,2225,"2021-07-07 14:19:00",53.97,paypal
2119,2226,"2023-02-01 22:41:00",938.94,tarjeta_regalo
2120,2227,"2023-09-27 01:26:00",124.97,tarjeta_regalo
2121,2228,"2022-12-05 18:53:00",624.93,tarjeta_regalo
2122,2229,"2023-11-20 17:35:00",237.92,tarjeta_credito
2123,2230,"2022-12-26 05:35:00",476.91,tarjeta_credito
2124,2231,"2023-05-05 14:44:00",151.93,transferencia
2125,2232,"2023-09-01 06:44:00",359.89,paypal
2126,2233,"2023-03-14 14:24:00",214.97,transferencia
2127,2234,"2022-08-13 15:41:00",113.95,tarjeta_credito
2128,2235,"2022-11-28 22:13:00",297.94,transferencia
2129,2236,"2023-01-22 09:54:00",383.92,tarjeta_credito
2130,2237,"2022-10-15 07:49:00",380.94,tarjeta_regalo
2131,2238,"2023-07-20 00:05:00",207.94,tarjeta_regalo
2132,2239,"2023-06-19 22:07:00",309.92,transferencia
2133,2240,"2023-07-01 08:17:00",300.93,transferencia
2134,2241,"2023-12-29 08:52:00",447.95,transferencia
2135,2242,"2022-03-29 02:52:00",264.90,transferencia
2136,2243,"2023-09-06 19:08:00",369.96,tarjeta_regalo
2137,2246,"2023-01-22 06:42:00",404.90,tarjeta_credito
2138,2247,"2021-06-18 01:54:00",257.93,tarjeta_regalo
2139,2248,"2022-12-09 00:04:00",68.97,tarjeta_credito
2140,2249,"2023-01-10 10:32:00",292.95,transferencia
2141,2250,"2022-09-17 19:40:00",266.94,tarjeta_regalo
2142,2251,"2023-08-07 12:10:00",54.97,paypal
2143,2252,"2023-10-29 21:35:00",144.96,paypal
2144,2253,"2023-10-20 11:37:00",239.97,paypal
2145,2254,"2022-05-17 23:36:00",44.99,tarjeta_regalo
2146,2255,"2023-10-01 02:22:00",284.94,transferencia
2147,2256,"2022-09-07 09:31:00",349.95,paypal
2148,2257,"2023-09-07 22:00:00",182.92,transferencia
2149,2258,"2021-12-18 10:49:00",157.94,paypal
2150,2259,"2023-07-16 13:18:00",318.95,tarjeta_credito
2151,2260,"2023-02-28 13:41:00",134.97,tarjeta_credito
2152,2261,"2022-12-31 11:22:00",334.97,tarjeta_credito
2153,2262,"2023-05-05 16:32:00",55.98,paypal
2154,2263,"2022-08-02 16:19:00",115.95,transferencia
2155,2264,"2023-12-07 08:49:00",112.92,paypal
2156,2265,"2022-12-28 21:17:00",564.90,tarjeta_credito
2157,2266,"2023-06-30 06:18:00",366.93,tarjeta_regalo
2158,2267,"2022-12-26 16:31:00",117.96,paypal
2159,2268,"2022-10-05 13:13:00",134.97,transferencia
2160,2269,"2023-04-28 09:03:00",122.94,tarjeta_regalo
2161,2270,"2023-12-02 22:23:00",749.97,tarjeta_credito
2162,2271,"2023-06-16 13:06:00",90.97,tarjeta_credito
2163,2272,"2023-04-12 19:33:00",866.91,tarjeta_regalo
2164,2273,"2022-02-24 13:05:00",425.94,tarjeta_regalo
2165,2274,"2022-11-05 07:49:00",289.95,tarjeta_credito
2166,2275,"2023-11-18 22:01:00",128.94,transferencia
2167,2276,"2022-02-08 10:39:00",181.94,transferencia
2168,2277,"2023-03-11 11:07:00",374.94,tarjeta_credito
2169,2278,"2023-07-12 13:59:00",239.92,tarjeta_regalo
2170,2279,"2022-08-14 01:50:00",79.98,transferencia
2171,2280,"2022-10-19 20:37:00",17.99,paypal
2172,2282,"2023-08-12 17:18:00",269.95,tarjeta_credito
2173,2283,"2023-02-05 02:24:00",634.93,paypal
2174,2284,"2022-01-12 08:45:00",500.91,tarjeta_credito
2175,2285,"2023-04-22 11:18:00",282.95,paypal
2176,2286,"2021-09-19 00:53:00",158.93,tarjeta_regalo
2177,2287,"2022-10-08 21:39:00",257.93,tarjeta_credito
2178,2288,"2021-10-09 12:09:00",899.95,paypal
2179,2289,"2023-08-28 17:08:00",49.98,paypal
2180,2290,"2023-04-01 12:51:00",240.94,paypal
2181,2292,"2023-02-07 08:41:00",243.93,paypal
2182,2293,"2022-08-07 10:42:00",185.94,tarjeta_credito
2183,2294,"2022-12-29 14:40:00",149.99,transferencia
2184,2295,"2021-11-11 02:58:00",369.90,transferencia
2185,2296,"2022-10-03 18:12:00",99.96,tarjeta_credito
2186,2297,"2022-07-10 03:38:00",118.96,tarjeta_regalo
2187,2298,"2023-10-14 22:46:00",279.94,transferencia
2188,2299,"2023-05-02 14:55:00",864.90,paypal
2189,2300,"2022-10-18 22:11:00",321.96,transferencia
2190,2301,"2022-03-10 15:22:00",717.89,transferencia
2191,2302,"2022-12-29 12:56:00",211.91,tarjeta_regalo
2192,2303,"2023-10-17 19:37:00",215.91,paypal
2193,2304,"2023-12-17 19:15:00",51.96,transferencia
2194,2305,"2022-11-16 19:10:00",48.97,paypal
2195,2306,"2022-10-15 22:42:00",14.99,transferencia
2196,2308,"2023-03-08 15:31:00",239.97,tarjeta_regalo
2197,2309,"2023-05-15 07:09:00",94.97,transferencia
2198,2310,"2022-11-09 02:18:00",60.96,tarjeta_credito
2199,2311,"2022-10-02 11:18:00",587.93,transferencia
2200,2312,"2023-02-14 11:55:00",275.95,transferencia
2201,2313,"2022-11-06 16:32:00",224.94,tarjeta_regalo
2202,2314,"2023-03-24 07:52:00",554.94,transferencia
2203,2315,"2023-11-11 18:43:00",119.97,transferencia
2204,2316,"2023-04-12 09:22:00",249.96,tarjeta_credito
2205,2317,"2023-10-20 16:40:00",154.96,tarjeta_credito
2206,2318,"2023-10-03 18:13:00",299.97,paypal
2207,2319,"2021-11-10 06:13:00",942.93,transferencia
2208,2320,"2022-08-02 13:15:00",149.97,paypal
2209,2321,"2023-08-26 00:09:00",408.91,tarjeta_regalo
2210,2322,"2023-05-26 19:20:00",155.96,paypal
2211,2323,"2023-06-06 06:50:00",159.96,paypal
2212,2324,"2023-05-22 07:06:00",12.99,tarjeta_credito
2213,2325,"2021-10-15 22:20:00",288.95,transferencia
2214,2326,"2023-09-14 20:37:00",175.95,tarjeta_regalo
2215,2327,"2023-11-22 07:27:00",45.98,paypal
2216,2328,"2022-07-04 05:26:00",290.95,paypal
2217,2329,"2023-09-14 08:53:00",29.97,transferencia
2218,2330,"2023-01-15 04:13:00",380.91,transferencia
2219,2332,"2023-03-09 00:30:00",344.91,tarjeta_credito
2220,2333,"2023-11-05 07:44:00",166.92,paypal
2221,2334,"2022-04-19 11:55:00",1089.92,tarjeta_regalo
2222,2335,"2023-02-05 16:02:00",283.90,transferencia
2223,2336,"2023-02-27 20:24:00",129.94,tarjeta_credito
2224,2337,"2022-05-05 10:20:00",55.97,tarjeta_credito
2225,2338,"2021-12-26 05:36:00",65.98,tarjeta_regalo
2226,2339,"2023-03-11 22:55:00",99.98,tarjeta_credito
2227,2341,"2021-06-27 10:46:00",35.98,tarjeta_credito
2228,2342,"2023-02-28 01:05:00",45.98,paypal
2229,2343,"2021-01-04 19:37:00",159.98,transferencia
2230,2344,"2023-08-03 09:16:00",89.99,transferencia
2231,2345,"2023-07-13 19:25:00",308.93,tarjeta_regalo
2232,2346,"2022-06-20 11:24:00",12.99,tarjeta_regalo
2233,2347,"2023-02-08 03:35:00",336.93,tarjeta_credito
2234,2348,"2023-10-03 15:46:00",169.95,tarjeta_regalo
2235,2349,"2022-09-20 12:55:00",401.92,paypal
2236,2350,"2023-08-06 02:27:00",32.99,tarjeta_credito
2237,2351,"2022-11-22 01:48:00",109.98,tarjeta_regalo
2238,2352,"2022-03-21 11:14:00",107.96,tarjeta_credito
2239,2353,"2022-07-12 22:21:00",256.89,paypal
2240,2354,"2022-11-23 13:54:00",84.97,transferencia
2241,2355,"2022-12-25 14:42:00",141.96,paypal
2242,2356,"2023-10-05 22:23:00",94.96,transferencia
2243,2357,"2023-12-28 03:13:00",119.97,transferencia
2244,2358,"2023-10-01 09:42:00",213.96,tarjeta_credito
2245,2359,"2021-05-07 11:53:00",339.89,transferencia
2246,2360,"2023-05-08 15:47:00",306.91,tarjeta_credito
2247,2361,"2023-04-12 05:45:00",158.94,tarjeta_regalo
2248,2362,"2022-02-06 13:01:00",864.93,tarjeta_regalo
2249,2364,"2023-09-29 01:14:00",1203.90,tarjeta_credito
2250,2365,"2023-02-24 17:31:00",119.97,tarjeta_credito
2251,2366,"2023-07-17 11:54:00",295.94,tarjeta_credito
2252,2367,"2023-02-26 15:39:00",34.99,transferencia
2253,2368,"2022-05-26 17:23:00",182.96,paypal
2254,2369,"2022-07-24 23:42:00",279.98,tarjeta_credito
2255,2370,"2023-05-01 05:48:00",429.90,tarjeta_credito
2256,2371,"2022-12-04 02:54:00",626.93,tarjeta_regalo
2257,2372,"2023-06-11 21:16:00",83.96,paypal
2258,2373,"2022-03-13 13:53:00",41.97,tarjeta_credito
2259,2374,"2021-06-10 06:58:00",599.98,paypal
2260,2375,"2023-03-15 21:41:00",309.95,paypal
2261,2376,"2022-10-13 20:04:00",397.93,tarjeta_regalo
2262,2377,"2023-03-20 19:38:00",371.92,tarjeta_credito
2263,2378,"2023-11-09 06:15:00",960.94,paypal
2264,2379,"2023-03-18 05:32:00",269.97,transferencia
2265,2380,"2021-10-30 16:20:00",170.94,transferencia
2266,2381,"2023-10-28 00:10:00",49.98,paypal
2267,2382,"2023-07-31 02:58:00",141.93,tarjeta_credito
2268,2383,"2022-09-13 00:11:00",120.94,paypal
2269,2384,"2023-04-28 03:02:00",78.95,paypal
2270,2385,"2023-10-15 22:55:00",266.91,tarjeta_credito
2271,2386,"2023-01-09 15:28:00",74.97,tarjeta_regalo
2272,2387,"2023-08-28 20:12:00",535.94,tarjeta_credito
2273,2388,"2022-12-20 00:47:00",34.99,tarjeta_credito
2274,2389,"2023-03-08 17:17:00",134.94,transferencia
2275,2390,"2023-03-31 15:03:00",142.94,paypal
2276,2391,"2023-06-04 03:55:00",160.95,transferencia
2277,2392,"2022-12-19 12:46:00",359.95,transferencia
2278,2393,"2023-07-15 08:51:00",419.95,tarjeta_regalo
2279,2395,"2023-06-04 22:03:00",404.94,tarjeta_credito
2280,2396,"2023-06-07 12:16:00",653.93,tarjeta_regalo
2281,2397,"2023-08-22 23:00:00",344.95,tarjeta_regalo
2282,2399,"2023-12-21 10:24:00",34.99,tarjeta_regalo
2283,2400,"2022-08-01 05:34:00",439.95,tarjeta_credito
2284,2401,"2023-07-31 09:13:00",861.92,tarjeta_credito
2285,2402,"2023-07-10 20:32:00",13.99,transferencia
2286,2403,"2023-12-30 12:35:00",248.91,tarjeta_credito
2287,2404,"2023-06-01 20:10:00",134.92,tarjeta_regalo
2288,2405,"2021-08-19 07:07:00",119.97,paypal
2289,2406,"2023-04-16 00:37:00",182.97,transferencia
2290,2407,"2023-11-20 23:15:00",253.93,tarjeta_credito
2291,2408,"2023-05-08 12:31:00",619.92,paypal
2292,2410,"2023-08-05 18:43:00",98.95,tarjeta_regalo
2293,2411,"2021-05-19 02:18:00",369.96,tarjeta_regalo
2294,2412,"2023-11-29 05:19:00",689.92,transferencia
2295,2413,"2022-06-09 14:40:00",244.94,paypal
2296,2414,"2023-07-22 21:46:00",469.93,tarjeta_regalo
2297,2415,"2022-09-21 11:51:00",29.98,tarjeta_credito
2298,2416,"2023-06-26 01:30:00",469.91,transferencia
2299,2417,"2021-12-18 20:16:00",674.92,transferencia
2300,2418,"2023-06-29 17:32:00",453.92,paypal
2301,2419,"2023-06-19 18:32:00",109.98,tarjeta_regalo
2302,2420,"2022-05-23 00:07:00",38.97,transferencia
2303,2421,"2022-12-07 03:00:00",614.92,tarjeta_regalo
2304,2422,"2023-03-27 07:50:00",499.98,paypal
2305,2423,"2023-12-09 05:06:00",260.93,tarjeta_regalo
2306,2424,"2023-12-07 13:41:00",109.98,tarjeta_credito
2307,2425,"2023-07-01 12:37:00",79.99,tarjeta_regalo
2308,2426,"2021-12-30 05:42:00",592.96,transferencia
2309,2427,"2022-06-08 07:16:00",42.96,transferencia
2310,2428,"2023-01-05 13:04:00",449.97,transferencia
2311,2429,"2023-07-07 06:53:00",149.94,tarjeta_credito
2312,2430,"2023-05-27 20:50:00",121.93,tarjeta_regalo
2313,2431,"2023-06-16 08:34:00",638.95,tarjeta_regalo
2314,2432,"2023-09-15 14:27:00",49.98,transferencia
2315,2433,"2023-07-21 00:29:00",55.98,transferencia
2316,2434,"2022-08-06 20:58:00",14.99,paypal
2317,2435,"2023-11-24 09:06:00",69.99,tarjeta_credito
2318,2436,"2021-11-27 14:23:00",630.91,paypal
2319,2437,"2023-12-21 08:50:00",143.96,paypal
2320,2438,"2023-04-09 00:57:00",71.95,tarjeta_credito
2321,2439,"2023-05-01 02:04:00",309.96,paypal
2322,2440,"2023-05-14 10:38:00",709.92,transferencia
2323,2442,"2023-01-06 22:17:00",68.97,tarjeta_credito
2324,2443,"2023-08-20 12:32:00",136.94,tarjeta_credito
2325,2444,"2023-03-10 13:38:00",121.97,transferencia
2326,2445,"2022-12-09 03:42:00",32.99,tarjeta_credito
2327,2446,"2023-03-07 11:16:00",219.92,tarjeta_credito
2328,2447,"2022-02-21 08:46:00",164.97,paypal
2329,2448,"2021-08-22 18:42:00",238.95,paypal
2330,2449,"2023-06-30 11:42:00",157.94,paypal
2331,2450,"2022-07-09 06:33:00",449.94,tarjeta_regalo
2332,2451,"2022-06-07 01:10:00",200.92,tarjeta_regalo
2333,2452,"2022-08-28 03:24:00",17.99,transferencia
2334,2454,"2022-10-05 18:41:00",106.97,tarjeta_credito
2335,2455,"2022-09-17 07:21:00",365.94,transferencia
2336,2456,"2022-05-27 08:39:00",344.92,transferencia
2337,2457,"2023-07-26 13:25:00",274.92,paypal
2338,2458,"2023-10-16 19:48:00",983.88,tarjeta_regalo
2339,2459,"2023-11-19 10:12:00",425.95,tarjeta_regalo
2340,2461,"2023-12-06 21:51:00",175.96,tarjeta_regalo
2341,2462,"2022-05-19 18:27:00",92.97,tarjeta_regalo
2342,2463,"2023-12-15 19:49:00",273.92,tarjeta_credito
2343,2464,"2022-01-18 04:10:00",283.92,transferencia
2344,2465,"2023-09-08 18:36:00",26.98,transferencia
2345,2466,"2022-11-14 19:45:00",159.93,paypal
2346,2467,"2023-11-11 04:55:00",334.94,tarjeta_credito
2347,2468,"2023-11-25 04:56:00",129.98,tarjeta_credito
2348,2469,"2023-03-02 09:38:00",187.96,tarjeta_credito
2349,2470,"2023-11-04 13:58:00",114.95,paypal
2350,2471,"2023-06-02 08:33:00",305.93,paypal
2351,2472,"2023-11-23 02:49:00",133.96,tarjeta_credito
2352,2473,"2022-10-26 01:25:00",84.96,tarjeta_credito
2353,2474,"2022-08-03 17:29:00",157.96,transferencia
2354,2475,"2023-09-17 12:05:00",200.95,tarjeta_credito
2355,2477,"2023-06-18 16:20:00",25.98,transferencia
2356,2478,"2023-11-14 05:36:00",55.98,tarjeta_regalo
2357,2479,"2021-04-12 21:10:00",72.97,tarjeta_credito
2358,2480,"2023-06-11 21:04:00",1069.89,transferencia
2359,2481,"2023-02-12 05:55:00",147.92,tarjeta_credito
2360,2482,"2023-08-08 12:35:00",310.89,tarjeta_credito
2361,2483,"2021-11-24 12:50:00",224.95,transferencia
2362,2484,"2023-05-25 11:47:00",252.90,tarjeta_regalo
2363,2485,"2022-10-14 00:32:00",471.94,paypal
2364,2486,"2022-01-22 11:03:00",232.89,paypal
2365,2487,"2023-01-16 14:24:00",34.99,tarjeta_credito
2366,2488,"2022-08-20 20:10:00",126.95,tarjeta_credito
2367,2489,"2023-05-10 20:29:00",9.99,transferencia
2368,2490,"2023-05-05 08:14:00",284.94,paypal
2369,2491,"2022-01-10 16:03:00",382.94,paypal
2370,2492,"2022-10-06 16:55:00",57.96,tarjeta_regalo
2371,2493,"2023-04-15 17:16:00",277.92,transferencia
2372,2494,"2021-06-04 16:04:00",389.97,paypal
2373,2495,"2023-12-03 13:55:00",459.92,tarjeta_regalo
2374,2496,"2022-09-26 04:56:00",33.98,transferencia
2375,2497,"2023-03-22 11:16:00",154.94,tarjeta_regalo
2376,2498,"2023-06-21 16:10:00",134.94,transferencia
2377,2499,"2022-12-03 14:06:00",357.90,tarjeta_regalo
2378,2500,"2023-12-07 16:22:00",539.89,transferencia
2379,2501,"2023-09-08 12:32:00",121.96,tarjeta_credito
2380,2502,"2023-05-20 03:17:00",499.98,tarjeta_credito
2381,2503,"2023-01-09 19:07:00",142.95,transferencia
2382,2504,"2023-06-15 17:19:00",434.92,tarjeta_regalo
2383,2506,"2023-07-11 06:47:00",55.97,tarjeta_regalo
2384,2507,"2022-03-01 14:55:00",83.96,tarjeta_credito
2385,2508,"2023-10-15 06:16:00",260.92,tarjeta_regalo
2386,2509,"2023-11-21 08:44:00",45.97,tarjeta_credito
2387,2511,"2023-08-28 06:48:00",322.96,paypal
2388,2512,"2023-08-25 10:03:00",295.92,tarjeta_regalo
2389,2513,"2023-08-20 18:25:00",539.93,paypal
2390,2514,"2022-09-17 11:00:00",187.92,paypal
2391,2515,"2023-12-13 06:04:00",138.97,tarjeta_regalo
2392,2516,"2023-03-09 12:14:00",249.95,paypal
2393,2517,"2022-07-27 19:50:00",17.99,paypal
2394,2518,"2023-01-12 00:47:00",27.99,tarjeta_credito
2395,2519,"2022-04-22 02:38:00",168.95,transferencia
2396,2520,"2023-07-19 09:01:00",103.94,transferencia
2397,2521,"2023-06-29 01:56:00",299.98,tarjeta_regalo
2398,2522,"2021-12-21 11:41:00",476.93,tarjeta_credito
2399,2523,"2023-06-07 04:26:00",101.94,tarjeta_credito
2400,2524,"2022-11-04 06:49:00",292.94,tarjeta_credito
2401,2525,"2023-08-25 14:33:00",17.99,paypal
2402,2526,"2023-03-02 20:34:00",219.96,tarjeta_credito
2403,2527,"2022-07-09 08:44:00",358.92,transferencia
2404,2528,"2021-04-28 06:02:00",49.96,paypal
2405,2529,"2023-08-06 20:08:00",258.92,transferencia
2406,2530,"2022-05-11 21:11:00",504.95,paypal
2407,2531,"2022-04-24 01:48:00",332.93,tarjeta_credito
2408,2532,"2023-03-23 20:59:00",125.94,tarjeta_regalo
2409,2533,"2023-03-30 23:26:00",404.93,paypal
2410,2534,"2023-07-22 15:34:00",458.93,tarjeta_regalo
2411,2535,"2023-07-29 06:03:00",339.97,tarjeta_regalo
2412,2536,"2023-01-01 08:39:00",62.97,transferencia
2413,2537,"2023-09-14 09:08:00",412.93,tarjeta_regalo
2414,2538,"2022-01-01 14:39:00",12.99,transferencia
2415,2539,"2023-05-15 01:00:00",219.92,paypal
2416,2540,"2022-05-03 03:47:00",209.96,tarjeta_credito
2417,2541,"2023-01-11 13:50:00",27.99,paypal
2418,2542,"2023-04-04 13:21:00",139.98,tarjeta_regalo
2419,2543,"2022-10-07 02:24:00",16.99,tarjeta_credito
2420,2544,"2023-08-30 14:00:00",274.93,transferencia
2421,2545,"2023-07-15 09:30:00",38.97,transferencia
2422,2546,"2021-08-01 21:39:00",119.93,paypal
2423,2547,"2023-12-17 04:06:00",22.99,transferencia
2424,2548,"2023-12-07 16:03:00",179.92,transferencia
2425,2549,"2023-04-02 05:44:00",220.93,transferencia
2426,2550,"2023-10-08 13:06:00",79.98,transferencia
2427,2552,"2022-10-14 15:47:00",95.96,tarjeta_credito
2428,2553,"2021-11-27 05:17:00",325.93,tarjeta_credito
2429,2554,"2023-07-08 23:46:00",159.97,tarjeta_credito
2430,2555,"2022-07-22 08:24:00",319.95,paypal
2431,2556,"2021-07-13 18:36:00",17.99,tarjeta_credito
2432,2557,"2023-05-11 01:42:00",165.95,transferencia
2433,2558,"2023-07-03 18:38:00",752.91,tarjeta_regalo
2434,2559,"2023-10-20 05:03:00",206.91,transferencia
2435,2560,"2023-02-28 01:40:00",270.94,tarjeta_credito
2436,2561,"2023-10-24 13:25:00",139.99,tarjeta_regalo
2437,2562,"2023-06-10 16:11:00",254.96,tarjeta_credito
2438,2563,"2022-01-12 10:47:00",185.96,transferencia
2439,2564,"2023-03-09 11:04:00",678.91,tarjeta_regalo
2440,2565,"2023-10-31 09:03:00",311.93,tarjeta_credito
2441,2566,"2022-05-20 13:52:00",162.93,tarjeta_regalo
2442,2567,"2021-12-19 11:46:00",143.93,tarjeta_credito
2443,2568,"2023-05-16 12:31:00",882.93,tarjeta_credito
2444,2569,"2023-08-21 18:37:00",499.98,paypal
2445,2570,"2022-04-20 15:25:00",776.91,transferencia
2446,2571,"2023-01-07 13:39:00",269.95,transferencia
2447,2572,"2023-10-13 18:00:00",229.92,tarjeta_regalo
2448,2573,"2023-12-01 15:33:00",35.98,paypal
2449,2574,"2023-05-06 19:04:00",196.96,paypal
2450,2576,"2023-04-05 15:03:00",56.97,tarjeta_regalo
2451,2577,"2023-03-28 14:59:00",434.94,paypal
2452,2578,"2023-02-16 18:56:00",124.94,tarjeta_regalo
2453,2579,"2023-03-15 06:57:00",354.96,transferencia
2454,2580,"2023-08-14 15:56:00",275.93,paypal
2455,2581,"2023-05-02 10:46:00",209.97,tarjeta_regalo
2456,2582,"2023-10-06 06:32:00",371.90,tarjeta_credito
2457,2583,"2023-12-11 03:32:00",177.92,paypal
2458,2584,"2022-09-15 15:41:00",807.95,tarjeta_regalo
2459,2585,"2022-08-28 03:07:00",763.92,transferencia
2460,2586,"2022-06-27 20:04:00",61.96,transferencia
2461,2587,"2023-03-21 10:11:00",615.91,paypal
2462,2588,"2023-04-16 13:26:00",389.97,tarjeta_regalo
2463,2589,"2023-04-08 08:01:00",407.94,tarjeta_regalo
2464,2590,"2023-08-04 09:28:00",279.98,transferencia
2465,2592,"2022-04-28 14:46:00",311.90,tarjeta_regalo
2466,2593,"2022-10-27 00:48:00",78.96,transferencia
2467,2594,"2023-07-17 09:00:00",49.98,tarjeta_regalo
2468,2595,"2022-07-07 21:12:00",22.99,tarjeta_regalo
2469,2596,"2023-11-18 11:42:00",549.93,tarjeta_regalo
2470,2597,"2023-07-11 13:03:00",119.97,paypal
2471,2598,"2022-12-21 10:41:00",89.95,paypal
2472,2599,"2023-03-29 11:36:00",57.96,paypal
2473,2601,"2023-11-24 23:56:00",98.94,paypal
2474,2602,"2023-01-22 15:13:00",379.95,tarjeta_regalo
2475,2603,"2023-09-02 00:56:00",344.91,transferencia
2476,2604,"2023-07-01 22:13:00",602.91,transferencia
2477,2605,"2023-07-05 12:21:00",344.95,tarjeta_credito
2478,2606,"2022-09-23 14:06:00",266.90,transferencia
2479,2607,"2022-04-29 19:58:00",268.93,transferencia
2480,2608,"2023-07-19 10:23:00",595.94,paypal
2481,2609,"2022-12-22 21:25:00",397.94,tarjeta_regalo
2482,2610,"2023-04-25 19:23:00",677.94,tarjeta_credito
2483,2611,"2023-01-08 04:32:00",68.97,transferencia
2484,2612,"2023-08-24 08:09:00",142.96,tarjeta_regalo
2485,2613,"2023-11-22 22:17:00",283.96,tarjeta_credito
2486,2614,"2023-12-24 21:24:00",672.93,tarjeta_credito
2487,2615,"2023-04-30 00:03:00",170.94,transferencia
2488,2616,"2022-11-10 17:01:00",57.98,tarjeta_credito
2489,2617,"2023-04-22 16:28:00",129.98,tarjeta_regalo
2490,2618,"2023-12-18 11:58:00",223.95,tarjeta_credito
2491,2619,"2023-08-28 19:49:00",168.94,paypal
2492,2620,"2022-04-03 04:17:00",17.99,tarjeta_credito
2493,2621,"2022-12-08 20:32:00",559.92,tarjeta_regalo
2494,2622,"2022-07-30 07:06:00",83.96,tarjeta_credito
2495,2624,"2022-06-30 13:27:00",449.94,tarjeta_regalo
2496,2625,"2022-02-18 08:41:00",442.96,transferencia
2497,2626,"2023-05-28 03:39:00",132.94,tarjeta_credito
2498,2627,"2023-07-25 21:10:00",141.92,paypal
2499,2628,"2023-07-19 21:02:00",119.97,paypal
2500,2629,"2023-03-23 09:21:00",44.97,transferencia
2501,2630,"2023-08-02 03:52:00",299.98,tarjeta_regalo
2502,2631,"2023-02-14 00:18:00",559.95,transferencia
2503,2632,"2023-03-27 04:30:00",64.97,tarjeta_regalo
2504,2633,"2023-10-14 02:28:00",709.96,paypal
2505,2634,"2022-01-19 22:50:00",254.91,transferencia
2506,2635,"2023-10-03 13:35:00",355.92,tarjeta_regalo
2507,2636,"2023-05-31 14:34:00",229.97,paypal
2508,2637,"2023-11-06 04:46:00",360.93,transferencia
2509,2638,"2023-05-07 22:58:00",168.93,tarjeta_credito
2510,2639,"2023-09-30 03:06:00",450.95,transferencia
2511,2640,"2023-04-02 15:50:00",89.98,transferencia
2512,2641,"2023-06-04 18:03:00",116.96,paypal
2513,2642,"2023-05-05 18:11:00",305.95,transferencia
2514,2643,"2023-06-10 05:00:00",299.98,tarjeta_regalo
2515,2644,"2023-10-31 15:27:00",12.99,paypal
2516,2645,"2022-01-02 17:49:00",281.97,tarjeta_regalo
2517,2646,"2022-09-19 05:40:00",569.94,tarjeta_regalo
2518,2647,"2022-08-14 15:41:00",210.94,paypal
2519,2648,"2023-05-08 10:46:00",25.98,paypal
2520,2649,"2022-03-19 03:32:00",9.99,transferencia
2521,2650,"2023-09-09 05:21:00",1322.93,tarjeta_credito
2522,2651,"2023-11-19 14:56:00",461.91,transferencia
2523,2652,"2021-08-04 17:07:00",52.98,transferencia
2524,2653,"2022-05-26 18:22:00",69.96,paypal
2525,2654,"2022-06-23 17:29:00",94.98,tarjeta_regalo
2526,2655,"2021-02-06 20:13:00",435.91,paypal
2527,2656,"2021-11-16 09:55:00",453.90,tarjeta_regalo
2528,2657,"2023-06-10 14:27:00",98.97,tarjeta_credito
2529,2658,"2022-08-03 07:02:00",37.98,tarjeta_credito
2530,2659,"2022-06-29 15:47:00",224.97,paypal
2531,2660,"2023-05-17 15:48:00",343.96,paypal
2532,2661,"2022-05-20 09:52:00",25.98,paypal
2533,2662,"2022-04-12 01:44:00",519.93,tarjeta_credito
2534,2663,"2023-06-10 17:05:00",84.96,tarjeta_credito
2535,2664,"2023-05-23 20:50:00",130.95,paypal
2536,2665,"2023-11-25 08:47:00",379.97,tarjeta_regalo
2537,2666,"2023-04-20 19:36:00",74.97,transferencia
2538,2667,"2021-06-26 07:05:00",145.93,tarjeta_regalo
2539,2668,"2023-08-11 20:57:00",187.94,tarjeta_credito
2540,2669,"2023-12-20 20:05:00",27.99,paypal
2541,2670,"2023-10-26 22:46:00",877.92,tarjeta_regalo
2542,2671,"2022-08-14 00:08:00",27.99,tarjeta_credito
2543,2672,"2023-08-07 01:04:00",613.92,paypal
2544,2673,"2022-11-29 23:16:00",37.98,tarjeta_credito
2545,2674,"2023-02-13 05:57:00",110.97,tarjeta_credito
2546,2675,"2023-08-20 23:22:00",273.93,paypal
2547,2676,"2022-01-05 10:43:00",219.93,paypal
2548,2677,"2023-06-08 04:44:00",39.98,transferencia
2549,2678,"2022-07-02 18:44:00",145.92,tarjeta_credito
2550,2679,"2023-10-22 01:13:00",648.93,tarjeta_regalo
2551,2680,"2021-12-10 11:11:00",245.93,tarjeta_credito
2552,2681,"2021-11-29 03:48:00",149.97,paypal
2553,2682,"2022-04-25 08:51:00",576.92,tarjeta_credito
2554,2683,"2022-12-10 04:38:00",79.96,tarjeta_regalo
2555,2684,"2022-06-05 01:51:00",201.92,transferencia
2556,2685,"2022-05-06 04:33:00",266.92,tarjeta_regalo
2557,2686,"2023-09-13 13:17:00",57.97,tarjeta_regalo
2558,2687,"2023-08-10 22:16:00",75.95,tarjeta_regalo
2559,2688,"2023-07-18 17:33:00",176.92,tarjeta_credito
2560,2689,"2021-10-06 18:29:00",212.92,transferencia
2561,2690,"2022-12-20 05:28:00",56.97,tarjeta_credito
2562,2691,"2023-12-26 01:01:00",252.96,tarjeta_credito
2563,2692,"2023-03-17 06:36:00",111.94,paypal
2564,2693,"2022-05-13 16:41:00",286.91,tarjeta_regalo
2565,2694,"2022-07-13 02:34:00",94.95,paypal
2566,2695,"2021-09-28 14:53:00",411.93,tarjeta_regalo
2567,2696,"2023-02-05 10:00:00",198.95,transferencia
2568,2698,"2022-12-01 04:52:00",39.99,transferencia
2569,2699,"2023-06-02 02:56:00",39.98,transferencia
2570,2701,"2023-08-15 11:45:00",34.99,transferencia
2571,2702,"2022-05-19 08:31:00",116.95,tarjeta_credito
2572,2703,"2022-11-04 19:18:00",205.95,paypal
2573,2704,"2022-10-03 20:38:00",35.98,paypal
2574,2705,"2023-06-04 16:04:00",192.93,transferencia
2575,2706,"2023-07-14 04:19:00",419.97,tarjeta_credito
2576,2707,"2023-04-23 01:21:00",364.94,tarjeta_credito
2577,2708,"2022-09-30 02:16:00",305.97,tarjeta_credito
2578,2709,"2023-06-17 17:29:00",179.96,transferencia
2579,2710,"2023-08-29 04:46:00",159.94,tarjeta_regalo
2580,2711,"2023-02-17 05:04:00",512.92,tarjeta_regalo
2581,2712,"2022-12-31 17:20:00",145.94,tarjeta_credito
2582,2713,"2022-12-29 23:25:00",218.94,tarjeta_credito
2583,2714,"2022-10-05 17:31:00",315.95,transferencia
2584,2715,"2023-02-24 17:13:00",159.98,paypal
2585,2716,"2022-03-02 09:10:00",112.97,tarjeta_regalo
2586,2717,"2023-05-10 15:37:00",120.96,transferencia
2587,2719,"2022-09-29 23:37:00",599.96,paypal
2588,2720,"2023-11-29 15:33:00",50.97,paypal
2589,2721,"2023-05-04 12:56:00",146.94,tarjeta_regalo
2590,2722,"2023-04-12 12:24:00",289.96,tarjeta_credito
2591,2723,"2022-01-24 11:19:00",24.99,paypal
2592,2724,"2023-09-16 03:15:00",529.96,tarjeta_regalo
2593,2725,"2023-06-18 10:49:00",59.98,tarjeta_credito
2594,2726,"2023-02-26 06:06:00",133.96,paypal
2595,2727,"2023-05-29 10:54:00",49.98,tarjeta_credito
2596,2728,"2023-12-12 17:24:00",674.93,tarjeta_regalo
2597,2729,"2021-12-10 20:56:00",186.92,transferencia
2598,2730,"2023-10-25 06:38:00",37.98,transferencia
2599,2731,"2023-12-16 21:30:00",174.96,paypal
2600,2732,"2022-12-26 01:11:00",65.97,tarjeta_regalo
2601,2733,"2023-02-28 07:36:00",529.95,paypal
2602,2734,"2023-02-09 17:16:00",215.94,tarjeta_credito
2603,2735,"2022-11-22 11:21:00",553.93,transferencia
2604,2736,"2022-12-05 16:55:00",59.96,tarjeta_regalo
2605,2737,"2023-08-01 03:08:00",159.97,transferencia
2606,2738,"2023-09-19 09:24:00",44.99,tarjeta_credito
2607,2739,"2023-03-20 02:13:00",127.94,transferencia
2608,2740,"2023-08-09 04:27:00",139.92,transferencia
2609,2741,"2022-05-13 05:33:00",174.96,tarjeta_regalo
2610,2742,"2022-05-08 16:19:00",45.98,transferencia
2611,2743,"2022-04-20 17:31:00",181.95,tarjeta_credito
2612,2744,"2022-04-18 02:55:00",168.93,tarjeta_credito
2613,2745,"2023-10-25 13:15:00",147.96,paypal
2614,2746,"2023-02-22 17:28:00",252.94,transferencia
2615,2747,"2023-09-04 03:08:00",249.97,tarjeta_regalo
2616,2748,"2022-06-08 10:09:00",152.91,paypal
2617,2749,"2023-09-22 21:39:00",120.95,tarjeta_regalo
2618,2750,"2023-04-02 22:35:00",179.97,transferencia
2619,2751,"2023-05-22 06:45:00",107.94,paypal
2620,2752,"2023-08-04 17:23:00",83.97,tarjeta_credito
2621,2753,"2023-05-07 13:21:00",34.99,paypal
2622,2754,"2022-11-16 16:32:00",9.99,tarjeta_credito
2623,2755,"2023-04-24 02:59:00",315.95,transferencia
2624,2756,"2023-11-03 14:24:00",278.92,paypal
2625,2757,"2023-12-19 19:47:00",94.94,tarjeta_credito
2626,2758,"2023-09-14 15:03:00",291.95,transferencia
2627,2759,"2023-08-09 19:11:00",189.96,tarjeta_regalo
2628,2760,"2023-12-06 09:56:00",459.96,paypal
2629,2761,"2023-12-22 16:17:00",260.94,paypal
2630,2763,"2023-07-19 07:14:00",957.93,tarjeta_regalo
2631,2764,"2023-12-20 11:04:00",419.97,transferencia
2632,2765,"2023-03-12 04:36:00",99.99,tarjeta_credito
2633,2766,"2023-02-18 07:43:00",33.98,transferencia
2634,2767,"2022-06-01 12:16:00",185.97,tarjeta_credito
2635,2769,"2023-06-07 12:23:00",69.97,tarjeta_regalo
2636,2770,"2023-12-28 06:24:00",376.94,paypal
2637,2771,"2022-10-09 15:21:00",94.95,tarjeta_credito
2638,2773,"2022-01-10 14:30:00",164.94,transferencia
2639,2774,"2022-01-23 22:40:00",194.94,paypal
2640,2775,"2021-10-23 04:07:00",149.94,tarjeta_credito
2641,2776,"2023-07-20 12:59:00",83.97,tarjeta_regalo
2642,2777,"2023-04-30 07:06:00",69.99,transferencia
2643,2778,"2022-11-16 01:54:00",264.93,transferencia
2644,2779,"2021-01-14 16:07:00",207.94,tarjeta_credito
2645,2780,"2023-09-23 22:53:00",175.96,transferencia
2646,2782,"2023-04-28 17:02:00",9.99,paypal
2647,2783,"2023-12-05 02:24:00",39.99,tarjeta_credito
2648,2784,"2023-10-25 10:38:00",89.96,tarjeta_credito
2649,2785,"2022-09-05 12:51:00",319.92,transferencia
2650,2786,"2023-02-27 19:36:00",535.95,paypal
2651,2787,"2023-03-04 05:58:00",244.95,transferencia
2652,2788,"2023-07-23 07:17:00",97.95,transferencia
2653,2789,"2022-12-19 21:15:00",299.98,tarjeta_regalo
2654,2790,"2023-01-03 07:38:00",74.97,transferencia
2655,2791,"2023-07-28 06:58:00",106.95,tarjeta_credito
2656,2792,"2023-05-16 14:09:00",680.92,tarjeta_credito
2657,2793,"2023-11-09 09:16:00",574.94,transferencia
2658,2794,"2023-08-04 23:52:00",82.96,paypal
2659,2795,"2023-07-25 19:45:00",534.94,transferencia
2660,2796,"2022-06-11 20:51:00",294.95,tarjeta_regalo
2661,2797,"2023-05-16 09:42:00",45.98,paypal
2662,2798,"2021-08-18 04:13:00",157.98,paypal
2663,2799,"2023-09-03 18:50:00",221.94,tarjeta_regalo
2664,2800,"2023-06-28 13:09:00",150.94,paypal
2665,2801,"2023-07-11 20:33:00",565.96,paypal
2666,2802,"2023-12-23 01:08:00",162.98,tarjeta_credito
2667,2803,"2023-09-20 00:23:00",25.98,tarjeta_credito
2668,2804,"2023-12-11 22:49:00",149.97,paypal
2669,2805,"2022-08-04 21:38:00",141.96,transferencia
2670,2806,"2023-06-05 06:10:00",124.96,tarjeta_regalo
2671,2807,"2023-12-02 12:31:00",16.99,transferencia
2672,2808,"2023-12-24 14:40:00",224.96,tarjeta_regalo
2673,2809,"2022-10-02 10:47:00",369.91,tarjeta_credito
2674,2810,"2023-11-23 07:22:00",65.98,transferencia
2675,2811,"2023-05-17 22:47:00",89.97,paypal
2676,2812,"2022-11-03 16:40:00",355.94,paypal
2677,2813,"2023-05-18 02:06:00",295.95,tarjeta_credito
2678,2814,"2021-09-21 18:18:00",59.97,transferencia
2679,2815,"2022-02-03 14:32:00",409.91,tarjeta_regalo
2680,2816,"2023-05-13 21:38:00",305.96,paypal
2681,2817,"2023-01-04 18:55:00",299.99,transferencia
2682,2818,"2023-04-21 10:44:00",108.96,tarjeta_regalo
2683,2819,"2021-05-01 04:17:00",68.97,tarjeta_credito
2684,2820,"2023-04-03 05:15:00",279.92,transferencia
2685,2821,"2022-12-16 18:15:00",423.90,paypal
2686,2822,"2023-10-31 12:26:00",259.96,tarjeta_regalo
2687,2823,"2023-12-24 00:42:00",616.97,tarjeta_regalo
2688,2824,"2023-09-12 04:49:00",84.99,tarjeta_credito
2689,2825,"2023-06-12 14:53:00",209.96,transferencia
2690,2826,"2023-04-05 10:21:00",154.98,tarjeta_credito
2691,2827,"2023-04-22 15:43:00",25.98,paypal
2692,2828,"2022-01-21 00:25:00",134.94,transferencia
2693,2829,"2023-12-16 02:31:00",79.98,tarjeta_regalo
2694,2830,"2023-04-05 18:14:00",29.98,tarjeta_regalo
2695,2831,"2023-07-24 07:41:00",33.98,transferencia
2696,2832,"2022-07-30 04:12:00",204.93,paypal
2697,2833,"2023-06-18 18:06:00",190.92,paypal
2698,2834,"2021-12-14 16:34:00",101.94,transferencia
2699,2835,"2022-06-11 06:42:00",83.96,transferencia
2700,2836,"2023-06-27 12:38:00",27.99,transferencia
2701,2837,"2021-09-20 10:49:00",509.93,transferencia
2702,2838,"2023-12-18 00:52:00",357.92,tarjeta_credito
2703,2839,"2023-09-06 07:46:00",177.94,paypal
2704,2840,"2023-01-12 07:17:00",638.90,transferencia
2705,2841,"2023-05-24 17:11:00",289.94,paypal
2706,2842,"2023-08-18 16:55:00",329.94,tarjeta_regalo
2707,2843,"2022-09-15 04:15:00",114.93,tarjeta_regalo
2708,2844,"2023-11-20 09:56:00",368.92,tarjeta_regalo
2709,2845,"2023-10-10 02:39:00",227.91,paypal
2710,2846,"2023-01-17 09:00:00",338.96,paypal
2711,2847,"2023-03-23 20:49:00",367.94,paypal
2712,2848,"2023-05-22 16:55:00",44.96,tarjeta_credito
2713,2849,"2022-12-21 04:57:00",52.97,paypal
2714,2850,"2022-12-15 01:21:00",275.94,tarjeta_regalo
2715,2851,"2021-10-23 03:24:00",336.93,tarjeta_regalo
2716,2852,"2022-08-14 13:27:00",349.95,tarjeta_regalo
2717,2853,"2021-11-26 12:04:00",649.95,tarjeta_credito
2718,2854,"2023-12-30 18:43:00",31.98,paypal
2719,2855,"2023-05-16 03:35:00",66.97,transferencia
2720,2856,"2023-10-08 11:06:00",69.99,paypal
2721,2857,"2023-04-30 05:46:00",84.98,paypal
2722,2858,"2023-11-30 00:57:00",384.95,transferencia
2723,2859,"2023-10-15 01:26:00",74.95,tarjeta_regalo
2724,2860,"2023-05-12 21:33:00",132.98,tarjeta_credito
2725,2861,"2023-08-07 11:55:00",487.91,tarjeta_regalo
2726,2862,"2023-12-06 07:43:00",415.93,tarjeta_credito
2727,2863,"2021-03-06 13:15:00",61.96,tarjeta_regalo
2728,2864,"2023-05-14 04:41:00",12.99,transferencia
2729,2865,"2021-05-29 12:17:00",74.97,paypal
2730,2866,"2022-11-13 15:17:00",193.93,tarjeta_regalo
2731,2867,"2022-10-12 04:48:00",13.99,tarjeta_regalo
2732,2868,"2023-07-19 03:20:00",27.99,tarjeta_credito
2733,2869,"2023-09-03 23:49:00",253.95,tarjeta_credito
2734,2870,"2023-03-13 19:31:00",25.98,paypal
2735,2872,"2023-03-20 10:57:00",535.92,tarjeta_credito
2736,2873,"2023-10-10 23:48:00",307.92,tarjeta_regalo
2737,2874,"2023-12-04 00:59:00",28.98,tarjeta_credito
2738,2875,"2023-06-26 01:54:00",206.96,tarjeta_regalo
2739,2876,"2023-06-03 23:44:00",108.96,paypal
2740,2877,"2023-11-10 11:45:00",865.91,tarjeta_regalo
2741,2878,"2022-10-30 14:46:00",374.91,transferencia
2742,2879,"2023-01-13 14:13:00",55.98,tarjeta_credito
2743,2880,"2023-02-07 20:50:00",680.92,tarjeta_regalo
2744,2881,"2023-10-02 13:52:00",389.97,transferencia
2745,2882,"2023-01-24 04:08:00",200.93,tarjeta_credito
2746,2883,"2023-09-18 23:59:00",344.96,paypal
2747,2884,"2023-06-25 03:54:00",174.93,transferencia
2748,2886,"2022-12-31 00:52:00",207.93,paypal
2749,2887,"2022-12-27 15:59:00",94.97,tarjeta_credito
2750,2889,"2023-07-20 05:57:00",12.99,tarjeta_regalo
2751,2890,"2023-05-25 08:15:00",273.90,tarjeta_regalo
2752,2891,"2023-03-05 13:08:00",284.95,tarjeta_regalo
2753,2892,"2023-06-16 19:51:00",360.89,tarjeta_credito
2754,2893,"2022-06-19 22:19:00",119.97,paypal
2755,2894,"2023-12-17 00:04:00",359.95,tarjeta_credito
2756,2895,"2023-12-12 11:39:00",616.97,tarjeta_credito
2757,2896,"2023-04-29 11:54:00",331.92,tarjeta_regalo
2758,2897,"2023-08-01 06:22:00",882.92,transferencia
2759,2898,"2022-07-13 06:44:00",319.95,tarjeta_credito
2760,2899,"2021-12-15 15:37:00",29.98,tarjeta_credito
2761,2900,"2023-12-18 10:12:00",239.97,transferencia
2762,2901,"2023-03-20 12:51:00",252.96,tarjeta_credito
2763,2902,"2023-11-18 11:32:00",526.92,paypal
2764,2903,"2023-03-12 16:40:00",164.97,tarjeta_credito
2765,2904,"2022-03-24 08:07:00",259.98,tarjeta_credito
2766,2905,"2023-12-03 07:27:00",259.92,tarjeta_regalo
2767,2906,"2023-08-26 17:19:00",738.91,paypal
2768,2907,"2023-12-11 03:17:00",94.95,tarjeta_regalo
2769,2908,"2022-09-25 21:34:00",53.97,transferencia
2770,2909,"2023-02-19 20:50:00",248.95,transferencia
2771,2910,"2022-06-11 02:36:00",252.94,tarjeta_regalo
2772,2911,"2023-04-26 17:55:00",266.94,paypal
2773,2912,"2022-06-11 12:20:00",139.99,paypal
2774,2913,"2023-11-20 05:56:00",200.94,transferencia
2775,2914,"2023-11-15 03:48:00",22.99,paypal
2776,2915,"2023-06-28 18:24:00",1009.92,paypal
2777,2916,"2022-11-17 17:10:00",223.91,tarjeta_regalo
2778,2917,"2023-10-03 00:08:00",745.92,tarjeta_regalo
2779,2918,"2022-10-25 17:05:00",38.97,tarjeta_regalo
2780,2919,"2023-08-19 07:51:00",207.95,transferencia
2781,2920,"2023-10-06 19:26:00",273.90,tarjeta_regalo
2782,2921,"2023-09-29 22:30:00",217.92,transferencia
2783,2923,"2022-10-03 20:41:00",46.97,transferencia
2784,2924,"2023-03-19 17:28:00",417.95,tarjeta_regalo
2785,2925,"2023-05-17 17:24:00",89.98,tarjeta_credito
2786,2926,"2023-10-11 08:27:00",309.94,paypal
2787,2927,"2022-01-21 21:03:00",149.96,transferencia
2788,2928,"2023-10-17 07:06:00",44.97,paypal
2789,2929,"2023-12-06 14:50:00",149.99,tarjeta_credito
2790,2930,"2022-03-11 09:22:00",649.97,tarjeta_regalo
2791,2931,"2022-11-13 22:06:00",619.96,paypal
2792,2932,"2023-10-23 22:55:00",758.91,paypal
2793,2933,"2022-12-04 15:19:00",401.93,tarjeta_regalo
2794,2934,"2023-07-08 02:35:00",289.96,tarjeta_credito
2795,2935,"2021-08-26 22:10:00",89.94,transferencia
2796,2936,"2023-05-07 14:47:00",1135.93,tarjeta_regalo
2797,2937,"2023-07-18 23:33:00",849.91,tarjeta_credito
2798,2938,"2021-09-15 01:38:00",363.93,paypal
2799,2939,"2022-04-28 14:42:00",124.95,tarjeta_credito
2800,2940,"2023-08-03 21:52:00",194.97,paypal
2801,2941,"2023-07-01 01:54:00",129.98,paypal
2802,2942,"2022-02-01 02:15:00",208.95,tarjeta_credito
2803,2943,"2023-08-03 00:03:00",149.93,transferencia
2804,2944,"2023-06-11 04:35:00",1299.91,paypal
2805,2945,"2023-01-10 08:09:00",606.93,tarjeta_credito
2806,2946,"2023-07-02 19:35:00",296.93,paypal
2807,2947,"2023-06-03 00:46:00",236.95,tarjeta_credito
2808,2948,"2023-03-18 21:01:00",67.95,paypal
2809,2949,"2023-07-08 14:25:00",69.96,paypal
2810,2951,"2023-07-05 12:19:00",193.92,tarjeta_regalo
2811,2952,"2023-03-11 10:34:00",49.96,tarjeta_regalo
2812,2953,"2023-01-27 18:29:00",829.92,tarjeta_credito
2813,2955,"2023-07-09 07:30:00",459.94,tarjeta_credito
2814,2956,"2023-12-16 01:00:00",12.99,transferencia
2815,2957,"2022-10-28 20:31:00",343.91,tarjeta_credito
2816,2958,"2022-05-04 22:20:00",298.93,tarjeta_credito
2817,2959,"2022-12-11 13:11:00",642.91,transferencia
2818,2960,"2023-10-11 01:39:00",263.94,tarjeta_regalo
2819,2961,"2023-06-15 00:53:00",749.97,transferencia
2820,2962,"2023-11-18 21:10:00",189.95,tarjeta_credito
2821,2963,"2022-04-26 04:35:00",269.97,tarjeta_credito
2822,2964,"2023-03-11 20:25:00",182.93,tarjeta_regalo
2823,2965,"2022-08-05 14:58:00",149.96,paypal
2824,2966,"2022-07-24 14:38:00",513.89,tarjeta_credito
2825,2967,"2023-10-29 12:32:00",469.95,tarjeta_credito
2826,2968,"2023-02-25 23:55:00",13.99,tarjeta_credito
2827,2969,"2022-11-01 07:53:00",140.94,transferencia
2828,2970,"2023-11-04 08:18:00",217.95,tarjeta_credito
2829,2971,"2023-09-14 10:52:00",499.98,tarjeta_credito
2830,2972,"2022-09-07 16:29:00",430.92,paypal
2831,2973,"2023-09-10 22:52:00",87.96,tarjeta_credito
2832,2974,"2023-11-21 14:08:00",232.95,tarjeta_credito
2833,2975,"2023-12-25 07:30:00",175.95,paypal
2834,2976,"2022-04-17 22:15:00",499.94,transferencia
2835,2977,"2023-09-03 11:54:00",361.94,transferencia
2836,2978,"2022-07-10 19:06:00",195.96,transferencia
2837,2979,"2022-07-01 23:12:00",453.92,tarjeta_credito
2838,2980,"2023-12-18 10:51:00",244.92,paypal
2839,2981,"2023-11-10 06:02:00",585.91,tarjeta_regalo
2840,2982,"2023-09-29 15:34:00",45.98,paypal
2841,2983,"2023-08-13 12:34:00",259.97,tarjeta_regalo
2842,2984,"2023-04-30 08:51:00",175.96,tarjeta_regalo
2843,2985,"2023-10-23 01:08:00",222.93,tarjeta_regalo
2844,2986,"2023-11-11 23:49:00",283.92,tarjeta_credito
2845,2987,"2023-04-01 18:38:00",189.92,transferencia
2846,2988,"2022-10-25 17:55:00",186.91,tarjeta_regalo
2847,2989,"2022-08-26 19:09:00",169.94,tarjeta_regalo
2848,2990,"2023-04-08 14:00:00",794.89,paypal
2849,2991,"2022-08-27 05:58:00",408.93,paypal
2850,2992,"2023-09-09 03:45:00",413.91,paypal
2851,2993,"2023-04-10 16:19:00",159.95,transferencia
2852,2994,"2022-10-26 05:59:00",34.99,paypal
2853,2995,"2023-04-19 08:55:00",176.92,tarjeta_regalo
2854,2996,"2021-11-25 19:33:00",232.92,tarjeta_regalo
2855,2997,"2023-03-13 18:01:00",141.92,paypal
2856,2998,"2022-06-10 19:46:00",324.97,paypal
2857,2999,"2023-04-30 23:16:00",139.94,transferencia
2858,3000,"2023-10-11 21:54:00",199.98,transferencia
2859,3001,"2023-06-21 22:52:00",149.97,tarjeta_credito
2860,3002,"2022-04-02 14:20:00",84.98,tarjeta_regalo
2861,3003,"2023-05-26 23:34:00",65.96,tarjeta_regalo
2862,3004,"2022-09-30 17:06:00",226.91,transferencia
2863,3005,"2022-11-15 13:10:00",49.98,paypal
2864,3006,"2023-09-08 17:58:00",143.96,paypal
2865,3007,"2022-12-30 20:27:00",259.97,transferencia
2866,3008,"2023-11-17 14:57:00",81.96,tarjeta_regalo
2867,3009,"2022-12-08 01:35:00",95.96,tarjeta_credito
2868,3010,"2022-04-23 03:58:00",273.96,tarjeta_regalo
2869,3011,"2022-05-26 20:40:00",194.96,transferencia
2870,3012,"2023-05-23 10:26:00",31.98,transferencia
2871,3014,"2022-01-26 23:44:00",548.94,tarjeta_credito
2872,3015,"2022-07-20 14:39:00",219.98,transferencia
2873,3016,"2022-06-08 21:20:00",309.96,tarjeta_credito
2874,3017,"2022-07-16 05:44:00",65.97,transferencia
2875,3018,"2023-05-01 16:56:00",225.93,tarjeta_credito
2876,3019,"2023-10-30 21:04:00",19.98,tarjeta_regalo
2877,3020,"2022-05-17 21:32:00",148.94,tarjeta_regalo
2878,3021,"2023-10-21 06:10:00",444.93,paypal
2879,3022,"2023-04-24 20:49:00",229.94,transferencia
2880,3024,"2023-09-05 17:43:00",92.97,tarjeta_credito
2881,3026,"2022-10-23 12:58:00",214.96,paypal
2882,3028,"2023-08-28 09:21:00",302.95,tarjeta_credito
2883,3029,"2023-12-24 08:34:00",254.94,transferencia
2884,3030,"2023-11-27 17:45:00",437.92,tarjeta_credito
2885,3031,"2023-12-09 10:04:00",159.96,paypal
2886,3032,"2023-04-03 16:07:00",32.99,tarjeta_credito
2887,3033,"2023-05-29 07:20:00",260.91,tarjeta_regalo
2888,3034,"2022-10-21 12:05:00",122.97,transferencia
2889,3035,"2023-09-13 19:31:00",158.92,paypal
2890,3036,"2023-04-04 06:51:00",89.97,paypal
2891,3037,"2023-03-21 06:27:00",128.95,tarjeta_credito
2892,3038,"2023-08-10 15:12:00",381.93,tarjeta_regalo
2893,3039,"2023-04-17 17:42:00",509.91,tarjeta_credito
2894,3040,"2023-10-29 20:15:00",591.94,transferencia
2895,3041,"2023-09-27 02:42:00",103.96,tarjeta_regalo
2896,3042,"2023-02-18 09:18:00",160.95,transferencia
2897,3043,"2022-08-15 21:57:00",243.92,transferencia
2898,3044,"2023-01-15 07:10:00",27.98,tarjeta_regalo
2899,3045,"2023-11-11 20:40:00",66.96,transferencia
2900,3046,"2023-08-07 02:19:00",270.91,tarjeta_regalo
2901,3047,"2023-09-24 08:52:00",89.97,transferencia
2902,3048,"2023-11-08 02:46:00",83.97,paypal
2903,3049,"2021-12-20 07:59:00",357.91,paypal
2904,3050,"2023-11-01 07:44:00",299.93,paypal
2905,3051,"2022-09-30 13:25:00",69.96,tarjeta_regalo
2906,3052,"2023-08-28 05:40:00",279.93,transferencia
2907,3053,"2023-08-28 06:43:00",78.97,transferencia
2908,3054,"2023-10-05 10:21:00",401.91,tarjeta_regalo
2909,3055,"2023-05-06 08:22:00",69.98,tarjeta_credito
2910,3058,"2021-08-13 07:00:00",97.95,tarjeta_credito
2911,3059,"2023-11-17 05:25:00",139.94,transferencia
2912,3060,"2023-01-24 00:51:00",22.99,transferencia
2913,3061,"2023-09-12 07:52:00",259.91,tarjeta_credito
2914,3062,"2023-01-24 04:01:00",131.96,paypal
2915,3064,"2023-01-27 16:28:00",299.97,tarjeta_regalo
2916,3065,"2023-10-03 01:49:00",47.97,tarjeta_regalo
2917,3066,"2023-07-02 22:48:00",148.95,transferencia
2918,3067,"2023-10-27 13:38:00",348.93,transferencia
2919,3068,"2022-07-26 09:21:00",72.96,tarjeta_regalo
2920,3069,"2021-10-12 06:45:00",14.99,tarjeta_credito
2921,3070,"2022-09-27 09:29:00",478.93,paypal
2922,3071,"2021-12-30 08:32:00",140.95,paypal
2923,3072,"2023-01-19 00:56:00",214.97,paypal
2924,3073,"2023-09-29 08:45:00",310.90,transferencia
2925,3074,"2022-07-21 11:54:00",109.93,tarjeta_credito
2926,3075,"2023-05-03 00:51:00",101.96,tarjeta_regalo
2927,3076,"2023-09-24 14:39:00",379.98,paypal
2928,3077,"2022-06-10 01:47:00",203.91,tarjeta_regalo
2929,3078,"2023-02-13 22:32:00",87.94,paypal
2930,3079,"2023-12-15 01:28:00",435.92,tarjeta_credito
2931,3080,"2023-03-25 13:43:00",149.99,tarjeta_regalo
2932,3081,"2023-11-27 17:48:00",33.98,paypal
2933,3082,"2022-01-22 13:01:00",209.97,paypal
2934,3083,"2023-10-20 10:03:00",288.94,tarjeta_regalo
2935,3084,"2023-01-19 05:00:00",78.97,paypal
2936,3085,"2021-08-25 10:45:00",123.96,transferencia
2937,3087,"2023-05-24 07:38:00",209.96,tarjeta_credito
2938,3088,"2022-12-04 09:26:00",434.94,tarjeta_regalo
2939,3089,"2022-12-27 22:04:00",128.95,paypal
2940,3090,"2023-01-05 05:37:00",65.98,paypal
2941,3091,"2021-12-05 03:30:00",128.95,tarjeta_regalo
2942,3092,"2021-12-26 06:28:00",384.93,tarjeta_regalo
2943,3093,"2021-09-07 11:00:00",768.91,paypal
2944,3094,"2023-05-01 19:21:00",384.93,transferencia
2945,3095,"2023-03-26 07:18:00",37.98,paypal
2946,3096,"2023-09-26 10:21:00",559.95,tarjeta_regalo
2947,3097,"2022-11-15 04:38:00",414.92,tarjeta_regalo
2948,3098,"2023-08-24 09:47:00",149.99,tarjeta_credito
2949,3099,"2021-10-26 09:17:00",134.97,tarjeta_regalo
2950,3100,"2023-04-02 15:43:00",429.97,paypal
2951,3101,"2023-09-08 08:23:00",427.93,tarjeta_credito
2952,3102,"2023-05-09 00:42:00",179.98,tarjeta_credito
2953,3103,"2023-05-13 16:18:00",144.96,paypal
2954,3104,"2023-12-14 19:03:00",102.95,paypal
2955,3105,"2023-10-07 14:00:00",310.94,paypal
2956,3106,"2022-09-29 02:04:00",319.98,paypal
2957,3107,"2023-07-31 09:01:00",164.96,paypal
2958,3108,"2023-12-24 22:31:00",204.91,paypal
2959,3109,"2023-03-19 15:20:00",131.95,transferencia
2960,3110,"2023-09-24 02:34:00",359.98,paypal
2961,3111,"2023-12-26 23:42:00",79.98,tarjeta_credito
2962,3112,"2022-02-01 07:53:00",59.98,transferencia
2963,3113,"2023-04-09 09:40:00",230.93,tarjeta_credito
2964,3114,"2023-09-09 12:59:00",225.95,paypal
2965,3115,"2022-11-20 20:48:00",55.98,tarjeta_credito
2966,3116,"2023-06-22 07:00:00",246.94,tarjeta_credito
2967,3117,"2022-12-04 15:40:00",44.97,tarjeta_regalo
2968,3118,"2021-03-17 07:32:00",529.95,paypal
2969,3119,"2022-11-13 14:07:00",98.96,transferencia
2970,3120,"2023-10-29 05:36:00",179.98,transferencia
2971,3121,"2023-06-15 21:02:00",150.96,paypal
2972,3122,"2023-02-27 07:42:00",84.96,tarjeta_regalo
2973,3123,"2023-01-04 08:14:00",35.98,tarjeta_regalo
2974,3125,"2022-10-14 18:35:00",174.93,tarjeta_credito
2975,3126,"2023-12-10 01:56:00",419.91,transferencia
2976,3127,"2023-10-19 06:47:00",220.94,tarjeta_credito
2977,3128,"2023-02-11 13:46:00",543.92,tarjeta_credito
2978,3129,"2023-09-09 22:41:00",103.95,tarjeta_regalo
2979,3130,"2023-03-08 21:51:00",34.99,tarjeta_credito
2980,3131,"2023-03-07 19:09:00",499.98,tarjeta_credito
2981,3132,"2023-09-19 23:03:00",147.95,paypal
2982,3133,"2021-10-15 04:18:00",159.93,transferencia
2983,3134,"2022-10-27 14:27:00",238.93,tarjeta_regalo
2984,3136,"2023-09-15 21:39:00",75.96,paypal
2985,3137,"2023-12-06 02:47:00",179.98,tarjeta_credito
2986,3138,"2022-08-10 11:39:00",668.90,transferencia
2987,3139,"2023-02-10 11:14:00",129.96,transferencia
2988,3140,"2022-12-30 15:41:00",215.93,tarjeta_regalo
2989,3141,"2023-05-20 13:37:00",219.97,tarjeta_credito
2990,3142,"2023-10-19 07:45:00",50.97,transferencia
2991,3144,"2022-04-11 15:04:00",356.95,paypal
2992,3145,"2023-07-27 01:31:00",508.92,tarjeta_credito
2993,3146,"2023-09-30 13:04:00",194.92,paypal
2994,3148,"2023-10-16 12:03:00",169.96,tarjeta_regalo
2995,3149,"2022-12-04 09:05:00",921.96,tarjeta_credito
2996,3150,"2023-02-09 20:47:00",269.96,tarjeta_regalo
2997,3151,"2023-04-21 07:04:00",169.94,tarjeta_credito
2998,3152,"2022-01-18 19:54:00",319.94,transferencia
2999,3153,"2022-12-20 19:25:00",306.94,transferencia
3000,3154,"2021-10-02 00:49:00",933.90,transferencia
3001,3155,"2023-09-10 02:47:00",589.95,tarjeta_regalo
3002,3156,"2023-08-30 03:01:00",284.92,transferencia
3003,3157,"2023-04-24 02:57:00",212.92,paypal
3004,3158,"2023-04-30 05:35:00",489.96,transferencia
3005,3159,"2023-10-26 00:30:00",629.92,paypal
3006,3160,"2021-09-18 06:28:00",174.92,tarjeta_regalo
3007,3161,"2022-08-03 10:17:00",44.97,tarjeta_credito
3008,3162,"2023-02-27 11:39:00",99.94,tarjeta_credito
3009,3163,"2023-04-28 19:18:00",989.94,tarjeta_credito
3010,3164,"2023-12-02 10:29:00",35.98,transferencia
3011,3165,"2023-01-13 08:31:00",186.94,tarjeta_regalo
3012,3166,"2023-06-01 15:54:00",489.93,tarjeta_credito
3013,3167,"2023-12-07 11:31:00",290.94,transferencia
3014,3168,"2023-08-19 03:13:00",710.92,tarjeta_credito
3015,3169,"2023-06-08 22:34:00",496.96,transferencia
3016,3170,"2022-12-26 06:31:00",250.95,tarjeta_regalo
3017,3171,"2022-03-24 01:33:00",74.97,transferencia
3018,3172,"2023-07-03 22:59:00",13.99,paypal
3019,3173,"2023-08-14 02:37:00",264.93,paypal
3020,3174,"2023-07-09 09:32:00",69.98,tarjeta_credito
3021,3175,"2023-04-14 12:30:00",688.90,tarjeta_credito
3022,3176,"2023-08-16 16:42:00",209.91,transferencia
3023,3177,"2023-03-15 12:45:00",673.91,paypal
3024,3178,"2022-10-02 12:43:00",33.98,paypal
3025,3179,"2023-11-28 19:08:00",21.99,paypal
3026,3180,"2023-06-01 16:17:00",554.94,tarjeta_credito
3027,3181,"2023-06-11 04:15:00",675.91,paypal
3028,3182,"2023-04-11 01:41:00",12.99,paypal
3029,3183,"2023-07-16 17:26:00",21.99,transferencia
3030,3184,"2023-08-29 13:10:00",228.95,paypal
3031,3185,"2021-11-01 07:40:00",854.94,transferencia
3032,3186,"2022-07-01 00:07:00",299.98,paypal
3033,3188,"2023-02-08 09:58:00",39.98,paypal
3034,3189,"2023-08-30 04:08:00",19.98,tarjeta_credito
3035,3190,"2023-08-03 08:02:00",332.91,tarjeta_credito
3036,3191,"2021-06-09 05:35:00",44.97,tarjeta_credito
3037,3192,"2023-03-22 06:02:00",13.99,tarjeta_credito
3038,3193,"2023-11-28 05:22:00",93.95,tarjeta_regalo
3039,3194,"2023-07-26 19:37:00",106.95,transferencia
3040,3195,"2023-09-03 14:34:00",299.98,transferencia
3041,3196,"2022-09-06 05:42:00",279.96,transferencia
3042,3197,"2023-03-04 16:20:00",76.97,tarjeta_credito
3043,3198,"2023-06-07 07:53:00",79.98,tarjeta_credito
3044,3199,"2022-04-08 12:45:00",472.92,transferencia
3045,3200,"2022-11-11 22:51:00",689.91,tarjeta_credito
3046,3201,"2023-08-04 18:39:00",644.94,transferencia
3047,3202,"2023-11-26 16:24:00",33.98,paypal
3048,3203,"2022-09-19 05:55:00",21.99,transferencia
3049,3204,"2023-06-07 22:19:00",238.95,tarjeta_regalo
3050,3205,"2022-03-13 00:05:00",249.92,tarjeta_regalo
3051,3206,"2021-11-12 06:30:00",24.99,paypal
3052,3207,"2023-02-07 16:53:00",450.95,tarjeta_credito
3053,3208,"2021-11-01 20:28:00",419.97,tarjeta_credito
3054,3209,"2022-08-19 09:41:00",18.99,transferencia
3055,3210,"2023-11-17 00:20:00",133.94,tarjeta_regalo
3056,3211,"2022-10-04 19:58:00",254.94,tarjeta_credito
3057,3212,"2023-04-18 13:31:00",230.95,transferencia
3058,3213,"2021-12-25 15:16:00",283.95,paypal
3059,3214,"2023-08-03 16:46:00",309.92,transferencia
3060,3215,"2023-10-26 03:16:00",209.97,tarjeta_regalo
3061,3216,"2023-11-06 12:12:00",91.96,paypal
3062,3217,"2022-08-14 02:54:00",569.94,paypal
3063,3218,"2023-12-29 13:52:00",159.94,tarjeta_regalo
3064,3219,"2023-07-21 17:32:00",239.97,tarjeta_regalo
3065,3220,"2023-06-24 10:17:00",355.90,transferencia
3066,3221,"2023-04-13 20:33:00",134.97,tarjeta_regalo
3067,3222,"2023-04-09 11:01:00",157.95,tarjeta_credito
3068,3223,"2022-07-17 08:40:00",974.94,transferencia
3069,3224,"2023-07-28 04:28:00",29.97,paypal
3070,3225,"2023-01-15 23:50:00",198.94,transferencia
3071,3226,"2023-12-15 23:41:00",428.93,transferencia
3072,3227,"2022-05-05 03:09:00",22.99,transferencia
3073,3228,"2023-10-15 11:19:00",53.97,transferencia
3074,3229,"2023-06-22 23:50:00",29.97,tarjeta_credito
3075,3230,"2023-04-14 01:48:00",373.94,tarjeta_credito
3076,3231,"2023-12-27 22:17:00",9.99,tarjeta_regalo
3077,3232,"2023-10-18 13:10:00",429.96,paypal
3078,3233,"2023-02-10 16:46:00",1108.89,transferencia
3079,3234,"2023-06-22 17:31:00",404.96,transferencia
3080,3235,"2023-08-19 10:37:00",50.97,paypal
3081,3236,"2021-02-07 02:04:00",294.90,paypal
3082,3237,"2023-10-31 09:37:00",102.93,paypal
3083,3238,"2023-10-25 05:03:00",175.92,tarjeta_regalo
3084,3239,"2023-11-22 23:05:00",98.96,transferencia
3085,3240,"2023-10-27 22:59:00",205.97,transferencia
3086,3241,"2023-08-19 22:54:00",75.95,tarjeta_regalo
3087,3242,"2023-03-16 15:23:00",27.99,tarjeta_credito
3088,3243,"2023-01-12 09:13:00",107.94,tarjeta_regalo
3089,3244,"2023-07-19 16:29:00",236.91,tarjeta_credito
3090,3245,"2023-12-05 10:25:00",106.95,paypal
3091,3246,"2023-07-08 06:50:00",257.93,tarjeta_regalo
3092,3247,"2023-10-23 14:41:00",74.97,tarjeta_credito
3093,3248,"2023-12-18 03:31:00",448.91,transferencia
3094,3249,"2023-04-18 14:20:00",607.92,tarjeta_regalo
3095,3250,"2023-07-30 21:35:00",459.94,tarjeta_credito
3096,3251,"2023-03-21 20:39:00",262.93,paypal
3097,3252,"2023-10-26 18:08:00",844.93,tarjeta_credito
3098,3253,"2023-08-05 23:26:00",89.99,transferencia
3099,3254,"2023-04-04 07:17:00",419.97,tarjeta_regalo
3100,3255,"2022-07-27 00:58:00",779.91,tarjeta_regalo
3101,3256,"2023-01-26 09:37:00",71.96,tarjeta_regalo
3102,3257,"2022-03-22 14:01:00",137.97,tarjeta_credito
3103,3258,"2021-06-27 03:31:00",203.96,tarjeta_credito
3104,3259,"2023-04-13 12:12:00",297.97,paypal
3105,3260,"2023-05-31 03:04:00",9.99,transferencia
3106,3261,"2022-01-22 04:20:00",794.91,paypal
3107,3263,"2023-07-03 03:12:00",262.91,paypal
3108,3264,"2022-08-31 16:12:00",116.92,paypal
3109,3265,"2023-02-20 19:34:00",678.90,transferencia
3110,3266,"2023-06-20 06:53:00",58.97,paypal
3111,3267,"2023-10-19 13:15:00",447.90,tarjeta_regalo
3112,3268,"2023-10-25 00:13:00",44.97,tarjeta_credito
3113,3269,"2022-09-01 22:22:00",158.94,tarjeta_credito
3114,3270,"2023-03-04 00:47:00",45.98,tarjeta_regalo
3115,3271,"2022-11-30 00:51:00",22.99,transferencia
3116,3272,"2023-01-28 09:02:00",12.99,transferencia
3117,3273,"2022-10-08 23:30:00",159.98,tarjeta_credito
3118,3274,"2023-07-02 00:45:00",377.97,tarjeta_credito
3119,3275,"2023-04-05 00:32:00",289.89,tarjeta_regalo
3120,3276,"2023-06-07 19:14:00",288.92,tarjeta_credito
3121,3277,"2023-06-02 15:12:00",144.95,tarjeta_credito
3122,3278,"2022-10-01 16:23:00",215.95,paypal
3123,3279,"2023-01-04 20:18:00",208.94,paypal
3124,3280,"2023-04-24 10:11:00",205.96,paypal
3125,3281,"2023-07-13 18:25:00",145.94,transferencia
3126,3282,"2022-07-19 18:14:00",354.90,tarjeta_regalo
3127,3283,"2023-05-25 20:19:00",214.92,paypal
3128,3284,"2022-07-14 05:46:00",372.94,transferencia
3129,3285,"2023-03-08 18:25:00",220.91,tarjeta_regalo
3130,3286,"2022-06-28 13:29:00",252.94,tarjeta_credito
3131,3287,"2023-12-07 21:29:00",459.95,tarjeta_regalo
3132,3288,"2022-07-16 23:35:00",70.96,transferencia
3133,3290,"2023-09-24 07:57:00",299.94,transferencia
3134,3291,"2022-11-17 21:42:00",179.93,tarjeta_regalo
3135,3292,"2023-02-18 17:47:00",489.92,tarjeta_credito
3136,3293,"2022-01-05 00:40:00",454.92,transferencia
3137,3294,"2022-06-30 10:27:00",889.95,transferencia
3138,3295,"2023-05-06 20:16:00",189.97,tarjeta_regalo
3139,3296,"2023-03-05 02:31:00",555.92,transferencia
3140,3297,"2023-09-12 09:55:00",249.92,tarjeta_regalo
3141,3298,"2022-11-30 11:55:00",65.98,tarjeta_regalo
3142,3299,"2022-12-25 23:27:00",643.96,paypal
3143,3300,"2022-08-29 10:28:00",52.97,transferencia
3144,3301,"2023-10-18 20:01:00",137.94,paypal
3145,3302,"2023-10-17 22:49:00",1004.95,transferencia
3146,3303,"2023-04-15 23:23:00",639.93,transferencia
3147,3305,"2023-11-02 07:07:00",299.98,paypal
3148,3306,"2022-11-04 06:43:00",65.96,paypal
3149,3307,"2023-05-19 23:49:00",37.98,transferencia
3150,3308,"2023-11-13 00:08:00",614.91,paypal
3151,3309,"2022-11-23 04:15:00",17.99,paypal
3152,3311,"2022-09-06 03:12:00",174.92,transferencia
3153,3312,"2023-06-05 12:57:00",152.96,tarjeta_credito
3154,3313,"2023-09-04 13:48:00",17.99,tarjeta_credito
3155,3314,"2022-10-26 09:51:00",360.93,tarjeta_regalo
3156,3315,"2022-09-20 08:26:00",65.98,tarjeta_credito
3157,3316,"2023-07-30 23:16:00",77.97,tarjeta_credito
3158,3317,"2022-10-06 21:35:00",122.94,paypal
3159,3318,"2022-06-14 09:36:00",133.94,tarjeta_regalo
3160,3319,"2023-04-18 06:12:00",450.92,tarjeta_credito
3161,3320,"2023-07-27 20:57:00",47.97,tarjeta_credito
3162,3322,"2022-12-21 12:18:00",169.96,tarjeta_regalo
3163,3323,"2023-06-26 01:15:00",224.91,transferencia
3164,3324,"2023-07-25 20:34:00",29.97,tarjeta_regalo
3165,3325,"2022-07-05 10:32:00",173.97,tarjeta_credito
3166,3326,"2022-12-05 14:44:00",499.95,transferencia
3167,3327,"2022-12-30 05:30:00",179.99,transferencia
3168,3328,"2023-10-09 05:19:00",127.92,transferencia
3169,3329,"2023-04-23 13:38:00",22.99,paypal
3170,3330,"2023-01-23 11:34:00",1274.92,transferencia
3171,3331,"2023-07-11 22:12:00",354.93,tarjeta_credito
3172,3332,"2023-12-07 14:06:00",204.95,paypal
3173,3333,"2022-05-11 13:45:00",135.96,tarjeta_credito
3174,3334,"2023-02-26 11:52:00",773.93,paypal
3175,3336,"2022-08-22 18:30:00",218.91,tarjeta_credito
3176,3337,"2022-07-12 15:24:00",233.95,tarjeta_credito
3177,3338,"2023-09-15 10:15:00",31.98,tarjeta_credito
3178,3339,"2023-08-10 11:56:00",130.97,paypal
3179,3340,"2022-09-29 14:17:00",215.96,paypal
3180,3341,"2023-03-19 03:51:00",498.94,paypal
3181,3342,"2023-10-09 23:34:00",79.98,tarjeta_regalo
3182,3343,"2021-11-12 22:54:00",129.93,tarjeta_regalo
3183,3344,"2022-12-23 16:31:00",57.97,tarjeta_credito
3184,3345,"2023-03-28 10:55:00",575.93,tarjeta_regalo
3185,3346,"2023-06-24 20:46:00",129.98,tarjeta_regalo
3186,3347,"2021-12-29 04:46:00",215.91,paypal
3187,3349,"2023-10-10 13:00:00",99.98,paypal
3188,3350,"2022-08-28 22:00:00",246.95,tarjeta_regalo
3189,3351,"2023-05-17 04:00:00",22.99,paypal
3190,3352,"2022-06-17 09:43:00",463.93,tarjeta_credito
3191,3353,"2023-08-15 02:15:00",299.97,transferencia
3192,3354,"2023-01-31 21:35:00",607.94,transferencia
3193,3355,"2022-03-11 03:26:00",386.93,paypal
3194,3356,"2023-08-01 13:01:00",184.95,tarjeta_credito
3195,3357,"2023-12-26 13:36:00",294.91,paypal
3196,3358,"2022-09-11 17:08:00",74.97,tarjeta_credito
3197,3359,"2022-12-13 21:08:00",629.94,transferencia
3198,3361,"2022-12-10 19:21:00",84.96,paypal
3199,3362,"2022-10-29 03:35:00",26.99,paypal
3200,3363,"2023-10-23 00:32:00",300.89,paypal
3201,3364,"2023-12-04 10:06:00",360.90,tarjeta_regalo
3202,3365,"2022-07-20 03:08:00",1588.89,tarjeta_credito
3203,3366,"2022-02-05 10:00:00",44.99,transferencia
3204,3367,"2022-11-05 15:40:00",301.93,transferencia
3205,3368,"2022-01-29 18:50:00",290.93,tarjeta_regalo
3206,3369,"2023-11-06 04:17:00",132.94,transferencia
3207,3371,"2023-01-20 10:20:00",519.96,tarjeta_credito
3208,3372,"2022-01-21 00:01:00",305.96,transferencia
3209,3373,"2022-03-23 00:36:00",487.91,paypal
3210,3374,"2022-11-11 11:29:00",199.98,tarjeta_regalo
3211,3375,"2023-06-16 00:24:00",1133.93,tarjeta_credito
3212,3376,"2022-11-10 15:16:00",16.99,tarjeta_credito
3213,3377,"2023-03-28 11:06:00",224.94,tarjeta_credito
3214,3378,"2023-12-14 00:16:00",269.97,paypal
3215,3379,"2023-01-28 19:25:00",83.96,tarjeta_credito
3216,3380,"2022-04-16 10:37:00",64.97,paypal
3217,3381,"2023-05-14 10:28:00",18.99,tarjeta_regalo
3218,3382,"2023-05-21 09:19:00",193.93,tarjeta_regalo
3219,3383,"2021-07-15 11:43:00",389.92,tarjeta_regalo
3220,3384,"2022-10-26 06:38:00",79.99,tarjeta_regalo
3221,3385,"2023-12-09 23:36:00",139.97,paypal
3222,3386,"2022-09-05 04:15:00",192.91,tarjeta_credito
3223,3387,"2022-02-20 03:35:00",549.95,tarjeta_credito
3224,3388,"2023-09-27 21:52:00",115.97,paypal
3225,3389,"2023-06-28 13:17:00",74.96,transferencia
3226,3390,"2023-12-04 20:57:00",64.95,transferencia
3227,3391,"2023-02-04 04:41:00",34.99,tarjeta_credito
3228,3393,"2023-10-01 19:48:00",45.98,tarjeta_regalo
3229,3394,"2023-03-13 21:14:00",254.94,tarjeta_regalo
3230,3395,"2023-12-16 18:34:00",989.95,tarjeta_credito
3231,3396,"2023-09-22 11:28:00",799.95,transferencia
3232,3397,"2023-01-26 12:26:00",304.96,tarjeta_regalo
3233,3398,"2023-06-17 12:36:00",239.94,paypal
3234,3399,"2022-04-26 12:33:00",519.95,transferencia
3235,3400,"2023-09-07 05:30:00",164.95,paypal
3236,3401,"2023-11-19 10:19:00",1008.91,paypal
3237,3402,"2023-10-30 15:47:00",89.98,transferencia
3238,3403,"2023-03-28 19:33:00",224.97,tarjeta_credito
3239,3404,"2022-12-01 11:54:00",14.99,paypal
3240,3406,"2023-03-21 01:39:00",22.98,paypal
3241,3407,"2023-07-05 20:33:00",143.95,paypal
3242,3408,"2023-05-18 10:53:00",139.94,tarjeta_regalo
3243,3409,"2022-07-16 23:29:00",1119.94,transferencia
3244,3411,"2023-07-05 09:41:00",44.99,paypal
3245,3412,"2022-07-21 18:02:00",122.95,transferencia
3246,3413,"2023-02-14 03:14:00",279.95,paypal
3247,3414,"2023-01-18 01:22:00",164.96,tarjeta_credito
3248,3415,"2022-04-14 17:32:00",135.95,tarjeta_credito
3249,3416,"2023-07-26 07:39:00",185.92,transferencia
3250,3417,"2023-06-23 13:12:00",54.97,tarjeta_credito
3251,3418,"2023-10-01 11:15:00",1038.92,transferencia
3252,3419,"2023-09-14 07:52:00",279.90,transferencia
3253,3420,"2023-12-23 04:30:00",579.93,tarjeta_regalo
3254,3421,"2023-05-31 05:10:00",389.97,tarjeta_credito
3255,3422,"2023-09-19 01:31:00",409.97,paypal
3256,3423,"2022-06-05 19:18:00",149.99,tarjeta_credito
3257,3424,"2021-06-15 05:49:00",538.91,paypal
3258,3425,"2022-03-27 23:02:00",437.94,transferencia
3259,3427,"2023-03-08 13:10:00",88.95,tarjeta_regalo
3260,3429,"2023-03-12 13:35:00",73.95,transferencia
3261,3430,"2023-02-02 23:29:00",235.97,transferencia
3262,3431,"2022-11-09 15:23:00",269.97,transferencia
3263,3432,"2023-05-31 18:16:00",69.97,tarjeta_regalo
3264,3433,"2022-03-24 13:05:00",49.98,tarjeta_regalo
3265,3434,"2023-01-23 09:00:00",53.97,tarjeta_regalo
3266,3435,"2023-10-12 01:59:00",439.92,transferencia
3267,3436,"2023-11-11 06:29:00",139.99,tarjeta_regalo
3268,3437,"2023-04-18 08:57:00",76.96,tarjeta_credito
3269,3438,"2022-09-24 15:31:00",211.94,transferencia
3270,3439,"2023-11-13 02:20:00",204.95,tarjeta_regalo
3271,3440,"2022-02-09 04:37:00",864.92,tarjeta_credito
3272,3441,"2021-12-02 11:15:00",149.96,transferencia
3273,3442,"2022-12-01 22:35:00",104.94,tarjeta_regalo
3274,3443,"2023-05-12 00:17:00",398.93,transferencia
3275,3445,"2022-12-21 04:56:00",80.97,tarjeta_regalo
3276,3446,"2022-11-03 22:50:00",419.97,paypal
3277,3447,"2022-12-24 19:49:00",199.94,tarjeta_regalo
3278,3448,"2023-01-04 14:51:00",26.99,transferencia
3279,3449,"2023-01-16 00:50:00",74.95,transferencia
3280,3450,"2023-10-06 15:37:00",341.95,transferencia
3281,3451,"2023-09-01 04:05:00",238.94,tarjeta_regalo
3282,3452,"2022-04-21 01:23:00",189.95,transferencia
3283,3453,"2022-05-26 01:28:00",464.96,paypal
3284,3454,"2023-10-03 00:22:00",470.94,tarjeta_regalo
3285,3455,"2021-08-21 09:45:00",146.94,paypal
3286,3456,"2023-03-29 12:16:00",209.97,tarjeta_regalo
3287,3457,"2023-08-25 16:31:00",45.98,tarjeta_regalo
3288,3458,"2023-07-08 00:40:00",48.97,tarjeta_regalo
3289,3459,"2022-05-07 16:28:00",354.91,tarjeta_credito
3290,3460,"2023-10-31 03:00:00",238.90,paypal
3291,3461,"2022-05-02 05:56:00",67.98,transferencia
3292,3462,"2023-11-09 16:14:00",155.91,paypal
3293,3463,"2022-09-11 11:18:00",49.98,paypal
3294,3464,"2022-05-24 09:28:00",119.96,tarjeta_credito
3295,3465,"2023-03-20 11:16:00",378.90,tarjeta_credito
3296,3466,"2023-10-31 14:05:00",77.96,paypal
3297,3467,"2022-12-28 03:46:00",233.91,paypal
3298,3469,"2022-02-22 17:37:00",63.97,tarjeta_credito
3299,3471,"2023-01-25 04:02:00",9.99,tarjeta_regalo
3300,3472,"2023-10-03 01:17:00",167.95,tarjeta_credito
3301,3473,"2022-08-02 02:10:00",128.94,transferencia
3302,3474,"2022-12-06 03:54:00",269.97,tarjeta_regalo
3303,3475,"2023-07-03 23:38:00",61.96,tarjeta_credito
3304,3476,"2023-07-29 23:16:00",524.94,paypal
3305,3477,"2023-08-14 02:53:00",650.91,transferencia
3306,3478,"2023-09-27 10:15:00",303.93,tarjeta_regalo
3307,3479,"2023-09-30 20:22:00",509.93,tarjeta_regalo
3308,3480,"2022-12-20 10:08:00",21.99,transferencia
3309,3481,"2023-03-08 18:58:00",443.94,tarjeta_regalo
3310,3482,"2022-04-03 15:43:00",149.99,paypal
3311,3483,"2021-11-23 15:06:00",132.96,tarjeta_credito
3312,3484,"2023-11-26 11:27:00",287.93,paypal
3313,3485,"2023-10-22 02:55:00",149.99,tarjeta_regalo
3314,3486,"2023-11-03 02:13:00",230.90,transferencia
3315,3487,"2023-04-11 10:48:00",385.89,paypal
3316,3488,"2023-07-29 01:28:00",83.97,transferencia
3317,3489,"2023-12-08 09:02:00",124.94,tarjeta_credito
3318,3490,"2023-10-31 19:49:00",388.92,tarjeta_regalo
3319,3491,"2022-01-02 03:28:00",193.92,tarjeta_regalo
3320,3492,"2022-10-31 08:49:00",85.96,tarjeta_credito
3321,3493,"2021-12-19 07:50:00",149.93,tarjeta_credito
3322,3494,"2023-08-15 00:20:00",249.99,tarjeta_regalo
3323,3495,"2023-12-05 11:14:00",321.92,tarjeta_credito
3324,3496,"2022-02-23 14:46:00",45.98,paypal
3325,3497,"2022-08-29 02:31:00",61.96,paypal
3326,3498,"2021-08-14 16:02:00",84.99,tarjeta_credito
3327,3499,"2022-05-29 16:37:00",731.90,transferencia
3328,3500,"2021-05-05 06:04:00",314.92,paypal
3329,3501,"2022-10-05 02:46:00",94.96,tarjeta_regalo
3330,3502,"2023-10-16 22:58:00",149.98,tarjeta_regalo
3331,3504,"2023-05-25 04:59:00",134.97,transferencia
3332,3505,"2022-09-18 13:28:00",66.96,tarjeta_regalo
3333,3506,"2022-02-28 11:06:00",117.97,transferencia
3334,3507,"2023-12-24 18:24:00",571.90,tarjeta_regalo
3335,3508,"2023-11-05 05:17:00",15.99,tarjeta_credito
3336,3509,"2023-07-27 21:07:00",89.97,transferencia
3337,3510,"2023-06-05 06:38:00",217.97,paypal
3338,3512,"2023-03-08 21:59:00",141.95,paypal
3339,3513,"2023-06-18 07:37:00",439.93,paypal
3340,3514,"2023-05-23 03:19:00",79.98,transferencia
3341,3515,"2022-06-20 09:29:00",89.96,tarjeta_regalo
3342,3516,"2023-06-04 21:47:00",372.97,transferencia
3343,3517,"2023-06-18 15:04:00",394.94,tarjeta_credito
3344,3518,"2023-10-07 20:37:00",97.95,tarjeta_regalo
3345,3519,"2022-12-21 15:55:00",80.97,tarjeta_regalo
3346,3520,"2023-02-15 06:09:00",338.93,paypal
3347,3521,"2022-10-25 19:16:00",199.96,paypal
3348,3522,"2023-09-17 16:52:00",85.95,tarjeta_regalo
3349,3523,"2022-11-22 18:03:00",81.95,transferencia
3350,3524,"2021-12-19 18:39:00",68.97,paypal
3351,3525,"2021-08-24 04:20:00",921.91,transferencia
3352,3526,"2023-08-14 21:05:00",212.96,tarjeta_credito
3353,3527,"2023-10-02 15:25:00",38.97,paypal
3354,3528,"2022-03-12 01:40:00",635.93,tarjeta_regalo
3355,3529,"2023-06-24 21:29:00",38.97,paypal
3356,3530,"2023-12-09 02:41:00",1167.92,tarjeta_regalo
3357,3531,"2023-03-16 09:29:00",644.88,tarjeta_regalo
3358,3533,"2023-04-09 13:23:00",29.97,transferencia
3359,3534,"2021-12-27 06:32:00",484.92,transferencia
3360,3536,"2022-11-25 16:56:00",14.99,tarjeta_credito
3361,3537,"2023-04-14 22:40:00",39.99,tarjeta_regalo
3362,3538,"2023-05-01 06:44:00",209.97,tarjeta_regalo
3363,3539,"2022-08-26 01:38:00",89.98,paypal
3364,3540,"2023-08-21 14:35:00",17.99,tarjeta_regalo
3365,3541,"2023-02-06 12:52:00",102.98,tarjeta_regalo
3366,3542,"2023-06-12 08:17:00",648.92,tarjeta_credito
3367,3543,"2023-08-15 01:57:00",1183.89,transferencia
3368,3544,"2023-07-20 07:32:00",64.95,transferencia
3369,3545,"2022-03-03 01:41:00",205.96,paypal
3370,3546,"2022-05-27 02:57:00",18.99,paypal
3371,3547,"2023-07-26 05:20:00",56.97,tarjeta_regalo
3372,3548,"2023-09-16 16:38:00",75.97,tarjeta_credito
3373,3549,"2023-07-29 00:38:00",134.96,transferencia
3374,3550,"2023-11-27 21:19:00",119.93,tarjeta_credito
3375,3551,"2023-05-11 17:05:00",134.97,transferencia
3376,3552,"2022-12-26 00:17:00",49.98,paypal
3377,3553,"2022-10-24 10:47:00",188.94,paypal
3378,3554,"2023-04-08 02:50:00",339.92,tarjeta_regalo
3379,3555,"2022-11-06 14:31:00",9.99,tarjeta_credito
3380,3556,"2022-02-05 17:51:00",149.99,paypal
3381,3557,"2022-09-07 01:48:00",35.98,transferencia
3382,3558,"2022-07-17 15:09:00",929.95,paypal
3383,3559,"2023-10-13 08:44:00",614.97,paypal
3384,3560,"2023-02-10 15:34:00",285.92,tarjeta_regalo
3385,3561,"2023-10-27 01:06:00",21.99,paypal
3386,3562,"2022-03-14 01:00:00",613.92,paypal
3387,3564,"2023-07-19 11:55:00",124.93,tarjeta_regalo
3388,3565,"2022-12-09 05:34:00",920.91,transferencia
3389,3566,"2023-12-10 02:11:00",158.93,transferencia
3390,3567,"2022-08-20 19:26:00",985.91,paypal
3391,3568,"2023-11-07 08:19:00",434.95,paypal
3392,3569,"2023-06-13 21:46:00",270.91,transferencia
3393,3570,"2023-04-27 17:01:00",445.90,tarjeta_credito
3394,3571,"2022-07-27 02:36:00",314.95,paypal
3395,3572,"2023-04-14 02:33:00",519.92,paypal
3396,3573,"2023-08-31 03:23:00",179.98,transferencia
3397,3574,"2023-05-20 18:37:00",412.90,tarjeta_regalo
3398,3575,"2023-03-24 20:27:00",176.90,tarjeta_credito
3399,3577,"2022-09-02 19:23:00",12.99,paypal
3400,3578,"2023-10-29 19:18:00",130.95,tarjeta_credito
3401,3579,"2023-06-05 00:32:00",309.94,tarjeta_credito
3402,3580,"2023-02-10 10:05:00",817.91,tarjeta_regalo
3403,3581,"2023-11-28 22:21:00",27.99,tarjeta_credito
3404,3582,"2023-06-26 02:40:00",200.93,paypal
3405,3583,"2023-07-10 19:53:00",149.97,transferencia
3406,3584,"2023-11-10 11:27:00",52.96,tarjeta_regalo
3407,3585,"2022-03-24 13:40:00",342.91,tarjeta_regalo
3408,3586,"2023-07-25 22:42:00",342.93,paypal
3409,3587,"2022-03-10 14:44:00",378.90,transferencia
3410,3588,"2022-12-25 09:07:00",399.92,transferencia
3411,3589,"2022-11-26 09:06:00",54.96,tarjeta_credito
3412,3590,"2022-11-25 06:40:00",48.97,tarjeta_regalo
3413,3591,"2023-07-07 04:18:00",214.97,paypal
3414,3592,"2021-12-08 00:13:00",184.95,paypal
3415,3594,"2023-07-05 20:55:00",239.94,tarjeta_credito
3416,3595,"2023-07-18 22:30:00",74.97,paypal
3417,3596,"2023-10-21 03:37:00",39.99,paypal
3418,3597,"2023-10-24 12:59:00",92.96,paypal
3419,3598,"2023-12-25 19:43:00",257.94,tarjeta_regalo
3420,3599,"2021-11-21 14:48:00",147.94,paypal
3421,3600,"2023-10-25 14:39:00",22.99,tarjeta_credito
3422,3601,"2023-12-28 23:47:00",598.91,transferencia
3423,3603,"2023-11-25 02:18:00",613.93,transferencia
3424,3604,"2023-04-01 09:18:00",178.95,transferencia
3425,3605,"2022-07-23 22:22:00",320.94,tarjeta_credito
3426,3606,"2023-12-06 21:19:00",388.94,transferencia
3427,3607,"2023-08-29 05:37:00",512.95,tarjeta_regalo
3428,3608,"2023-06-26 07:20:00",218.92,tarjeta_regalo
3429,3609,"2023-09-15 16:59:00",182.97,tarjeta_regalo
3430,3610,"2022-04-12 16:33:00",65.97,paypal
3431,3611,"2022-11-26 03:21:00",163.94,transferencia
3432,3612,"2022-06-09 16:30:00",88.96,paypal
3433,3613,"2023-08-19 05:17:00",218.94,paypal
3434,3614,"2021-10-03 04:32:00",96.97,tarjeta_credito
3435,3615,"2023-11-10 05:30:00",74.97,tarjeta_regalo
3436,3616,"2022-03-21 02:16:00",297.90,tarjeta_credito
3437,3617,"2022-10-29 17:23:00",305.93,paypal
3438,3618,"2022-12-18 08:17:00",19.99,paypal
3439,3619,"2023-09-10 13:56:00",34.97,tarjeta_credito
3440,3620,"2023-12-24 01:53:00",309.92,transferencia
3441,3621,"2022-03-03 13:43:00",139.94,tarjeta_credito
3442,3622,"2022-01-01 17:21:00",237.89,tarjeta_credito
3443,3623,"2023-08-24 09:48:00",226.93,paypal
3444,3624,"2022-07-23 04:24:00",249.99,tarjeta_credito
3445,3625,"2023-09-04 00:53:00",49.99,paypal
3446,3626,"2023-08-25 11:42:00",24.99,transferencia
3447,3627,"2022-05-07 14:11:00",239.97,tarjeta_credito
3448,3628,"2021-11-20 21:05:00",42.98,tarjeta_regalo
3449,3629,"2023-07-19 09:26:00",899.97,transferencia
3450,3630,"2022-06-04 06:46:00",369.91,tarjeta_regalo
3451,3631,"2023-12-09 09:01:00",31.98,tarjeta_regalo
3452,3632,"2023-06-24 10:51:00",356.91,tarjeta_regalo
3453,3633,"2023-11-12 11:07:00",53.97,paypal
3454,3634,"2022-10-15 22:12:00",714.92,transferencia
3455,3635,"2023-09-07 21:45:00",297.96,tarjeta_credito
3456,3636,"2023-11-26 21:54:00",464.94,tarjeta_credito
3457,3637,"2022-09-03 03:10:00",649.97,tarjeta_regalo
3458,3638,"2023-06-05 03:46:00",67.97,paypal
3459,3639,"2023-06-01 08:36:00",524.94,transferencia
3460,3640,"2023-03-10 04:03:00",320.93,tarjeta_regalo
3461,3641,"2022-10-24 05:17:00",209.92,transferencia
3462,3642,"2022-10-05 05:50:00",454.93,transferencia
3463,3643,"2023-05-05 13:15:00",426.92,paypal
3464,3644,"2022-05-05 14:43:00",373.92,transferencia
3465,3645,"2023-06-12 07:13:00",342.93,transferencia
3466,3646,"2023-10-08 18:23:00",141.96,paypal
3467,3647,"2023-04-29 21:49:00",116.97,paypal
3468,3648,"2022-01-12 08:50:00",141.96,tarjeta_credito
3469,3649,"2022-07-06 22:25:00",321.96,transferencia
3470,3650,"2021-04-05 00:59:00",249.93,tarjeta_regalo
3471,3651,"2023-05-14 07:39:00",509.93,tarjeta_credito
3472,3652,"2023-06-04 16:54:00",322.91,tarjeta_regalo
3473,3653,"2022-09-19 15:26:00",203.94,paypal
3474,3654,"2023-01-07 13:10:00",308.93,transferencia
3475,3655,"2022-01-12 12:44:00",826.91,paypal
3476,3656,"2023-05-10 17:07:00",1189.92,transferencia
3477,3657,"2023-11-29 04:02:00",225.95,tarjeta_regalo
3478,3658,"2023-02-18 07:08:00",152.94,transferencia
3479,3659,"2023-05-05 15:33:00",424.94,tarjeta_regalo
3480,3660,"2021-11-19 08:32:00",56.97,tarjeta_credito
3481,3661,"2022-11-19 14:08:00",379.93,tarjeta_credito
3482,3662,"2022-02-17 14:40:00",149.97,tarjeta_regalo
3483,3663,"2023-05-20 05:57:00",12.99,tarjeta_regalo
3484,3664,"2022-08-12 04:02:00",89.96,transferencia
3485,3665,"2022-06-27 00:06:00",785.93,paypal
3486,3666,"2022-12-13 14:19:00",105.93,tarjeta_regalo
3487,3667,"2021-04-14 09:25:00",179.98,paypal
3488,3668,"2023-07-06 18:07:00",27.99,transferencia
3489,3669,"2023-09-15 14:53:00",112.96,tarjeta_regalo
3490,3670,"2022-09-28 10:11:00",133.96,paypal
3491,3671,"2023-05-31 11:39:00",45.98,paypal
3492,3672,"2023-07-13 06:46:00",248.93,tarjeta_credito
3493,3673,"2023-09-18 16:45:00",201.95,tarjeta_regalo
3494,3674,"2023-09-19 14:25:00",25.98,tarjeta_regalo
3495,3675,"2023-06-18 21:38:00",16.99,tarjeta_regalo
3496,3676,"2023-10-26 23:31:00",69.99,transferencia
3497,3677,"2021-07-21 14:03:00",244.94,paypal
3498,3678,"2023-12-25 07:30:00",525.91,tarjeta_credito
3499,3679,"2023-06-28 18:20:00",241.94,paypal
3500,3680,"2023-12-23 22:20:00",223.93,paypal
3501,3681,"2023-04-15 10:52:00",139.99,transferencia
3502,3683,"2022-11-29 15:45:00",344.94,transferencia
3503,3684,"2023-08-31 18:48:00",71.98,tarjeta_regalo
3504,3685,"2022-02-13 10:47:00",188.94,tarjeta_regalo
3505,3686,"2022-10-28 12:02:00",185.92,tarjeta_credito
3506,3687,"2022-08-31 17:46:00",266.94,transferencia
3507,3688,"2023-08-01 23:32:00",544.91,tarjeta_credito
3508,3689,"2023-01-03 06:47:00",1239.89,tarjeta_regalo
3509,3690,"2021-10-04 21:36:00",111.94,transferencia
3510,3691,"2022-12-03 05:59:00",759.93,tarjeta_regalo
3511,3692,"2023-01-19 08:53:00",297.96,paypal
3512,3693,"2022-10-25 00:32:00",69.96,paypal
3513,3694,"2023-06-21 19:36:00",324.97,paypal
3514,3695,"2023-05-27 00:43:00",295.91,tarjeta_regalo
3515,3696,"2022-09-17 05:48:00",823.93,paypal
3516,3697,"2022-10-04 01:48:00",59.97,tarjeta_credito
3517,3698,"2023-02-03 13:26:00",429.92,tarjeta_regalo
3518,3699,"2023-09-24 15:29:00",95.93,transferencia
3519,3700,"2023-09-21 03:39:00",171.95,transferencia
3520,3701,"2023-01-16 08:21:00",246.93,tarjeta_regalo
3521,3702,"2023-08-02 19:14:00",1207.92,tarjeta_credito
3522,3703,"2022-09-30 18:45:00",251.94,paypal
3523,3704,"2023-08-15 07:56:00",104.97,tarjeta_credito
3524,3705,"2021-06-19 12:23:00",274.93,tarjeta_regalo
3525,3706,"2023-04-10 07:28:00",269.97,tarjeta_regalo
3526,3708,"2023-12-21 12:37:00",174.98,tarjeta_credito
3527,3710,"2022-12-03 00:21:00",209.95,paypal
3528,3711,"2022-05-30 21:14:00",419.91,tarjeta_credito
3529,3712,"2023-07-03 01:20:00",43.98,transferencia
3530,3713,"2021-08-10 12:03:00",130.94,tarjeta_regalo
3531,3714,"2023-09-16 22:12:00",552.92,tarjeta_regalo
3532,3715,"2023-08-18 03:09:00",187.92,transferencia
3533,3717,"2021-10-27 22:40:00",419.97,paypal
3534,3718,"2022-10-12 07:27:00",249.96,transferencia
3535,3719,"2023-05-09 05:28:00",149.97,transferencia
3536,3720,"2022-09-22 00:09:00",65.97,paypal
3537,3721,"2023-11-12 15:42:00",59.98,tarjeta_regalo
3538,3722,"2022-05-16 23:53:00",49.98,transferencia
3539,3723,"2023-06-04 07:57:00",85.97,transferencia
3540,3724,"2022-10-17 22:42:00",384.95,transferencia
3541,3725,"2023-11-27 17:19:00",233.91,transferencia
3542,3726,"2023-08-14 08:09:00",297.94,paypal
3543,3727,"2023-06-20 03:18:00",96.95,transferencia
3544,3728,"2023-06-16 05:22:00",297.92,tarjeta_regalo
3545,3729,"2022-09-20 17:18:00",188.94,transferencia
3546,3730,"2023-04-02 14:06:00",169.97,transferencia
3547,3731,"2023-05-30 03:08:00",129.94,tarjeta_regalo
3548,3732,"2023-01-31 15:23:00",414.95,tarjeta_regalo
3549,3733,"2023-11-22 04:01:00",332.91,paypal
3550,3734,"2023-04-23 00:20:00",443.91,paypal
3551,3735,"2022-10-02 05:01:00",133.96,paypal
3552,3736,"2023-06-13 18:59:00",146.91,tarjeta_regalo
3553,3737,"2022-11-26 00:35:00",635.92,transferencia
3554,3738,"2023-01-18 05:02:00",94.95,tarjeta_credito
3555,3739,"2023-02-06 21:11:00",159.95,transferencia
3556,3740,"2022-09-25 14:23:00",419.97,tarjeta_regalo
3557,3741,"2022-09-26 05:15:00",417.91,paypal
3558,3742,"2022-11-14 19:11:00",93.95,paypal
3559,3743,"2023-08-05 06:42:00",501.96,paypal
3560,3744,"2023-08-16 03:16:00",354.93,tarjeta_regalo
3561,3745,"2022-12-31 04:00:00",195.93,tarjeta_credito
3562,3746,"2022-10-15 15:47:00",97.94,tarjeta_regalo
3563,3748,"2023-07-25 01:36:00",216.93,tarjeta_credito
3564,3749,"2023-08-29 03:05:00",159.98,tarjeta_regalo
3565,3750,"2023-01-14 03:27:00",45.98,transferencia
3566,3751,"2023-11-09 03:30:00",1164.90,tarjeta_credito
3567,3752,"2022-04-05 05:39:00",29.97,transferencia
3568,3753,"2022-03-24 05:16:00",69.98,transferencia
3569,3754,"2022-06-08 15:20:00",154.97,transferencia
3570,3755,"2023-04-06 10:40:00",357.92,tarjeta_regalo
3571,3757,"2022-04-03 01:02:00",81.96,paypal
3572,3758,"2022-01-09 21:28:00",517.92,tarjeta_regalo
3573,3759,"2023-05-01 01:34:00",178.92,tarjeta_credito
3574,3760,"2023-11-03 12:55:00",608.94,tarjeta_credito
3575,3761,"2023-08-01 17:22:00",73.96,paypal
3576,3762,"2023-10-27 07:46:00",18.99,paypal
3577,3763,"2022-06-30 23:16:00",29.97,tarjeta_credito
3578,3764,"2023-10-18 09:44:00",89.97,tarjeta_regalo
3579,3765,"2023-10-06 16:46:00",351.91,transferencia
3580,3766,"2023-09-07 19:00:00",22.99,paypal
3581,3767,"2023-07-17 07:44:00",435.95,tarjeta_credito
3582,3768,"2023-11-22 11:37:00",149.97,transferencia
3583,3770,"2023-06-06 18:02:00",44.97,transferencia
3584,3771,"2023-09-24 05:01:00",9.99,transferencia
3585,3772,"2022-09-17 02:05:00",554.95,paypal
3586,3773,"2023-09-07 13:22:00",133.95,paypal
3587,3774,"2022-05-28 13:45:00",599.98,tarjeta_regalo
3588,3775,"2023-11-25 18:38:00",68.97,paypal
3589,3776,"2022-06-25 02:50:00",335.95,transferencia
3590,3777,"2023-04-26 21:31:00",69.98,tarjeta_credito
3591,3778,"2022-08-12 02:07:00",269.97,transferencia
3592,3779,"2023-02-23 18:39:00",347.97,paypal
3593,3780,"2021-09-26 12:20:00",96.94,paypal
3594,3781,"2021-12-11 08:03:00",159.99,paypal
3595,3782,"2022-03-16 02:57:00",82.97,paypal
3596,3783,"2021-05-19 00:30:00",165.94,tarjeta_credito
3597,3784,"2021-12-22 02:57:00",429.95,tarjeta_regalo
3598,3785,"2022-11-26 12:02:00",179.98,tarjeta_credito
3599,3786,"2022-12-12 21:51:00",49.99,paypal
3600,3787,"2023-07-28 22:23:00",79.98,tarjeta_regalo
3601,3788,"2023-03-07 05:43:00",433.90,tarjeta_regalo
3602,3789,"2023-10-17 17:34:00",468.94,tarjeta_regalo
3603,3791,"2023-10-09 07:39:00",144.95,transferencia
3604,3792,"2022-09-17 07:10:00",68.97,tarjeta_credito
3605,3793,"2023-10-02 08:12:00",279.98,paypal
3606,3794,"2021-08-27 15:30:00",179.98,paypal
3607,3795,"2022-09-14 13:06:00",273.90,tarjeta_regalo
3608,3796,"2023-08-09 19:27:00",158.94,tarjeta_credito
3609,3797,"2023-01-08 08:33:00",285.95,tarjeta_regalo
3610,3799,"2022-12-11 08:04:00",79.98,tarjeta_credito
3611,3800,"2021-08-19 15:01:00",24.99,transferencia
3612,3801,"2023-09-10 02:47:00",1535.93,tarjeta_regalo
3613,3802,"2022-04-01 04:48:00",79.98,tarjeta_credito
3614,3803,"2023-08-24 16:40:00",506.94,transferencia
3615,3804,"2023-06-08 15:04:00",272.94,paypal
3616,3805,"2022-08-13 19:40:00",279.98,tarjeta_regalo
3617,3806,"2022-07-22 19:48:00",335.95,transferencia
3618,3807,"2022-07-22 12:49:00",211.95,tarjeta_credito
3619,3808,"2023-02-03 12:23:00",443.92,paypal
3620,3811,"2023-06-17 18:49:00",299.92,paypal
3621,3812,"2023-06-21 14:21:00",91.96,tarjeta_credito
3622,3813,"2022-09-19 04:44:00",189.96,transferencia
3623,3814,"2022-04-30 18:14:00",474.92,tarjeta_credito
3624,3815,"2023-11-21 18:21:00",755.94,tarjeta_regalo
3625,3816,"2022-10-23 20:35:00",419.97,tarjeta_regalo
3626,3817,"2023-01-27 21:22:00",581.91,transferencia
3627,3818,"2023-01-18 07:10:00",544.92,tarjeta_regalo
3628,3819,"2023-08-23 09:12:00",272.95,paypal
3629,3820,"2023-02-11 23:57:00",385.94,tarjeta_credito
3630,3821,"2021-06-26 14:39:00",918.96,transferencia
3631,3822,"2023-07-29 03:21:00",223.91,tarjeta_credito
3632,3823,"2022-06-22 00:45:00",251.93,tarjeta_regalo
3633,3824,"2023-06-24 04:18:00",238.92,transferencia
3634,3825,"2023-09-23 16:04:00",88.95,tarjeta_credito
3635,3826,"2023-08-04 02:31:00",34.99,transferencia
3636,3827,"2023-11-10 17:55:00",683.91,tarjeta_credito
3637,3828,"2022-11-02 16:34:00",422.91,transferencia
3638,3829,"2023-06-27 01:47:00",223.93,tarjeta_regalo
3639,3830,"2023-07-12 05:41:00",96.95,transferencia
3640,3831,"2022-03-24 13:48:00",22.99,tarjeta_regalo
3641,3832,"2023-06-02 20:03:00",89.99,transferencia
3642,3833,"2022-12-03 13:40:00",47.97,paypal
3643,3834,"2023-08-01 01:57:00",35.98,paypal
3644,3835,"2022-07-13 00:33:00",203.93,tarjeta_regalo
3645,3836,"2021-12-24 09:15:00",919.93,transferencia
3646,3837,"2023-11-15 14:01:00",727.96,transferencia
3647,3838,"2022-10-01 11:54:00",319.92,transferencia
3648,3839,"2023-08-20 06:24:00",161.95,tarjeta_credito
3649,3840,"2023-05-30 06:09:00",106.95,tarjeta_regalo
3650,3841,"2022-01-24 13:45:00",59.97,transferencia
3651,3842,"2023-09-03 13:21:00",239.96,transferencia
3652,3843,"2022-11-16 02:56:00",44.99,tarjeta_regalo
3653,3844,"2023-12-28 03:47:00",65.98,tarjeta_credito
3654,3845,"2021-10-06 16:04:00",194.94,paypal
3655,3846,"2023-10-12 21:24:00",105.98,tarjeta_regalo
3656,3847,"2023-04-08 00:39:00",194.96,tarjeta_regalo
3657,3848,"2023-09-04 19:40:00",38.97,tarjeta_regalo
3658,3849,"2021-12-12 21:45:00",359.98,paypal
3659,3850,"2023-07-11 16:58:00",276.92,tarjeta_credito
3660,3851,"2022-06-06 19:06:00",629.92,paypal
3661,3852,"2023-12-30 02:06:00",312.97,tarjeta_regalo
3662,3853,"2023-10-28 19:06:00",186.93,tarjeta_credito
3663,3854,"2023-12-24 10:06:00",149.97,tarjeta_regalo
3664,3855,"2023-01-03 02:38:00",529.95,tarjeta_regalo
3665,3856,"2022-06-22 21:55:00",111.94,tarjeta_credito
3666,3857,"2023-08-14 13:31:00",599.98,transferencia
3667,3858,"2023-07-07 16:01:00",74.97,transferencia
3668,3859,"2023-10-27 14:33:00",429.92,tarjeta_regalo
3669,3860,"2022-08-17 14:16:00",90.97,tarjeta_regalo
3670,3861,"2023-08-31 05:47:00",215.95,transferencia
3671,3862,"2023-09-03 20:37:00",30.98,tarjeta_regalo
3672,3863,"2023-08-18 14:38:00",19.98,tarjeta_credito
3673,3864,"2023-05-01 22:10:00",229.94,paypal
3674,3865,"2022-09-03 04:43:00",305.94,transferencia
3675,3866,"2023-03-22 00:34:00",83.97,paypal
3676,3867,"2023-09-04 10:44:00",344.97,transferencia
3677,3868,"2023-09-14 13:17:00",689.92,paypal
3678,3869,"2023-11-15 23:13:00",141.96,paypal
3679,3870,"2023-04-19 16:06:00",132.93,paypal
3680,3871,"2021-08-29 04:26:00",104.97,transferencia
3681,3872,"2023-04-06 10:34:00",43.98,tarjeta_credito
3682,3873,"2023-04-16 08:01:00",44.99,tarjeta_regalo
3683,3874,"2023-03-06 05:38:00",176.94,tarjeta_regalo
3684,3875,"2023-05-26 06:38:00",59.98,tarjeta_credito
3685,3876,"2021-10-14 16:53:00",44.99,tarjeta_regalo
3686,3877,"2023-05-26 22:33:00",299.99,paypal
3687,3878,"2022-01-13 01:09:00",108.95,paypal
3688,3879,"2023-05-17 17:13:00",236.92,paypal
3689,3880,"2022-09-27 02:39:00",89.97,paypal
3690,3881,"2022-10-27 22:49:00",21.99,paypal
3691,3882,"2023-04-23 10:21:00",91.96,paypal
3692,3883,"2023-06-27 12:11:00",35.98,tarjeta_regalo
3693,3884,"2021-10-24 13:18:00",287.92,transferencia
3694,3885,"2023-12-11 20:13:00",219.92,transferencia
3695,3886,"2022-02-26 20:51:00",472.92,tarjeta_regalo
3696,3888,"2022-12-31 12:14:00",281.94,tarjeta_credito
3697,3889,"2023-09-20 14:09:00",44.97,tarjeta_regalo
3698,3890,"2022-10-10 17:22:00",65.97,tarjeta_credito
3699,3891,"2023-09-28 22:17:00",219.98,transferencia
3700,3892,"2022-01-12 07:22:00",109.95,paypal
3701,3893,"2022-01-05 09:41:00",134.96,paypal
3702,3894,"2022-10-22 22:28:00",54.99,tarjeta_credito
3703,3895,"2021-08-27 09:12:00",39.99,paypal
3704,3896,"2023-08-19 06:41:00",21.99,paypal
3705,3898,"2021-12-25 17:36:00",419.91,tarjeta_regalo
3706,3899,"2022-04-10 03:39:00",36.99,transferencia
3707,3900,"2023-09-24 04:57:00",68.96,paypal
3708,3901,"2023-05-02 04:40:00",665.91,paypal
3709,3902,"2023-01-17 17:51:00",29.98,tarjeta_regalo
3710,3903,"2022-09-28 02:47:00",250.91,transferencia
3711,3904,"2023-08-25 09:31:00",13.99,tarjeta_regalo
3712,3905,"2023-09-05 19:32:00",710.91,tarjeta_credito
3713,3906,"2023-07-24 23:30:00",854.92,tarjeta_regalo
3714,3907,"2022-09-18 00:21:00",485.94,paypal
3715,3908,"2023-11-20 05:16:00",213.95,tarjeta_credito
3716,3909,"2023-09-06 17:09:00",39.99,tarjeta_credito
3717,3910,"2022-06-04 22:58:00",191.93,tarjeta_regalo
3718,3911,"2021-12-28 10:31:00",574.90,tarjeta_credito
3719,3912,"2023-06-18 08:20:00",387.92,tarjeta_regalo
3720,3913,"2023-12-12 16:05:00",161.94,transferencia
3721,3914,"2022-09-06 06:41:00",635.91,tarjeta_credito
3722,3915,"2021-10-26 04:33:00",147.93,paypal
3723,3916,"2023-04-21 04:14:00",275.93,tarjeta_credito
3724,3917,"2023-04-08 16:15:00",305.91,tarjeta_credito
3725,3918,"2023-02-18 22:49:00",299.99,tarjeta_credito
3726,3919,"2021-12-08 01:32:00",399.94,tarjeta_regalo
3727,3920,"2023-11-17 06:33:00",467.92,paypal
3728,3921,"2022-11-17 20:37:00",194.94,tarjeta_regalo
3729,3923,"2022-05-30 03:49:00",79.98,tarjeta_credito
3730,3924,"2021-07-27 04:35:00",341.97,tarjeta_credito
3731,3925,"2023-08-31 19:45:00",89.98,transferencia
3732,3926,"2023-07-10 20:32:00",42.97,transferencia
3733,3927,"2023-10-15 19:19:00",178.92,paypal
3734,3928,"2022-02-21 19:26:00",468.94,paypal
3735,3929,"2022-12-17 14:08:00",473.95,tarjeta_credito
3736,3930,"2023-03-17 23:59:00",299.99,tarjeta_regalo
3737,3931,"2022-12-27 22:47:00",105.97,tarjeta_credito
3738,3932,"2023-07-12 21:33:00",231.96,paypal
3739,3933,"2023-09-11 14:44:00",109.93,tarjeta_credito
3740,3934,"2022-11-18 07:31:00",464.91,paypal
3741,3935,"2022-04-12 00:54:00",359.96,tarjeta_credito
3742,3936,"2022-08-31 09:06:00",319.95,tarjeta_regalo
3743,3937,"2023-09-04 18:05:00",284.94,tarjeta_regalo
3744,3938,"2023-10-01 17:40:00",83.97,tarjeta_regalo
3745,3939,"2023-04-13 05:33:00",186.90,transferencia
3746,3940,"2023-10-13 12:12:00",884.91,tarjeta_credito
3747,3941,"2022-12-18 10:14:00",258.91,tarjeta_credito
3748,3942,"2023-04-27 16:43:00",82.97,transferencia
3749,3943,"2023-11-03 04:17:00",18.99,transferencia
3750,3944,"2023-11-24 07:33:00",326.91,tarjeta_credito
3751,3945,"2023-06-25 10:57:00",149.97,tarjeta_regalo
3752,3946,"2022-04-22 08:00:00",56.97,paypal
3753,3947,"2023-06-23 22:08:00",248.94,tarjeta_regalo
3754,3948,"2022-01-01 01:06:00",1194.92,transferencia
3755,3949,"2023-01-17 03:48:00",21.99,tarjeta_regalo
3756,3950,"2023-10-13 13:56:00",104.97,transferencia
3757,3951,"2023-09-16 23:15:00",75.96,transferencia
3758,3952,"2022-01-12 13:52:00",254.94,transferencia
3759,3954,"2023-11-17 19:12:00",1309.94,tarjeta_credito
3760,3955,"2023-11-25 12:06:00",191.93,paypal
3761,3956,"2023-11-14 09:10:00",211.93,transferencia
3762,3957,"2023-07-05 22:37:00",75.97,transferencia
3763,3958,"2023-12-21 00:02:00",137.93,transferencia
3764,3959,"2023-05-31 14:49:00",89.99,tarjeta_regalo
3765,3960,"2023-08-02 15:31:00",539.94,tarjeta_regalo
3766,3961,"2023-05-03 02:41:00",89.95,tarjeta_regalo
3767,3962,"2023-08-23 01:45:00",569.94,tarjeta_regalo
3768,3963,"2023-09-02 03:35:00",207.97,tarjeta_credito
3769,3964,"2023-07-15 01:51:00",78.97,transferencia
3770,3965,"2023-10-16 18:47:00",21.99,tarjeta_credito
3771,3966,"2023-02-09 04:19:00",769.94,transferencia
3772,3967,"2021-05-15 12:04:00",353.95,tarjeta_credito
3773,3968,"2023-06-24 07:18:00",202.95,transferencia
3774,3969,"2023-06-13 06:48:00",45.98,transferencia
3775,3970,"2022-02-10 08:26:00",198.93,paypal
3776,3971,"2023-03-15 20:32:00",150.92,tarjeta_credito
3777,3972,"2023-05-28 18:04:00",103.93,tarjeta_regalo
3778,3973,"2022-09-19 06:47:00",289.95,transferencia
3779,3974,"2021-12-08 05:09:00",110.95,transferencia
3780,3975,"2021-07-11 07:24:00",110.97,tarjeta_credito
3781,3976,"2023-02-24 09:41:00",68.98,paypal
3782,3977,"2023-06-04 00:48:00",1169.92,transferencia
3783,3978,"2022-03-23 21:36:00",171.98,paypal
3784,3979,"2023-06-30 14:20:00",45.98,tarjeta_credito
3785,3980,"2023-01-16 11:24:00",14.99,transferencia
3786,3981,"2023-07-19 11:46:00",458.93,paypal
3787,3982,"2023-02-15 01:34:00",67.97,paypal
3788,3983,"2022-08-04 09:43:00",129.93,transferencia
3789,3984,"2023-04-14 12:35:00",198.91,paypal
3790,3985,"2023-05-15 03:44:00",554.92,tarjeta_credito
3791,3986,"2023-03-22 21:46:00",44.97,transferencia
3792,3987,"2022-12-15 18:19:00",67.98,transferencia
3793,3990,"2023-03-27 21:57:00",611.89,tarjeta_regalo
3794,3991,"2023-09-11 12:25:00",123.95,tarjeta_credito
3795,3992,"2022-04-22 20:44:00",235.96,tarjeta_credito
3796,3993,"2023-11-15 05:01:00",299.98,transferencia
3797,3994,"2023-06-24 10:13:00",339.95,tarjeta_credito
3798,3995,"2022-03-28 04:27:00",513.97,tarjeta_regalo
3799,3996,"2023-07-22 19:10:00",224.95,transferencia
3800,3997,"2023-09-04 19:36:00",243.93,tarjeta_credito
3801,3998,"2023-12-06 12:50:00",69.98,paypal
3802,3999,"2023-01-23 14:53:00",142.93,tarjeta_credito
3803,4000,"2023-07-10 23:20:00",99.98,paypal
3804,4001,"2023-04-09 00:55:00",39.99,transferencia
3805,4002,"2022-07-09 10:59:00",215.95,transferencia
3806,4003,"2023-07-26 11:42:00",22.99,transferencia
3807,4004,"2021-10-22 20:47:00",220.91,transferencia
3808,4005,"2023-01-16 15:06:00",273.90,tarjeta_regalo
3809,4006,"2023-09-06 00:52:00",529.94,tarjeta_credito
3810,4007,"2022-06-26 04:27:00",1083.93,paypal
3811,4008,"2023-10-20 00:15:00",530.91,paypal
3812,4009,"2023-09-02 01:47:00",269.97,transferencia
3813,4010,"2023-03-09 03:33:00",611.94,tarjeta_regalo
3814,4011,"2023-07-01 13:03:00",216.90,tarjeta_credito
3815,4012,"2023-02-11 13:47:00",29.98,tarjeta_regalo
3816,4013,"2022-05-07 12:56:00",547.95,tarjeta_regalo
3817,4014,"2023-06-17 20:30:00",469.95,tarjeta_regalo
3818,4015,"2023-01-03 23:34:00",281.93,tarjeta_credito
3819,4016,"2023-10-15 20:42:00",19.99,tarjeta_credito
3820,4017,"2023-02-02 21:28:00",115.97,tarjeta_regalo
3821,4018,"2023-10-05 04:48:00",161.92,transferencia
3822,4019,"2023-12-18 09:58:00",140.92,paypal
3823,4020,"2022-10-16 23:17:00",21.99,transferencia
3824,4021,"2022-10-16 14:06:00",209.97,tarjeta_regalo
3825,4022,"2022-12-05 04:53:00",371.92,tarjeta_credito
3826,4023,"2022-11-01 02:36:00",423.92,tarjeta_credito
3827,4024,"2023-03-17 05:09:00",118.96,tarjeta_credito
3828,4025,"2023-08-04 07:31:00",74.97,transferencia
3829,4026,"2023-04-15 09:20:00",269.97,tarjeta_credito
3830,4027,"2023-10-01 12:31:00",90.96,paypal
3831,4028,"2023-03-28 12:27:00",39.99,tarjeta_credito
3832,4029,"2023-07-28 09:04:00",189.95,tarjeta_credito
3833,4030,"2023-05-03 08:01:00",1084.92,transferencia
3834,4031,"2023-08-28 06:20:00",38.97,tarjeta_credito
3835,4032,"2023-03-23 13:04:00",101.94,tarjeta_credito
3836,4033,"2023-06-13 19:06:00",199.98,tarjeta_regalo
3837,4034,"2023-12-03 14:53:00",21.99,transferencia
3838,4035,"2022-03-02 03:04:00",39.99,tarjeta_credito
3839,4036,"2023-07-05 16:52:00",198.95,paypal
3840,4037,"2023-10-16 10:11:00",45.98,tarjeta_regalo
3841,4038,"2022-07-17 18:08:00",214.95,tarjeta_credito
3842,4039,"2023-03-14 12:28:00",44.99,tarjeta_regalo
3843,4040,"2023-08-04 05:48:00",215.92,transferencia
3844,4041,"2022-05-29 16:14:00",9.99,paypal
3845,4042,"2023-07-03 13:32:00",65.98,tarjeta_regalo
3846,4043,"2023-08-06 04:52:00",659.92,tarjeta_credito
3847,4044,"2021-11-04 07:20:00",49.98,tarjeta_regalo
3848,4045,"2023-03-29 19:28:00",147.96,transferencia
3849,4046,"2023-04-04 01:08:00",550.91,transferencia
3850,4047,"2022-05-26 23:22:00",44.99,tarjeta_credito
3851,4048,"2022-05-29 12:48:00",34.99,tarjeta_regalo
3852,4049,"2023-07-14 02:43:00",374.90,tarjeta_regalo
3853,4050,"2022-08-03 17:21:00",226.92,tarjeta_credito
3854,4051,"2022-11-01 05:13:00",236.94,paypal
3855,4052,"2023-05-22 09:31:00",768.93,tarjeta_regalo
3856,4053,"2023-05-18 23:29:00",271.95,paypal
3857,4054,"2023-03-09 04:22:00",164.96,transferencia
3858,4055,"2023-08-10 08:58:00",779.92,transferencia
3859,4056,"2023-09-23 14:32:00",78.96,paypal
3860,4057,"2023-09-28 06:56:00",599.98,paypal
3861,4058,"2023-03-10 03:33:00",170.96,paypal
3862,4059,"2021-10-05 11:13:00",101.94,tarjeta_regalo
3863,4060,"2022-10-27 20:25:00",89.97,tarjeta_credito
3864,4061,"2023-08-02 15:05:00",352.94,tarjeta_regalo
3865,4062,"2022-04-14 07:49:00",479.95,paypal
3866,4063,"2022-06-26 01:16:00",53.97,paypal
3867,4064,"2023-08-10 16:11:00",235.90,transferencia
3868,4065,"2023-11-04 04:44:00",589.94,tarjeta_regalo
3869,4066,"2023-05-13 07:55:00",94.97,tarjeta_credito
3870,4067,"2022-07-31 15:21:00",79.98,tarjeta_credito
3871,4068,"2021-11-13 04:56:00",82.95,paypal
3872,4070,"2023-02-15 14:49:00",269.97,tarjeta_credito
3873,4071,"2021-11-27 10:18:00",100.96,tarjeta_regalo
3874,4072,"2022-07-04 09:11:00",373.91,tarjeta_credito
3875,4073,"2022-12-21 11:02:00",299.98,paypal
3876,4074,"2023-11-02 20:51:00",22.99,paypal
3877,4075,"2023-10-02 10:07:00",315.95,tarjeta_credito
3878,4076,"2023-12-18 09:57:00",489.96,tarjeta_credito
3879,4077,"2022-07-04 14:55:00",734.92,tarjeta_credito
3880,4078,"2023-02-18 18:27:00",469.95,tarjeta_credito
3881,4079,"2023-12-01 16:12:00",49.99,paypal
3882,4080,"2022-12-18 00:18:00",1244.91,paypal
3883,4081,"2022-10-21 22:22:00",61.96,transferencia
3884,4082,"2021-09-28 09:10:00",578.88,tarjeta_credito
3885,4083,"2023-03-28 21:07:00",227.94,tarjeta_credito
3886,4084,"2023-07-10 17:51:00",85.97,transferencia
3887,4085,"2021-09-29 01:41:00",159.98,paypal
3888,4086,"2022-11-01 13:32:00",160.95,paypal
3889,4087,"2023-11-11 10:21:00",181.93,tarjeta_credito
3890,4088,"2023-07-18 19:31:00",302.93,paypal
3891,4089,"2023-04-05 00:38:00",18.99,tarjeta_regalo
3892,4090,"2021-12-19 12:39:00",344.94,tarjeta_regalo
3893,4091,"2023-07-26 14:47:00",53.97,transferencia
3894,4092,"2023-08-10 10:40:00",65.96,tarjeta_credito
3895,4093,"2023-07-14 05:12:00",557.92,tarjeta_regalo
3896,4094,"2023-03-19 18:34:00",28.98,paypal
3897,4095,"2023-09-29 16:44:00",210.96,tarjeta_credito
3898,4096,"2023-11-09 05:29:00",359.91,tarjeta_credito
3899,4097,"2023-08-22 22:13:00",525.95,transferencia
3900,4098,"2022-08-05 15:15:00",13.99,transferencia
3901,4099,"2023-10-05 03:58:00",169.95,transferencia
3902,4100,"2023-06-24 14:34:00",69.98,transferencia
3903,4101,"2023-04-24 18:27:00",104.96,transferencia
3904,4102,"2022-03-25 06:22:00",74.97,tarjeta_regalo
3905,4103,"2023-04-03 20:42:00",143.94,tarjeta_regalo
3906,4104,"2023-12-06 10:08:00",588.94,transferencia
3907,4105,"2022-12-14 20:26:00",629.95,transferencia
3908,4106,"2021-08-21 13:18:00",183.95,paypal
3909,4107,"2023-06-28 05:47:00",56.98,tarjeta_credito
3910,4108,"2023-12-18 08:57:00",155.97,paypal
3911,4109,"2023-06-30 15:49:00",358.91,tarjeta_regalo
3912,4110,"2023-05-29 13:30:00",134.97,transferencia
3913,4111,"2022-10-03 17:31:00",889.89,tarjeta_regalo
3914,4112,"2023-03-20 06:49:00",325.94,transferencia
3915,4113,"2022-08-17 07:07:00",234.96,tarjeta_regalo
3916,4114,"2023-02-16 14:14:00",53.97,paypal
3917,4115,"2023-11-07 22:43:00",18.99,paypal
3918,4116,"2023-09-08 12:34:00",552.90,tarjeta_credito
3919,4117,"2023-05-12 11:50:00",210.93,tarjeta_regalo
3920,4118,"2022-02-12 19:52:00",82.98,transferencia
3921,4119,"2023-11-09 05:45:00",247.92,paypal
3922,4120,"2022-09-28 04:44:00",126.95,tarjeta_regalo
3923,4121,"2023-11-15 06:10:00",685.91,tarjeta_regalo
3924,4122,"2022-04-30 21:04:00",124.95,tarjeta_credito
3925,4123,"2022-10-28 12:44:00",144.95,tarjeta_credito
3926,4124,"2023-11-11 19:51:00",258.90,transferencia
3927,4125,"2023-08-22 12:39:00",183.94,paypal
3928,4126,"2022-12-23 17:32:00",145.94,paypal
3929,4127,"2023-02-24 02:29:00",403.92,transferencia
3930,4128,"2023-02-17 06:25:00",423.93,tarjeta_regalo
3931,4129,"2023-05-14 10:59:00",86.95,tarjeta_regalo
3932,4130,"2023-10-05 13:01:00",154.95,paypal
3933,4131,"2023-04-12 18:58:00",18.99,paypal
3934,4132,"2022-05-11 11:09:00",200.94,tarjeta_regalo
3935,4133,"2022-02-07 08:54:00",12.99,tarjeta_credito
3936,4134,"2022-11-08 22:41:00",419.97,transferencia
3937,4135,"2023-11-05 12:37:00",216.93,tarjeta_regalo
3938,4136,"2023-10-18 10:42:00",45.98,transferencia
3939,4137,"2023-02-10 08:48:00",94.97,tarjeta_credito
3940,4138,"2023-08-14 02:46:00",75.95,tarjeta_regalo
3941,4139,"2022-01-01 19:10:00",42.98,tarjeta_regalo
3942,4140,"2023-06-16 06:19:00",222.90,paypal
3943,4141,"2023-02-19 16:07:00",316.91,transferencia
3944,4142,"2023-02-27 22:50:00",779.94,paypal
3945,4143,"2022-08-20 15:41:00",229.91,tarjeta_credito
3946,4144,"2022-05-16 16:39:00",437.92,tarjeta_credito
3947,4145,"2023-09-08 12:48:00",359.95,tarjeta_credito
3948,4146,"2023-03-11 09:47:00",110.97,tarjeta_regalo
3949,4147,"2023-11-03 18:12:00",149.93,tarjeta_credito
3950,4148,"2023-05-13 00:43:00",134.97,transferencia
3951,4149,"2022-04-06 08:22:00",204.97,tarjeta_regalo
3952,4150,"2023-08-04 07:37:00",293.92,tarjeta_regalo
3953,4151,"2023-01-06 18:26:00",69.96,tarjeta_regalo
3954,4152,"2022-01-09 07:13:00",51.96,transferencia
3955,4153,"2023-05-16 08:01:00",88.96,tarjeta_regalo
3956,4154,"2022-12-12 16:10:00",49.98,paypal
3957,4155,"2022-12-14 07:34:00",102.94,tarjeta_credito
3958,4156,"2022-08-28 11:44:00",239.94,transferencia
3959,4157,"2023-07-17 23:14:00",579.91,transferencia
3960,4158,"2023-06-12 20:29:00",222.91,tarjeta_regalo
3961,4159,"2022-07-06 09:41:00",869.94,tarjeta_credito
3962,4160,"2022-03-11 15:09:00",183.94,tarjeta_credito
3963,4161,"2023-06-15 12:45:00",49.98,paypal
3964,4162,"2023-10-01 01:19:00",324.95,transferencia
3965,4163,"2023-07-27 19:50:00",339.97,transferencia
3966,4164,"2023-03-29 18:52:00",358.95,tarjeta_credito
3967,4165,"2023-08-13 03:27:00",54.99,tarjeta_regalo
3968,4167,"2023-08-25 10:16:00",129.98,paypal
3969,4168,"2023-04-17 05:12:00",787.94,tarjeta_credito
3970,4169,"2023-02-03 10:39:00",562.91,paypal
3971,4170,"2023-07-19 22:35:00",129.97,tarjeta_credito
3972,4171,"2022-06-28 11:44:00",49.98,paypal
3973,4172,"2023-12-25 06:00:00",576.90,transferencia
3974,4173,"2021-08-17 20:37:00",141.96,tarjeta_credito
3975,4175,"2023-04-07 11:28:00",244.96,tarjeta_credito
3976,4176,"2023-12-25 03:22:00",494.95,tarjeta_regalo
3977,4177,"2023-01-24 10:59:00",973.93,tarjeta_credito
3978,4178,"2023-06-30 22:53:00",954.93,transferencia
3979,4179,"2023-05-01 09:21:00",266.91,tarjeta_regalo
3980,4180,"2023-03-24 02:51:00",146.94,tarjeta_credito
3981,4181,"2023-05-06 21:08:00",525.91,paypal
3982,4182,"2023-03-22 18:55:00",419.92,paypal
3983,4183,"2023-09-09 11:09:00",180.92,transferencia
3984,4184,"2023-05-31 08:21:00",175.97,transferencia
3985,4185,"2022-03-29 00:33:00",195.93,tarjeta_regalo
3986,4186,"2023-05-16 17:08:00",859.91,tarjeta_credito
3987,4187,"2023-03-20 11:38:00",319.98,tarjeta_regalo
3988,4189,"2023-05-28 22:31:00",216.92,tarjeta_credito
3989,4190,"2022-06-02 19:19:00",365.96,tarjeta_credito
3990,4191,"2023-11-24 07:46:00",170.94,tarjeta_credito
3991,4192,"2021-04-05 09:51:00",77.94,transferencia
3992,4193,"2022-10-11 22:09:00",74.96,paypal
3993,4194,"2022-08-13 19:54:00",402.97,transferencia
3994,4195,"2023-09-03 10:11:00",266.91,transferencia
3995,4196,"2023-07-05 01:41:00",463.90,tarjeta_regalo
3996,4197,"2023-08-01 23:47:00",158.94,transferencia
3997,4198,"2022-10-10 16:02:00",204.92,tarjeta_regalo
3998,4200,"2023-06-08 23:22:00",269.97,transferencia
3999,4201,"2023-08-19 17:22:00",655.90,tarjeta_regalo
4000,4202,"2023-05-13 23:05:00",159.98,paypal
4001,4203,"2023-02-24 23:00:00",226.92,transferencia
4002,4204,"2023-02-25 21:04:00",129.99,paypal
4003,4205,"2023-07-27 01:32:00",174.94,paypal
4004,4206,"2023-05-29 15:15:00",59.98,paypal
4005,4207,"2023-05-03 21:22:00",115.95,tarjeta_credito
4006,4208,"2023-11-05 15:56:00",727.92,tarjeta_regalo
4007,4209,"2023-11-12 01:24:00",51.96,tarjeta_credito
4008,4210,"2022-11-15 19:48:00",119.92,paypal
4009,4211,"2023-01-02 00:46:00",79.98,tarjeta_regalo
4010,4212,"2022-02-25 03:42:00",139.98,paypal
4011,4213,"2023-08-09 04:24:00",455.94,paypal
4012,4214,"2023-09-14 23:08:00",348.93,transferencia
4013,4215,"2023-08-17 23:28:00",286.98,tarjeta_regalo
4014,4216,"2023-07-12 03:36:00",147.93,paypal
4015,4217,"2023-09-05 10:43:00",414.91,paypal
4016,4218,"2021-11-28 19:37:00",289.96,tarjeta_credito
4017,4219,"2023-03-16 05:53:00",104.97,tarjeta_credito
4018,4220,"2022-11-16 13:44:00",219.93,transferencia
4019,4221,"2023-08-29 06:52:00",89.95,paypal
4020,4222,"2023-07-28 02:57:00",464.92,transferencia
4021,4223,"2023-04-02 00:58:00",269.98,paypal
4022,4224,"2023-12-25 21:00:00",411.92,transferencia
4023,4225,"2023-03-29 16:59:00",64.99,tarjeta_credito
4024,4226,"2021-05-13 17:29:00",849.94,transferencia
4025,4227,"2021-10-18 09:34:00",218.95,tarjeta_regalo
4026,4228,"2023-07-22 00:40:00",35.98,transferencia
4027,4229,"2022-10-06 19:06:00",215.90,paypal
4028,4231,"2022-02-08 19:24:00",609.95,transferencia
4029,4232,"2023-12-30 10:58:00",43.98,tarjeta_regalo
4030,4233,"2023-05-04 09:51:00",389.97,transferencia
4031,4234,"2023-10-10 21:54:00",247.90,tarjeta_regalo
4032,4235,"2021-10-20 09:31:00",44.97,paypal
4033,4236,"2022-09-18 03:09:00",89.98,transferencia
4034,4237,"2023-04-29 02:24:00",24.99,tarjeta_regalo
4035,4238,"2021-11-30 09:10:00",739.91,transferencia
4036,4239,"2022-03-21 10:23:00",50.97,tarjeta_regalo
4037,4240,"2022-05-07 12:36:00",183.94,tarjeta_credito
4038,4241,"2021-10-04 13:24:00",189.93,tarjeta_regalo
4039,4242,"2023-12-23 14:53:00",113.97,tarjeta_regalo
4040,4243,"2023-12-17 05:55:00",36.99,transferencia
4041,4244,"2022-03-19 12:21:00",209.96,tarjeta_regalo
4042,4245,"2022-10-20 12:51:00",370.95,tarjeta_regalo
4043,4246,"2021-12-13 18:10:00",38.97,paypal
4044,4247,"2023-07-25 18:50:00",360.92,transferencia
4045,4248,"2021-07-24 23:11:00",305.96,paypal
4046,4249,"2023-04-29 00:25:00",155.93,tarjeta_credito
4047,4250,"2023-08-17 09:37:00",290.93,tarjeta_credito
4048,4251,"2023-01-07 21:37:00",688.95,paypal
4049,4252,"2022-12-25 23:21:00",79.99,transferencia
4050,4253,"2022-08-21 21:54:00",95.98,paypal
4051,4254,"2022-05-10 19:49:00",119.96,tarjeta_regalo
4052,4255,"2023-12-07 22:20:00",941.91,paypal
4053,4256,"2022-08-13 12:09:00",269.97,transferencia
4054,4257,"2023-09-13 08:53:00",139.96,tarjeta_credito
4055,4258,"2023-11-18 23:54:00",259.98,tarjeta_credito
4056,4259,"2023-04-06 05:51:00",340.94,tarjeta_regalo
4057,4260,"2023-09-05 11:45:00",709.93,transferencia
4058,4261,"2022-12-31 12:50:00",139.99,paypal
4059,4262,"2023-01-18 07:23:00",260.90,paypal
4060,4263,"2023-09-23 16:34:00",82.97,tarjeta_credito
4061,4264,"2023-09-19 22:52:00",723.90,tarjeta_regalo
4062,4265,"2022-03-16 07:28:00",384.94,transferencia
4063,4266,"2022-06-16 08:55:00",221.94,transferencia
4064,4267,"2023-05-20 14:28:00",74.97,tarjeta_regalo
4065,4268,"2022-12-06 18:53:00",155.95,tarjeta_regalo
4066,4269,"2023-03-21 04:44:00",13.99,tarjeta_credito
4067,4270,"2022-04-03 04:45:00",164.94,tarjeta_regalo
4068,4271,"2021-07-25 14:06:00",274.90,tarjeta_regalo
4069,4272,"2022-09-05 02:53:00",178.93,tarjeta_regalo
4070,4273,"2022-11-06 09:21:00",159.99,tarjeta_regalo
4071,4274,"2021-04-19 06:50:00",194.97,transferencia
4072,4275,"2023-07-04 21:44:00",44.99,tarjeta_credito
4073,4276,"2022-10-11 19:48:00",171.92,transferencia
4074,4277,"2023-09-16 22:51:00",134.94,tarjeta_regalo
4075,4278,"2022-06-04 02:06:00",284.91,transferencia
4076,4279,"2023-05-15 10:17:00",434.93,tarjeta_credito
4077,4280,"2023-01-13 09:23:00",279.98,tarjeta_credito
4078,4281,"2023-08-03 16:08:00",419.94,tarjeta_credito
4079,4282,"2023-10-14 17:45:00",170.95,tarjeta_credito
4080,4283,"2023-09-21 16:24:00",435.92,transferencia
4081,4284,"2022-01-21 12:14:00",325.94,paypal
4082,4285,"2023-11-03 01:07:00",259.95,tarjeta_credito
4083,4286,"2023-12-11 03:34:00",470.94,tarjeta_credito
4084,4287,"2023-10-15 22:52:00",189.96,paypal
4085,4288,"2022-03-09 14:38:00",119.97,tarjeta_regalo
4086,4289,"2023-09-17 01:18:00",79.98,tarjeta_credito
4087,4290,"2023-04-15 18:39:00",989.90,paypal
4088,4291,"2023-06-19 11:00:00",56.97,paypal
4089,4292,"2023-10-20 00:56:00",453.90,tarjeta_credito
4090,4293,"2023-06-05 03:05:00",173.94,transferencia
4091,4294,"2022-12-04 13:25:00",197.91,transferencia
4092,4295,"2023-04-11 08:04:00",635.88,tarjeta_regalo
4093,4296,"2023-09-03 18:27:00",243.93,tarjeta_regalo
4094,4297,"2023-06-24 05:51:00",130.96,paypal
4095,4298,"2023-01-29 04:52:00",9.99,transferencia
4096,4299,"2023-03-17 03:26:00",33.98,transferencia
4097,4300,"2021-08-18 09:26:00",173.94,tarjeta_regalo
4098,4301,"2023-10-22 05:13:00",19.98,paypal
4099,4302,"2023-06-06 16:14:00",26.99,tarjeta_regalo
4100,4303,"2022-06-13 08:14:00",58.97,tarjeta_regalo
4101,4304,"2023-10-04 05:52:00",83.97,transferencia
4102,4305,"2022-08-13 20:30:00",79.97,tarjeta_credito
4103,4306,"2022-01-26 10:21:00",15.99,tarjeta_regalo
4104,4307,"2023-08-20 09:20:00",41.97,tarjeta_credito
4105,4308,"2023-09-10 14:17:00",283.93,transferencia
4106,4310,"2022-05-25 21:54:00",154.95,transferencia
4107,4311,"2023-05-14 23:49:00",344.90,transferencia
4108,4312,"2023-09-28 18:14:00",381.93,paypal
4109,4313,"2021-09-02 23:46:00",473.92,transferencia
4110,4314,"2023-12-22 11:02:00",53.97,paypal
4111,4315,"2023-04-28 02:39:00",272.93,tarjeta_credito
4112,4316,"2023-09-05 04:24:00",401.94,tarjeta_credito
4113,4317,"2023-02-01 09:45:00",99.98,paypal
4114,4318,"2022-01-05 14:03:00",191.94,tarjeta_credito
4115,4319,"2023-12-01 22:39:00",599.94,tarjeta_regalo
4116,4320,"2023-03-11 05:18:00",149.93,paypal
4117,4321,"2023-11-28 03:39:00",627.93,tarjeta_regalo
4118,4322,"2023-07-06 10:35:00",196.95,tarjeta_regalo
4119,4323,"2022-08-11 02:57:00",179.91,transferencia
4120,4324,"2021-06-27 10:18:00",19.98,paypal
4121,4325,"2023-09-22 06:37:00",254.97,tarjeta_credito
4122,4326,"2021-08-04 18:16:00",99.95,tarjeta_regalo
4123,4328,"2022-08-07 00:52:00",147.94,paypal
4124,4330,"2022-11-30 04:55:00",179.94,transferencia
4125,4331,"2023-06-11 21:00:00",209.94,transferencia
4126,4332,"2023-12-03 16:08:00",774.93,tarjeta_credito
4127,4333,"2023-03-23 18:57:00",167.94,paypal
4128,4334,"2022-01-11 01:31:00",58.97,paypal
4129,4335,"2023-12-01 18:43:00",218.97,tarjeta_credito
4130,4336,"2023-03-25 16:49:00",272.92,tarjeta_credito
4131,4337,"2023-07-01 04:59:00",50.97,paypal
4132,4338,"2022-09-23 13:16:00",309.93,tarjeta_regalo
4133,4339,"2023-11-19 05:25:00",209.97,tarjeta_credito
4134,4340,"2023-07-05 11:59:00",445.95,tarjeta_regalo
4135,4341,"2023-04-28 20:24:00",221.92,tarjeta_credito
4136,4342,"2021-07-17 16:52:00",12.99,transferencia
4137,4343,"2023-12-28 10:11:00",629.97,tarjeta_regalo
4138,4344,"2022-07-23 06:29:00",42.96,transferencia
4139,4345,"2023-06-01 21:06:00",478.93,tarjeta_credito
4140,4346,"2022-07-12 02:14:00",309.93,tarjeta_regalo
4141,4347,"2023-12-14 12:31:00",489.93,tarjeta_credito
4142,4348,"2022-10-07 00:42:00",219.92,tarjeta_credito
4143,4350,"2023-11-27 13:32:00",531.96,tarjeta_credito
4144,4351,"2023-04-29 16:21:00",27.99,transferencia
4145,4352,"2023-04-21 21:24:00",132.93,paypal
4146,4353,"2023-10-01 19:35:00",17.99,paypal
4147,4354,"2021-08-10 18:28:00",79.99,tarjeta_regalo
4148,4355,"2022-05-27 09:02:00",215.95,paypal
4149,4356,"2023-12-14 09:56:00",130.92,tarjeta_regalo
4150,4357,"2022-11-10 20:29:00",109.98,tarjeta_regalo
4151,4358,"2023-01-10 19:15:00",1019.91,tarjeta_credito
4152,4359,"2022-10-23 13:06:00",865.94,transferencia
4153,4360,"2022-10-17 17:16:00",530.90,tarjeta_credito
4154,4361,"2022-11-17 01:15:00",9.99,tarjeta_regalo
4155,4362,"2023-04-27 23:22:00",442.93,tarjeta_regalo
4156,4363,"2023-09-05 02:56:00",1024.90,transferencia
4157,4364,"2023-04-11 01:05:00",488.92,transferencia
4158,4365,"2023-11-24 17:00:00",69.98,tarjeta_regalo
4159,4366,"2023-09-28 02:37:00",359.98,tarjeta_credito
4160,4367,"2023-08-03 10:22:00",676.90,paypal
4161,4368,"2021-11-01 21:51:00",299.95,paypal
4162,4369,"2023-06-24 08:27:00",303.96,paypal
4163,4370,"2023-06-10 08:15:00",225.92,tarjeta_regalo
4164,4371,"2023-01-30 23:46:00",64.97,tarjeta_regalo
4165,4372,"2023-10-10 03:12:00",198.93,tarjeta_credito
4166,4373,"2021-10-17 21:42:00",334.92,tarjeta_regalo
4167,4374,"2022-05-04 07:22:00",184.97,tarjeta_credito
4168,4375,"2023-07-04 04:33:00",677.92,tarjeta_regalo
4169,4376,"2023-08-08 18:19:00",286.92,tarjeta_regalo
4170,4377,"2023-04-10 05:00:00",240.90,tarjeta_regalo
4171,4378,"2023-08-28 12:47:00",280.91,transferencia
4172,4379,"2022-07-06 14:08:00",609.91,tarjeta_credito
4173,4380,"2023-04-27 22:33:00",17.99,tarjeta_regalo
4174,4381,"2023-08-13 12:16:00",398.92,paypal
4175,4382,"2022-12-20 21:37:00",438.94,tarjeta_credito
4176,4383,"2023-06-04 16:34:00",459.94,transferencia
4177,4384,"2022-07-23 04:15:00",22.99,tarjeta_credito
4178,4385,"2022-11-29 20:26:00",454.92,paypal
4179,4386,"2022-11-01 09:05:00",298.97,tarjeta_regalo
4180,4387,"2023-08-18 07:05:00",141.96,paypal
4181,4388,"2023-08-01 03:50:00",544.97,paypal
4182,4389,"2023-12-30 07:37:00",54.98,tarjeta_credito
4183,4390,"2023-07-31 00:44:00",259.94,transferencia
4184,4391,"2021-11-28 01:51:00",89.99,tarjeta_regalo
4185,4392,"2023-12-16 10:57:00",14.99,tarjeta_credito
4186,4393,"2023-02-26 06:57:00",238.89,transferencia
4187,4394,"2023-06-19 23:08:00",68.97,transferencia
4188,4395,"2022-11-07 02:25:00",265.91,tarjeta_credito
4189,4396,"2022-11-24 06:06:00",164.94,transferencia
4190,4397,"2022-07-03 12:05:00",176.94,tarjeta_credito
4191,4398,"2022-11-01 19:13:00",19.98,paypal
4192,4399,"2023-07-29 03:18:00",56.97,paypal
4193,4400,"2023-04-16 12:50:00",73.98,tarjeta_regalo
4194,4401,"2023-09-05 20:57:00",294.96,paypal
4195,4402,"2023-09-03 00:11:00",25.98,transferencia
4196,4403,"2023-06-06 10:06:00",1009.95,paypal
4197,4404,"2022-10-23 04:18:00",608.92,tarjeta_credito
4198,4405,"2021-05-10 03:00:00",33.98,tarjeta_credito
4199,4406,"2023-05-30 02:09:00",13.99,transferencia
4200,4407,"2022-12-01 17:04:00",117.96,transferencia
4201,4408,"2023-12-25 20:59:00",173.95,tarjeta_regalo
4202,4410,"2022-09-09 16:23:00",778.92,tarjeta_credito
4203,4411,"2023-10-13 22:38:00",169.93,paypal
4204,4412,"2022-09-16 02:44:00",42.97,tarjeta_regalo
4205,4413,"2023-08-29 05:49:00",119.97,transferencia
4206,4414,"2023-06-11 17:48:00",89.99,tarjeta_regalo
4207,4415,"2023-03-27 12:26:00",87.96,transferencia
4208,4416,"2023-08-05 22:19:00",174.93,tarjeta_regalo
4209,4417,"2021-07-07 15:00:00",166.93,transferencia
4210,4418,"2022-06-15 18:34:00",87.97,tarjeta_regalo
4211,4419,"2021-12-01 11:13:00",250.93,transferencia
4212,4420,"2022-09-11 09:27:00",329.96,paypal
4213,4421,"2022-11-30 14:48:00",95.95,tarjeta_regalo
4214,4422,"2022-02-07 09:09:00",33.98,transferencia
4215,4423,"2022-07-17 15:33:00",227.95,paypal
4216,4424,"2023-10-14 19:46:00",65.98,tarjeta_credito
4217,4425,"2023-05-13 14:40:00",80.97,tarjeta_regalo
4218,4426,"2022-12-17 20:36:00",105.97,tarjeta_regalo
4219,4427,"2023-05-21 00:39:00",95.96,transferencia
4220,4428,"2023-09-11 14:59:00",599.92,paypal
4221,4429,"2023-04-26 22:47:00",163.92,tarjeta_credito
4222,4430,"2023-04-07 19:21:00",165.95,tarjeta_regalo
4223,4431,"2021-11-05 15:26:00",545.94,transferencia
4224,4432,"2023-10-06 05:57:00",584.94,tarjeta_credito
4225,4433,"2022-08-09 06:02:00",288.95,tarjeta_credito
4226,4434,"2022-11-18 02:31:00",247.92,tarjeta_credito
4227,4435,"2023-06-30 09:14:00",244.90,tarjeta_regalo
4228,4436,"2023-11-11 04:58:00",134.97,transferencia
4229,4437,"2023-06-28 18:22:00",1259.89,paypal
4230,4438,"2023-01-14 21:50:00",63.96,tarjeta_regalo
4231,4439,"2022-10-15 13:18:00",615.90,paypal
4232,4440,"2023-10-04 07:35:00",547.92,tarjeta_credito
4233,4441,"2022-10-22 12:40:00",169.96,transferencia
4234,4442,"2022-11-27 10:58:00",160.92,transferencia
4235,4443,"2023-06-21 07:02:00",307.92,tarjeta_regalo
4236,4444,"2021-11-13 18:14:00",660.92,paypal
4237,4445,"2023-05-10 04:32:00",53.97,tarjeta_regalo
4238,4446,"2023-06-23 10:07:00",80.96,transferencia
4239,4447,"2023-01-22 09:23:00",129.99,paypal
4240,4448,"2022-11-30 07:58:00",215.92,paypal
4241,4449,"2023-09-07 15:53:00",58.96,paypal
4242,4450,"2023-06-24 04:08:00",404.94,paypal
4243,4451,"2023-05-13 16:22:00",49.98,tarjeta_regalo
4244,4452,"2023-05-21 11:19:00",1084.91,tarjeta_credito
4245,4453,"2023-08-04 08:21:00",154.97,paypal
4246,4454,"2022-02-28 22:29:00",154.93,transferencia
4247,4455,"2023-08-18 01:43:00",261.96,transferencia
4248,4456,"2023-07-13 09:49:00",189.95,paypal
4249,4457,"2022-12-29 17:18:00",609.96,transferencia
4250,4458,"2023-06-30 07:15:00",539.94,tarjeta_regalo
4251,4459,"2022-11-26 10:01:00",333.97,paypal
4252,4460,"2022-06-25 13:35:00",84.99,tarjeta_credito
4253,4461,"2022-08-26 15:30:00",74.97,paypal
4254,4462,"2021-08-07 06:45:00",279.98,transferencia
4255,4463,"2023-05-30 12:39:00",89.99,paypal
4256,4464,"2021-09-14 04:39:00",577.94,tarjeta_credito
4257,4465,"2023-09-14 21:29:00",909.95,transferencia
4258,4466,"2022-04-17 17:50:00",356.93,paypal
4259,4467,"2023-04-26 00:12:00",124.93,tarjeta_regalo
4260,4468,"2022-06-03 20:38:00",215.94,tarjeta_regalo
4261,4469,"2023-08-07 03:49:00",190.91,tarjeta_credito
4262,4470,"2023-05-28 06:03:00",229.97,transferencia
4263,4471,"2022-06-02 21:40:00",259.95,transferencia
4264,4472,"2022-05-22 00:29:00",152.96,transferencia
4265,4473,"2023-01-27 14:04:00",149.99,tarjeta_credito
4266,4474,"2023-06-05 21:37:00",437.89,paypal
4267,4475,"2021-03-26 11:08:00",205.97,paypal
4268,4476,"2023-07-02 11:49:00",140.93,tarjeta_credito
4269,4477,"2022-05-24 20:57:00",27.99,paypal
4270,4478,"2023-01-30 04:30:00",9.99,transferencia
4271,4479,"2023-04-12 06:00:00",174.92,paypal
4272,4480,"2023-12-01 11:24:00",419.97,paypal
4273,4481,"2023-04-06 19:34:00",239.97,paypal
4274,4482,"2022-01-16 19:19:00",344.93,paypal
4275,4483,"2023-11-24 16:12:00",123.95,transferencia
4276,4484,"2022-09-30 09:47:00",395.96,tarjeta_credito
4277,4485,"2023-03-25 15:47:00",67.95,transferencia
4278,4486,"2021-03-22 04:29:00",19.98,paypal
4279,4487,"2023-08-03 03:46:00",119.97,transferencia
4280,4488,"2022-11-09 11:09:00",854.90,tarjeta_credito
4281,4489,"2022-06-16 20:42:00",789.93,tarjeta_credito
4282,4490,"2021-09-23 19:19:00",335.96,tarjeta_credito
4283,4491,"2023-05-07 00:06:00",83.97,transferencia
4284,4492,"2023-04-18 23:41:00",394.91,tarjeta_regalo
4285,4493,"2023-05-26 09:13:00",255.92,tarjeta_credito
4286,4494,"2023-10-19 17:14:00",1085.93,transferencia
4287,4495,"2023-12-29 09:52:00",337.92,transferencia
4288,4496,"2023-01-29 13:09:00",339.97,tarjeta_regalo
4289,4497,"2022-08-25 12:24:00",267.93,tarjeta_credito
4290,4498,"2022-09-19 13:10:00",38.97,tarjeta_regalo
4291,4499,"2022-11-27 22:27:00",220.92,tarjeta_regalo
4292,4500,"2022-02-18 09:51:00",305.95,transferencia
4293,4501,"2023-11-03 12:02:00",485.92,tarjeta_regalo
4294,4502,"2022-10-03 03:58:00",82.97,paypal
4295,4503,"2021-06-08 01:48:00",676.93,paypal
4296,4504,"2023-05-30 20:18:00",884.93,transferencia
4297,4505,"2022-07-15 12:09:00",528.90,paypal
4298,4506,"2023-07-05 21:37:00",327.94,paypal
4299,4507,"2023-07-06 08:12:00",85.96,tarjeta_regalo
4300,4508,"2021-05-02 17:55:00",579.92,paypal
4301,4509,"2023-07-01 05:25:00",665.91,transferencia
4302,4510,"2021-11-17 19:50:00",330.95,paypal
4303,4511,"2023-08-17 19:05:00",471.93,paypal
4304,4512,"2022-03-20 07:00:00",253.91,tarjeta_credito
4305,4513,"2022-03-16 15:24:00",43.98,tarjeta_credito
4306,4514,"2023-04-25 14:12:00",113.97,tarjeta_regalo
4307,4515,"2022-11-01 18:04:00",208.95,transferencia
4308,4516,"2023-06-14 20:14:00",798.94,paypal
4309,4517,"2023-12-24 15:05:00",225.95,tarjeta_credito
4310,4518,"2023-11-21 12:33:00",488.94,paypal
4311,4520,"2022-11-01 06:50:00",174.95,transferencia
4312,4521,"2023-12-28 13:49:00",129.96,transferencia
4313,4523,"2023-10-08 05:27:00",49.98,tarjeta_regalo
4314,4524,"2023-06-16 23:06:00",608.90,tarjeta_credito
4315,4525,"2023-06-28 01:17:00",178.96,transferencia
4316,4526,"2022-10-14 14:52:00",138.97,tarjeta_credito
4317,4527,"2023-11-02 06:45:00",38.97,tarjeta_regalo
4318,4528,"2022-05-24 20:29:00",172.95,paypal
4319,4529,"2022-09-30 13:48:00",323.94,transferencia
4320,4530,"2023-04-27 13:36:00",164.97,tarjeta_credito
4321,4531,"2023-10-08 14:20:00",27.99,paypal
4322,4532,"2023-01-27 04:34:00",53.98,tarjeta_credito
4323,4533,"2023-08-02 18:00:00",790.89,tarjeta_credito
4324,4534,"2023-11-18 03:32:00",558.91,paypal
4325,4535,"2023-11-08 00:55:00",119.97,transferencia
4326,4536,"2023-06-05 13:16:00",264.95,transferencia
4327,4537,"2023-10-20 19:56:00",49.98,tarjeta_regalo
4328,4538,"2022-12-14 20:44:00",26.99,tarjeta_credito
4329,4539,"2023-09-22 20:37:00",269.91,paypal
4330,4540,"2023-03-27 20:06:00",348.94,tarjeta_credito
4331,4541,"2023-09-03 01:41:00",51.98,transferencia
4332,4542,"2023-02-04 06:11:00",104.94,tarjeta_credito
4333,4543,"2023-09-24 02:38:00",143.94,tarjeta_regalo
4334,4544,"2022-01-31 07:23:00",851.90,tarjeta_credito
4335,4545,"2023-01-10 07:04:00",22.99,paypal
4336,4546,"2023-09-01 23:12:00",64.95,paypal
4337,4547,"2023-02-23 01:57:00",89.99,paypal
4338,4548,"2023-10-16 17:55:00",449.91,tarjeta_credito
4339,4549,"2023-06-22 11:29:00",589.97,transferencia
4340,4550,"2023-07-24 01:44:00",115.95,paypal
4341,4551,"2022-08-06 04:35:00",127.92,transferencia
4342,4552,"2022-07-24 15:21:00",507.90,tarjeta_regalo
4343,4553,"2021-08-20 23:52:00",339.96,transferencia
4344,4554,"2023-05-07 19:06:00",16.99,tarjeta_credito
4345,4555,"2023-04-13 08:11:00",318.91,paypal
4346,4556,"2023-05-17 13:56:00",88.96,paypal
4347,4557,"2023-12-01 16:08:00",159.98,paypal
4348,4558,"2023-06-10 02:17:00",304.96,paypal
4349,4559,"2022-11-22 09:15:00",49.95,paypal
4350,4560,"2021-07-09 18:46:00",898.92,tarjeta_credito
4351,4561,"2023-10-14 16:04:00",202.90,tarjeta_regalo
4352,4562,"2022-10-25 19:06:00",194.97,tarjeta_regalo
4353,4563,"2023-05-28 23:45:00",443.91,tarjeta_credito
4354,4564,"2023-04-02 04:56:00",410.91,tarjeta_regalo
4355,4565,"2023-09-18 20:13:00",164.97,tarjeta_credito
4356,4566,"2021-10-18 08:39:00",839.94,tarjeta_credito
4357,4567,"2021-06-12 14:28:00",279.95,tarjeta_regalo
4358,4568,"2023-06-04 06:15:00",38.97,tarjeta_regalo
4359,4569,"2022-04-23 23:06:00",67.96,transferencia
4360,4570,"2022-12-31 06:08:00",52.96,tarjeta_credito
4361,4571,"2023-02-26 08:45:00",234.95,tarjeta_credito
4362,4572,"2022-10-15 11:47:00",89.96,tarjeta_regalo
4363,4573,"2023-12-05 05:59:00",369.94,tarjeta_credito
4364,4574,"2022-05-31 00:15:00",79.98,tarjeta_regalo
4365,4576,"2022-07-23 08:59:00",749.97,transferencia
4366,4577,"2023-06-22 03:08:00",195.95,tarjeta_credito
4367,4578,"2023-08-24 09:31:00",484.94,tarjeta_regalo
4368,4579,"2023-11-15 22:33:00",38.97,tarjeta_regalo
4369,4580,"2022-10-09 13:10:00",289.95,transferencia
4370,4581,"2023-07-29 10:25:00",114.96,tarjeta_credito
4371,4582,"2022-03-19 23:49:00",388.92,tarjeta_regalo
4372,4583,"2023-11-30 12:20:00",757.91,transferencia
4373,4584,"2023-05-25 06:49:00",149.97,transferencia
4374,4585,"2023-11-23 00:54:00",1315.89,transferencia
4375,4586,"2022-01-17 18:53:00",282.93,tarjeta_regalo
4376,4587,"2022-10-21 13:19:00",308.90,paypal
4377,4588,"2023-07-27 01:05:00",308.92,tarjeta_credito
4378,4589,"2023-07-02 06:23:00",214.96,tarjeta_credito
4379,4590,"2023-05-23 10:01:00",173.97,transferencia
4380,4591,"2022-12-09 18:09:00",317.90,transferencia
4381,4592,"2023-08-13 03:54:00",260.95,tarjeta_regalo
4382,4593,"2022-09-15 02:58:00",974.93,paypal
4383,4594,"2021-05-01 21:05:00",39.99,tarjeta_credito
4384,4595,"2022-11-01 14:34:00",134.95,tarjeta_regalo
4385,4596,"2022-09-22 03:03:00",185.91,tarjeta_credito
4386,4597,"2022-09-09 03:55:00",135.93,tarjeta_regalo
4387,4598,"2023-02-01 05:25:00",314.96,transferencia
4388,4599,"2023-08-12 02:59:00",483.95,tarjeta_credito
4389,4600,"2021-06-22 16:01:00",145.95,transferencia
4390,4601,"2023-08-05 00:33:00",85.96,tarjeta_regalo
4391,4602,"2023-08-15 10:44:00",44.97,transferencia
4392,4603,"2023-10-26 17:51:00",285.93,paypal
4393,4604,"2023-03-08 02:16:00",69.98,paypal
4394,4605,"2023-08-10 00:23:00",119.96,transferencia
4395,4606,"2022-10-16 15:59:00",347.91,tarjeta_credito
4396,4607,"2022-05-29 08:18:00",130.96,transferencia
4397,4608,"2023-08-21 00:39:00",157.95,tarjeta_regalo
4398,4609,"2023-01-10 05:50:00",145.93,tarjeta_credito
4399,4610,"2023-04-30 17:22:00",157.98,tarjeta_credito
4400,4611,"2023-10-10 12:10:00",515.91,tarjeta_credito
4401,4612,"2023-12-27 20:23:00",696.90,transferencia
4402,4613,"2021-06-22 14:39:00",227.95,tarjeta_credito
4403,4614,"2023-12-25 15:22:00",74.97,tarjeta_credito
4404,4615,"2023-03-08 14:01:00",267.93,transferencia
4405,4616,"2023-10-12 09:26:00",409.94,paypal
4406,4617,"2023-01-17 03:58:00",259.98,tarjeta_credito
4407,4618,"2023-11-07 05:23:00",185.94,transferencia
4408,4619,"2021-02-17 15:38:00",206.95,paypal
4409,4620,"2022-05-17 02:59:00",174.93,tarjeta_regalo
4410,4621,"2022-11-16 12:42:00",143.95,paypal
4411,4622,"2022-08-09 04:07:00",9.99,tarjeta_regalo
4412,4623,"2023-04-02 17:45:00",215.96,tarjeta_credito
4413,4624,"2023-03-06 05:45:00",507.96,paypal
4414,4625,"2023-08-21 15:08:00",157.94,tarjeta_regalo
4415,4626,"2023-05-31 02:27:00",97.97,paypal
4416,4627,"2023-05-31 10:24:00",218.94,tarjeta_regalo
4417,4628,"2023-08-14 07:45:00",128.95,tarjeta_credito
4418,4629,"2022-10-13 11:04:00",345.95,paypal
4419,4630,"2023-08-13 10:53:00",89.97,transferencia
4420,4631,"2023-10-31 07:37:00",389.94,tarjeta_regalo
4421,4632,"2023-12-05 22:03:00",469.95,tarjeta_credito
4422,4633,"2023-09-16 16:44:00",228.93,tarjeta_credito
4423,4634,"2023-02-11 06:32:00",479.97,paypal
4424,4635,"2022-05-27 09:43:00",309.95,paypal
4425,4636,"2022-09-13 10:53:00",25.98,tarjeta_credito
4426,4637,"2023-05-07 07:27:00",299.98,transferencia
4427,4638,"2023-08-11 11:40:00",1244.91,transferencia
4428,4639,"2021-07-27 23:23:00",286.92,tarjeta_credito
4429,4640,"2023-05-06 23:25:00",553.91,tarjeta_credito
4430,4641,"2022-12-07 16:04:00",104.97,tarjeta_credito
4431,4643,"2023-03-07 23:39:00",82.95,tarjeta_regalo
4432,4644,"2022-08-09 20:59:00",183.93,paypal
4433,4645,"2022-05-06 13:48:00",662.91,tarjeta_regalo
4434,4646,"2023-08-01 00:33:00",119.97,transferencia
4435,4647,"2022-08-01 07:01:00",45.98,tarjeta_regalo
4436,4648,"2022-07-13 08:01:00",399.96,tarjeta_regalo
4437,4649,"2023-12-13 03:23:00",569.95,tarjeta_regalo
4438,4650,"2023-11-25 21:47:00",83.96,transferencia
4439,4652,"2023-07-22 04:55:00",69.99,tarjeta_regalo
4440,4653,"2023-04-12 00:48:00",269.97,paypal
4441,4654,"2022-09-27 09:48:00",25.98,paypal
4442,4655,"2023-06-09 10:23:00",249.99,tarjeta_regalo
4443,4656,"2023-10-14 23:12:00",125.97,tarjeta_regalo
4444,4657,"2023-06-13 11:10:00",409.94,transferencia
4445,4658,"2023-01-14 12:22:00",734.91,paypal
4446,4659,"2022-11-05 11:05:00",199.98,tarjeta_credito
4447,4660,"2023-09-06 12:34:00",51.97,tarjeta_credito
4448,4661,"2023-12-20 04:04:00",154.96,paypal
4449,4662,"2022-01-17 23:53:00",205.91,tarjeta_regalo
4450,4663,"2021-11-23 03:42:00",499.95,tarjeta_regalo
4451,4664,"2021-12-19 17:50:00",68.97,tarjeta_credito
4452,4665,"2023-02-11 00:35:00",163.92,transferencia
4453,4666,"2023-11-13 14:11:00",27.99,paypal
4454,4667,"2023-12-04 08:08:00",27.99,paypal
4455,4668,"2021-07-05 22:42:00",245.95,transferencia
4456,4669,"2023-06-24 14:20:00",404.95,tarjeta_credito
4457,4670,"2023-09-16 23:14:00",213.93,tarjeta_credito
4458,4671,"2023-06-19 10:40:00",465.91,tarjeta_regalo
4459,4672,"2023-11-09 03:25:00",871.90,transferencia
4460,4673,"2023-04-21 21:20:00",752.88,paypal
4461,4674,"2023-06-30 09:34:00",503.92,paypal
4462,4675,"2022-12-28 00:59:00",297.97,transferencia
4463,4677,"2022-09-11 23:06:00",86.94,transferencia
4464,4678,"2023-01-06 04:45:00",156.91,paypal
4465,4679,"2023-03-21 15:02:00",197.95,tarjeta_credito
4466,4680,"2023-06-14 05:33:00",25.98,paypal
4467,4681,"2023-08-27 09:19:00",816.92,paypal
4468,4682,"2023-10-09 19:28:00",499.98,paypal
4469,4683,"2023-06-11 13:29:00",274.94,tarjeta_credito
4470,4684,"2023-01-08 17:35:00",69.98,tarjeta_credito
4471,4685,"2023-04-17 13:28:00",94.95,tarjeta_regalo
4472,4686,"2022-01-11 19:45:00",503.91,tarjeta_regalo
4473,4687,"2023-08-19 07:13:00",65.97,tarjeta_credito
4474,4688,"2022-10-21 16:47:00",125.91,tarjeta_regalo
4475,4689,"2023-10-24 09:10:00",471.90,transferencia
4476,4690,"2023-12-30 11:03:00",479.94,tarjeta_credito
4477,4691,"2023-05-28 19:29:00",101.94,tarjeta_regalo
4478,4692,"2022-04-22 18:55:00",44.98,tarjeta_credito
4479,4693,"2022-12-10 04:25:00",47.97,tarjeta_credito
4480,4694,"2023-04-02 08:39:00",89.98,tarjeta_regalo
4481,4695,"2022-07-20 02:44:00",59.97,tarjeta_regalo
4482,4696,"2023-09-08 06:54:00",584.91,transferencia
4483,4697,"2022-11-28 09:36:00",313.92,transferencia
4484,4698,"2023-06-05 09:46:00",359.94,tarjeta_regalo
4485,4699,"2023-03-27 19:11:00",119.95,tarjeta_regalo
4486,4700,"2023-12-11 00:11:00",121.93,tarjeta_regalo
4487,4701,"2022-11-29 00:49:00",78.97,tarjeta_regalo
4488,4702,"2023-07-23 14:39:00",892.92,paypal
4489,4703,"2022-11-09 21:10:00",33.98,tarjeta_credito
4490,4705,"2021-07-26 13:47:00",179.96,transferencia
4491,4706,"2022-07-19 02:50:00",213.96,tarjeta_credito
4492,4707,"2023-09-04 05:17:00",39.97,transferencia
4493,4708,"2023-11-10 13:44:00",623.91,transferencia
4494,4709,"2023-02-16 22:46:00",224.97,paypal
4495,4710,"2022-07-13 10:58:00",34.99,tarjeta_regalo
4496,4711,"2022-05-24 06:30:00",700.92,paypal
4497,4712,"2023-12-03 17:49:00",209.96,paypal
4498,4713,"2021-08-20 12:17:00",189.95,tarjeta_regalo
4499,4714,"2023-10-20 09:46:00",79.98,transferencia
4500,4715,"2023-07-08 21:11:00",223.94,transferencia
4501,4716,"2023-09-22 15:28:00",60.97,paypal
4502,4717,"2023-12-13 13:45:00",249.95,tarjeta_credito
4503,4719,"2023-09-05 11:32:00",411.94,tarjeta_regalo
4504,4720,"2022-08-11 04:59:00",220.92,tarjeta_regalo
4505,4721,"2023-11-28 15:22:00",309.91,tarjeta_credito
4506,4722,"2022-04-22 13:50:00",190.91,tarjeta_credito
4507,4723,"2022-11-17 00:18:00",163.93,paypal
4508,4724,"2023-06-06 15:08:00",299.98,tarjeta_credito
4509,4726,"2023-08-01 16:59:00",199.95,tarjeta_credito
4510,4727,"2023-09-26 10:54:00",163.96,tarjeta_credito
4511,4728,"2023-10-30 14:16:00",149.99,tarjeta_regalo
4512,4729,"2023-10-03 03:08:00",141.94,tarjeta_regalo
4513,4730,"2022-07-22 09:30:00",109.98,tarjeta_credito
4514,4731,"2023-08-19 20:30:00",249.93,paypal
4515,4732,"2023-01-29 14:11:00",35.98,paypal
4516,4733,"2023-12-27 23:41:00",493.92,tarjeta_credito
4517,4734,"2023-06-21 13:21:00",184.98,tarjeta_regalo
4518,4735,"2023-09-25 12:51:00",18.99,tarjeta_regalo
4519,4736,"2023-09-06 09:18:00",77.97,tarjeta_regalo
4520,4737,"2023-09-30 15:18:00",177.93,tarjeta_credito
4521,4738,"2022-07-05 05:17:00",17.99,tarjeta_regalo
4522,4739,"2023-11-29 13:29:00",270.96,tarjeta_credito
4523,4740,"2023-07-20 13:53:00",212.96,tarjeta_regalo
4524,4741,"2023-02-08 05:03:00",313.96,paypal
4525,4742,"2023-05-30 10:21:00",230.92,paypal
4526,4743,"2022-03-07 15:57:00",396.92,tarjeta_regalo
4527,4745,"2022-09-06 17:35:00",359.98,transferencia
4528,4746,"2023-09-15 00:01:00",338.95,tarjeta_credito
4529,4747,"2023-08-03 16:04:00",99.93,transferencia
4530,4748,"2022-08-02 00:26:00",194.92,tarjeta_regalo
4531,4749,"2021-03-11 02:11:00",201.94,paypal
4532,4750,"2023-05-07 10:46:00",104.97,tarjeta_credito
4533,4751,"2023-06-04 00:22:00",513.95,tarjeta_credito
4534,4753,"2023-08-30 11:24:00",359.96,paypal
4535,4754,"2023-09-02 04:41:00",35.98,tarjeta_credito
4536,4755,"2023-04-27 03:54:00",53.97,tarjeta_credito
4537,4756,"2022-08-03 05:40:00",27.99,paypal
4538,4757,"2022-12-14 21:26:00",301.93,tarjeta_credito
4539,4758,"2023-07-20 10:03:00",349.92,paypal
4540,4759,"2022-06-11 03:45:00",125.96,paypal
4541,4760,"2022-01-18 19:04:00",169.98,transferencia
4542,4761,"2023-11-02 03:36:00",12.99,tarjeta_credito
4543,4762,"2022-08-25 14:26:00",419.97,transferencia
4544,4763,"2022-03-02 05:07:00",200.95,tarjeta_regalo
4545,4764,"2022-08-27 03:40:00",119.97,paypal
4546,4765,"2023-05-14 08:06:00",369.91,paypal
4547,4766,"2023-02-10 06:55:00",134.97,tarjeta_credito
4548,4767,"2023-10-14 09:08:00",329.96,tarjeta_regalo
4549,4768,"2023-11-25 11:22:00",154.94,tarjeta_credito
4550,4769,"2022-10-12 15:26:00",311.96,paypal
4551,4770,"2023-02-06 09:44:00",133.94,tarjeta_credito
4552,4771,"2023-10-23 17:56:00",725.94,transferencia
4553,4772,"2023-06-10 16:28:00",239.90,transferencia
4554,4773,"2023-09-27 15:40:00",791.88,tarjeta_regalo
4555,4774,"2023-07-31 08:56:00",449.97,paypal
4556,4775,"2022-02-07 12:25:00",9.99,transferencia
4557,4776,"2023-05-03 15:52:00",389.91,tarjeta_credito
4558,4777,"2023-06-30 07:39:00",139.99,paypal
4559,4778,"2023-10-29 20:21:00",119.97,tarjeta_credito
4560,4779,"2022-09-14 04:08:00",511.95,tarjeta_regalo
4561,4781,"2023-10-29 07:31:00",571.92,transferencia
4562,4782,"2022-12-16 07:06:00",180.92,tarjeta_credito
4563,4783,"2021-11-16 01:38:00",80.97,paypal
4564,4784,"2022-04-05 20:40:00",717.93,tarjeta_credito
4565,4785,"2022-07-05 21:05:00",94.97,tarjeta_credito
4566,4786,"2023-07-18 04:32:00",439.95,tarjeta_regalo
4567,4787,"2022-11-09 02:19:00",49.98,transferencia
4568,4788,"2023-10-01 15:03:00",850.89,transferencia
4569,4789,"2023-10-03 02:26:00",79.97,paypal
4570,4790,"2022-11-10 08:38:00",415.96,transferencia
4571,4791,"2023-04-28 18:29:00",344.97,tarjeta_regalo
4572,4792,"2023-03-30 16:09:00",71.97,tarjeta_regalo
4573,4793,"2023-10-11 08:42:00",182.96,tarjeta_credito
4574,4794,"2022-01-30 19:40:00",169.97,tarjeta_credito
4575,4795,"2022-04-27 11:09:00",127.94,paypal
4576,4796,"2023-06-13 00:39:00",684.95,tarjeta_regalo
4577,4797,"2023-04-14 11:13:00",35.98,paypal
4578,4798,"2022-08-10 09:12:00",215.96,paypal
4579,4799,"2022-07-12 16:38:00",235.96,tarjeta_credito
4580,4800,"2022-06-19 06:01:00",357.96,tarjeta_credito
4581,4801,"2023-08-27 13:00:00",144.95,tarjeta_regalo
4582,4802,"2023-04-08 14:19:00",430.93,tarjeta_regalo
4583,4803,"2022-09-15 11:49:00",186.96,tarjeta_regalo
4584,4804,"2023-06-07 23:29:00",79.99,tarjeta_credito
4585,4805,"2021-08-06 04:58:00",17.99,paypal
4586,4806,"2021-11-26 21:16:00",267.91,tarjeta_regalo
4587,4807,"2023-08-18 02:26:00",64.97,tarjeta_regalo
4588,4808,"2021-08-19 20:45:00",43.98,transferencia
4589,4809,"2022-10-02 21:42:00",79.98,transferencia
4590,4810,"2021-06-12 05:44:00",227.91,transferencia
4591,4811,"2023-10-29 03:20:00",479.97,paypal
4592,4812,"2023-04-17 03:13:00",172.95,tarjeta_regalo
4593,4813,"2022-05-16 18:03:00",124.95,transferencia
4594,4814,"2023-09-14 22:59:00",92.94,transferencia
4595,4816,"2022-12-06 04:10:00",84.96,tarjeta_regalo
4596,4817,"2023-03-13 02:59:00",118.93,transferencia
4597,4818,"2021-10-20 16:23:00",254.95,paypal
4598,4819,"2022-03-18 20:48:00",166.96,paypal
4599,4820,"2022-10-20 13:18:00",719.93,tarjeta_regalo
4600,4821,"2023-10-25 06:09:00",198.91,transferencia
4601,4822,"2023-04-06 13:32:00",212.96,tarjeta_credito
4602,4823,"2023-12-18 06:58:00",232.93,transferencia
4603,4824,"2022-05-18 20:43:00",315.91,tarjeta_regalo
4604,4825,"2022-08-27 11:08:00",102.96,tarjeta_credito
4605,4826,"2023-08-25 02:58:00",49.99,tarjeta_regalo
4606,4827,"2023-12-05 00:08:00",529.94,transferencia
4607,4828,"2023-01-20 19:45:00",38.97,paypal
4608,4829,"2021-07-27 03:43:00",195.94,tarjeta_regalo
4609,4830,"2023-10-31 15:54:00",403.92,transferencia
4610,4831,"2022-08-02 04:11:00",151.91,paypal
4611,4832,"2022-09-24 19:27:00",411.91,tarjeta_credito
4612,4834,"2023-08-22 10:48:00",494.96,tarjeta_credito
4613,4835,"2023-12-29 09:47:00",200.94,tarjeta_regalo
4614,4836,"2023-02-19 03:40:00",71.94,paypal
4615,4837,"2023-09-20 10:17:00",37.98,tarjeta_credito
4616,4838,"2023-10-18 22:05:00",419.97,tarjeta_credito
4617,4839,"2023-09-18 10:06:00",284.92,paypal
4618,4840,"2022-03-23 15:51:00",327.91,tarjeta_credito
4619,4841,"2023-12-21 01:23:00",654.93,transferencia
4620,4842,"2022-04-30 09:28:00",82.96,paypal
4621,4843,"2022-02-03 19:04:00",539.90,transferencia
4622,4844,"2023-05-07 05:29:00",208.95,paypal
4623,4845,"2022-11-15 01:16:00",335.97,tarjeta_regalo
4624,4846,"2023-07-02 23:16:00",248.91,tarjeta_credito
4625,4847,"2022-09-13 13:40:00",79.99,transferencia
4626,4848,"2022-03-17 16:47:00",89.98,tarjeta_regalo
4627,4850,"2023-08-07 23:01:00",239.95,transferencia
4628,4851,"2023-08-30 08:00:00",315.95,paypal
4629,4852,"2023-12-02 22:38:00",284.96,tarjeta_credito
4630,4853,"2023-02-05 10:20:00",818.94,tarjeta_credito
4631,4854,"2023-02-28 08:57:00",99.99,transferencia
4632,4855,"2023-05-30 07:35:00",39.99,paypal
4633,4857,"2022-10-21 16:40:00",99.99,tarjeta_regalo
4634,4858,"2022-09-19 03:03:00",254.95,transferencia
4635,4859,"2022-10-10 06:14:00",16.99,tarjeta_credito
4636,4860,"2022-02-10 17:36:00",600.93,tarjeta_regalo
4637,4861,"2023-03-02 06:19:00",33.98,tarjeta_regalo
4638,4862,"2021-09-07 09:57:00",249.99,paypal
4639,4863,"2022-11-21 02:04:00",22.99,transferencia
4640,4864,"2022-12-12 13:09:00",425.91,tarjeta_regalo
4641,4866,"2023-09-17 18:05:00",289.94,transferencia
4642,4868,"2023-09-25 12:46:00",66.96,paypal
4643,4869,"2023-04-01 14:49:00",223.92,paypal
4644,4870,"2022-07-21 22:36:00",109.94,tarjeta_credito
4645,4871,"2022-11-29 21:22:00",394.93,tarjeta_credito
4646,4873,"2023-01-02 18:59:00",544.92,transferencia
4647,4874,"2023-01-12 22:52:00",43.97,transferencia
4648,4875,"2022-04-02 14:16:00",158.91,paypal
4649,4878,"2023-12-29 18:22:00",588.89,tarjeta_regalo
4650,4879,"2022-07-02 01:08:00",25.98,paypal
4651,4880,"2022-12-14 21:34:00",419.92,tarjeta_credito
4652,4881,"2023-08-19 21:53:00",157.93,tarjeta_credito
4653,4882,"2023-01-05 00:25:00",559.95,tarjeta_regalo
4654,4883,"2023-05-04 05:43:00",112.93,transferencia
4655,4884,"2023-04-26 04:27:00",340.93,tarjeta_credito
4656,4885,"2022-07-10 00:17:00",104.97,tarjeta_credito
4657,4887,"2023-12-02 10:51:00",638.95,tarjeta_regalo
4658,4888,"2022-12-04 02:13:00",167.95,paypal
4659,4889,"2022-06-07 12:14:00",139.95,transferencia
4660,4890,"2023-10-23 16:56:00",183.95,tarjeta_credito
4661,4891,"2023-11-18 00:28:00",210.95,transferencia
4662,4892,"2023-12-16 15:22:00",474.93,paypal
4663,4893,"2022-01-16 05:33:00",400.94,tarjeta_regalo
4664,4894,"2023-02-01 20:37:00",239.93,paypal
4665,4895,"2023-06-05 16:33:00",78.95,tarjeta_regalo
4666,4896,"2023-04-03 09:42:00",36.98,paypal
4667,4897,"2023-04-01 15:53:00",56.97,paypal
4668,4898,"2023-08-15 14:17:00",382.92,tarjeta_regalo
4669,4899,"2023-12-10 05:13:00",192.97,tarjeta_credito
4670,4900,"2021-06-12 01:09:00",562.92,transferencia
4671,4901,"2023-06-02 21:06:00",419.96,tarjeta_regalo
4672,4902,"2023-01-04 21:27:00",249.99,transferencia
4673,4903,"2023-03-25 03:31:00",321.90,tarjeta_regalo
4674,4904,"2022-10-25 03:11:00",29.97,tarjeta_regalo
4675,4905,"2023-09-25 04:08:00",154.93,transferencia
4676,4906,"2023-11-25 03:35:00",17.99,paypal
4677,4907,"2022-10-26 08:39:00",45.98,tarjeta_regalo
4678,4908,"2022-05-08 06:35:00",774.93,tarjeta_regalo
4679,4909,"2023-10-10 10:47:00",767.90,transferencia
4680,4910,"2023-08-18 01:04:00",154.93,paypal
4681,4911,"2023-05-28 21:06:00",308.88,tarjeta_regalo
4682,4912,"2023-11-07 01:05:00",115.94,paypal
4683,4913,"2022-08-28 15:22:00",65.97,tarjeta_regalo
4684,4914,"2021-08-13 20:00:00",521.94,paypal
4685,4915,"2023-03-12 17:10:00",49.98,transferencia
4686,4916,"2023-03-31 05:33:00",509.97,transferencia
4687,4917,"2023-11-06 11:11:00",39.99,tarjeta_regalo
4688,4918,"2023-08-26 01:33:00",645.96,paypal
4689,4919,"2023-07-12 15:32:00",165.93,transferencia
4690,4920,"2023-03-14 21:38:00",265.94,tarjeta_credito
4691,4921,"2021-11-09 23:22:00",229.98,tarjeta_credito
4692,4922,"2022-10-12 00:38:00",18.99,transferencia
4693,4923,"2023-03-02 12:56:00",118.93,paypal
4694,4924,"2022-09-05 07:15:00",130.96,transferencia
4695,4925,"2023-08-08 23:36:00",777.93,paypal
4696,4926,"2023-09-23 09:04:00",198.92,transferencia
4697,4927,"2022-06-20 08:04:00",341.88,tarjeta_credito
4698,4928,"2022-12-24 03:54:00",433.93,paypal
4699,4929,"2022-03-04 18:19:00",584.91,tarjeta_credito
4700,4930,"2023-01-04 21:06:00",198.94,tarjeta_credito
4701,4931,"2023-07-01 03:38:00",899.97,tarjeta_credito
4702,4932,"2022-12-16 07:54:00",166.95,paypal
4703,4933,"2022-11-12 17:55:00",193.93,tarjeta_regalo
4704,4934,"2023-11-11 19:58:00",507.95,tarjeta_credito
4705,4935,"2023-11-02 04:38:00",297.94,paypal
4706,4936,"2023-04-11 21:39:00",276.96,transferencia
4707,4937,"2023-11-30 21:47:00",339.96,tarjeta_regalo
4708,4938,"2023-06-28 00:59:00",219.96,tarjeta_credito
4709,4939,"2023-11-05 11:27:00",70.97,transferencia
4710,4940,"2022-12-07 18:57:00",126.92,paypal
4711,4941,"2023-11-08 13:35:00",990.91,tarjeta_regalo
4712,4942,"2023-05-23 13:57:00",42.98,tarjeta_regalo
4713,4943,"2022-10-10 06:20:00",298.93,tarjeta_regalo
4714,4945,"2022-08-19 13:34:00",139.95,transferencia
4715,4946,"2022-01-05 20:41:00",458.91,tarjeta_regalo
4716,4949,"2022-07-22 20:18:00",1335.92,paypal
4717,4950,"2023-03-27 04:12:00",38.97,paypal
4718,4951,"2023-11-13 12:58:00",179.99,tarjeta_regalo
4719,4952,"2023-06-24 15:23:00",218.96,transferencia
4720,4953,"2023-08-21 22:05:00",203.91,transferencia
4721,4954,"2023-10-27 04:04:00",129.96,tarjeta_credito
4722,4955,"2022-09-11 12:08:00",55.98,tarjeta_regalo
4723,4956,"2023-05-20 12:57:00",18.99,paypal
4724,4957,"2022-04-07 00:51:00",17.99,tarjeta_credito
4725,4958,"2023-07-31 15:23:00",119.97,tarjeta_regalo
4726,4959,"2022-04-22 18:49:00",25.98,transferencia
4727,4960,"2023-01-15 08:49:00",302.93,transferencia
4728,4961,"2022-04-29 17:26:00",59.97,paypal
4729,4962,"2023-02-15 06:30:00",495.92,tarjeta_credito
4730,4963,"2022-11-30 14:18:00",156.96,tarjeta_credito
4731,4964,"2023-07-15 09:35:00",589.94,tarjeta_credito
4732,4965,"2023-07-25 22:57:00",224.90,tarjeta_regalo
4733,4966,"2022-01-02 21:34:00",56.97,tarjeta_credito
4734,4967,"2023-08-23 04:22:00",137.94,paypal
4735,4968,"2023-04-20 15:54:00",121.95,tarjeta_regalo
4736,4969,"2023-06-06 19:37:00",119.94,transferencia
4737,4970,"2023-10-15 15:57:00",126.95,paypal
4738,4971,"2023-07-23 07:40:00",315.96,transferencia
4739,4972,"2023-03-16 16:33:00",385.95,transferencia
4740,4973,"2022-12-23 23:03:00",509.95,tarjeta_credito
4741,4974,"2023-06-09 19:12:00",554.95,transferencia
4742,4975,"2022-08-31 01:12:00",134.95,tarjeta_regalo
4743,4976,"2023-09-16 16:05:00",157.98,tarjeta_regalo
4744,4977,"2023-06-23 17:53:00",243.94,transferencia
4745,4978,"2022-11-29 00:15:00",854.91,paypal
4746,4979,"2023-03-11 23:15:00",79.98,transferencia
4747,4980,"2023-09-18 06:22:00",521.95,tarjeta_regalo
4748,4981,"2023-12-21 03:20:00",538.95,tarjeta_regalo
4749,4982,"2023-08-11 21:13:00",240.94,tarjeta_regalo
4750,4983,"2022-07-06 11:31:00",297.97,paypal
4751,4984,"2023-07-23 19:21:00",589.91,paypal
4752,4985,"2022-10-20 13:06:00",334.98,transferencia
4753,4986,"2023-12-10 06:14:00",293.94,tarjeta_credito
4754,4987,"2023-09-16 22:46:00",245.95,tarjeta_regalo
4755,4988,"2023-02-24 07:50:00",39.99,transferencia
4756,4989,"2022-05-23 13:38:00",217.91,paypal
4757,4990,"2023-12-09 11:47:00",198.92,transferencia
4758,4991,"2022-09-19 14:16:00",323.94,paypal
4759,4992,"2023-08-08 07:47:00",37.98,tarjeta_credito
4760,4993,"2023-12-31 01:59:00",224.95,transferencia
4761,4994,"2023-10-05 00:23:00",97.94,tarjeta_regalo
4762,4995,"2022-12-23 03:25:00",302.94,tarjeta_regalo
4763,4996,"2022-07-24 19:22:00",186.91,transferencia
4764,4997,"2022-07-21 02:44:00",159.98,transferencia
4765,4998,"2023-05-26 10:31:00",45.98,tarjeta_regalo
4766,4999,"2023-07-23 03:00:00",175.92,tarjeta_credito
4767,5000,"2022-02-08 22:49:00",315.91,tarjeta_credito
4768,5001,"2023-08-09 00:49:00",563.91,tarjeta_regalo
4769,5002,"2023-11-13 17:48:00",120.95,tarjeta_regalo
4770,5003,"2023-11-28 21:33:00",454.93,paypal
4771,5004,"2021-12-26 17:31:00",170.93,tarjeta_credito
4772,5005,"2023-02-20 01:58:00",24.99,tarjeta_credito
4773,5006,"2022-06-28 19:41:00",84.99,tarjeta_credito
4774,5007,"2021-09-06 15:46:00",140.94,tarjeta_regalo
4775,5008,"2023-09-15 02:50:00",218.94,paypal
4776,5009,"2021-09-30 03:02:00",66.96,transferencia
4777,5010,"2021-11-13 02:00:00",50.97,transferencia
4778,5011,"2023-07-13 07:42:00",244.91,transferencia
4779,5012,"2023-11-01 07:43:00",230.92,paypal
4780,5013,"2023-05-27 03:01:00",302.90,paypal
4781,5014,"2022-09-17 12:34:00",146.91,tarjeta_credito
4782,5015,"2023-03-06 11:34:00",499.91,tarjeta_credito
4783,5016,"2023-08-23 12:23:00",79.95,tarjeta_regalo
4784,5017,"2023-08-15 01:05:00",9.99,tarjeta_regalo
4785,5018,"2022-06-11 20:04:00",80.96,paypal
4786,5019,"2023-05-07 21:02:00",371.93,transferencia
4787,5020,"2023-04-23 14:36:00",138.94,tarjeta_regalo
4788,5021,"2023-07-25 15:12:00",242.95,paypal
4789,5022,"2021-10-14 21:20:00",771.91,transferencia
4790,5023,"2023-09-08 13:15:00",74.98,tarjeta_regalo
4791,5024,"2023-07-28 16:15:00",281.91,transferencia
4792,5025,"2023-09-07 18:37:00",83.96,paypal
4793,5026,"2023-05-28 17:46:00",247.94,paypal
4794,5027,"2023-09-26 22:46:00",69.98,tarjeta_regalo
4795,5028,"2022-10-13 21:43:00",29.97,paypal
4796,5029,"2023-08-18 15:54:00",114.95,transferencia
4797,5030,"2023-05-07 01:12:00",713.91,tarjeta_regalo
4798,5031,"2023-06-23 07:04:00",32.99,tarjeta_regalo
4799,5032,"2023-05-25 12:15:00",505.95,tarjeta_regalo
4800,5033,"2023-05-13 16:44:00",195.90,tarjeta_regalo
4801,5034,"2022-04-13 17:17:00",153.95,transferencia
4802,5035,"2022-05-23 05:40:00",450.94,paypal
4803,5036,"2023-12-03 12:43:00",95.97,tarjeta_regalo
4804,5037,"2023-12-07 19:56:00",18.99,tarjeta_credito
4805,5038,"2022-11-09 13:19:00",258.90,tarjeta_credito
4806,5039,"2023-04-10 23:29:00",210.92,transferencia
4807,5040,"2023-03-18 23:51:00",259.92,tarjeta_credito
4808,5041,"2022-08-23 11:22:00",339.96,paypal
4809,5042,"2023-04-29 12:51:00",32.99,tarjeta_credito
4810,5043,"2023-12-13 02:27:00",139.95,tarjeta_credito
4811,5044,"2022-07-08 01:04:00",143.92,tarjeta_regalo
4812,5045,"2023-06-06 00:13:00",775.93,paypal
4813,5046,"2023-06-01 14:53:00",119.97,paypal
4814,5047,"2022-07-13 06:20:00",908.91,tarjeta_credito
4815,5048,"2023-06-03 02:59:00",189.96,tarjeta_regalo
4816,5049,"2023-07-23 04:55:00",83.95,paypal
4817,5050,"2021-05-26 03:44:00",115.95,tarjeta_regalo
4818,5051,"2023-09-23 10:49:00",609.93,paypal
4819,5052,"2023-07-20 15:28:00",314.90,tarjeta_regalo
4820,5053,"2023-07-07 21:28:00",929.94,tarjeta_regalo
4821,5054,"2023-03-07 23:52:00",205.92,transferencia
4822,5056,"2022-06-05 18:31:00",1045.93,tarjeta_credito
4823,5057,"2023-06-21 03:07:00",299.92,paypal
4824,5058,"2022-01-17 20:43:00",136.96,paypal
4825,5059,"2022-03-10 13:09:00",239.96,tarjeta_regalo
4826,5060,"2022-11-02 04:08:00",122.97,tarjeta_credito
4827,5061,"2022-11-15 05:13:00",206.96,transferencia
4828,5062,"2023-11-24 22:51:00",135.96,tarjeta_regalo
4829,5063,"2023-08-22 18:40:00",378.92,paypal
4830,5064,"2023-04-17 03:01:00",143.94,tarjeta_credito
4831,5065,"2023-05-18 14:47:00",203.91,transferencia
4832,5066,"2023-02-08 03:23:00",81.95,tarjeta_regalo
4833,5067,"2023-12-10 18:01:00",164.96,paypal
4834,5068,"2022-08-12 07:28:00",998.91,transferencia
4835,5069,"2023-08-10 12:05:00",527.94,tarjeta_regalo
4836,5070,"2023-10-30 10:43:00",137.96,transferencia
4837,5071,"2022-02-22 01:03:00",479.96,tarjeta_regalo
4838,5072,"2023-06-11 19:07:00",489.90,transferencia
4839,5073,"2023-09-06 15:26:00",89.98,tarjeta_credito
4840,5074,"2023-09-21 05:23:00",369.97,transferencia
4841,5075,"2023-08-02 11:07:00",74.98,tarjeta_regalo
4842,5076,"2021-06-10 08:12:00",149.95,tarjeta_regalo
4843,5077,"2022-12-12 03:42:00",56.97,tarjeta_regalo
4844,5078,"2023-03-23 21:59:00",74.97,tarjeta_credito
4845,5079,"2023-05-31 17:21:00",166.95,tarjeta_regalo
4846,5080,"2022-08-22 06:29:00",18.99,paypal
4847,5081,"2023-02-03 01:22:00",139.99,paypal
4848,5082,"2022-09-01 11:02:00",199.97,tarjeta_regalo
4849,5083,"2023-04-25 16:51:00",854.92,paypal
4850,5084,"2023-01-18 01:24:00",140.94,tarjeta_credito
4851,5085,"2022-04-15 05:12:00",141.96,tarjeta_regalo
4852,5086,"2023-10-20 15:50:00",419.97,paypal
4853,5087,"2023-12-02 09:11:00",629.93,tarjeta_regalo
4854,5088,"2023-09-16 20:12:00",80.97,paypal
4855,5089,"2023-07-07 17:44:00",33.98,transferencia
4856,5090,"2023-11-14 16:17:00",353.96,paypal
4857,5091,"2023-10-16 19:27:00",430.93,paypal
4858,5092,"2022-03-04 18:55:00",98.96,paypal
4859,5093,"2022-07-20 20:47:00",296.94,transferencia
4860,5094,"2021-10-30 10:48:00",72.97,paypal
4861,5095,"2021-12-02 04:35:00",79.98,tarjeta_regalo
4862,5096,"2022-09-10 06:04:00",296.94,tarjeta_regalo
4863,5097,"2023-10-23 19:40:00",229.96,transferencia
4864,5098,"2023-09-19 05:03:00",294.95,tarjeta_regalo
4865,5099,"2022-04-06 04:48:00",392.94,transferencia
4866,5100,"2023-07-14 08:51:00",65.97,tarjeta_credito
4867,5101,"2023-09-28 02:05:00",165.95,transferencia
4868,5102,"2023-07-14 16:33:00",192.96,tarjeta_credito
4869,5103,"2022-12-30 15:01:00",64.97,paypal
4870,5104,"2022-07-14 15:42:00",217.94,tarjeta_regalo
4871,5105,"2023-03-26 15:58:00",569.96,paypal
4872,5106,"2022-08-01 09:33:00",146.94,tarjeta_credito
4873,5107,"2022-11-20 15:52:00",65.98,transferencia
4874,5108,"2022-06-28 22:42:00",379.90,transferencia
4875,5109,"2023-07-16 19:46:00",142.95,transferencia
4876,5110,"2023-12-30 15:07:00",44.99,tarjeta_regalo
4877,5111,"2023-12-21 06:52:00",663.90,tarjeta_regalo
4878,5112,"2023-03-16 06:26:00",74.97,paypal
4879,5113,"2023-12-07 22:29:00",699.95,tarjeta_regalo
4880,5115,"2022-12-31 00:38:00",70.97,transferencia
4881,5116,"2023-02-15 05:57:00",484.95,paypal
4882,5117,"2023-10-03 09:32:00",494.88,transferencia
4883,5118,"2022-06-16 02:33:00",353.92,tarjeta_credito
4884,5119,"2022-07-21 23:42:00",68.97,paypal
4885,5120,"2023-07-19 16:02:00",179.98,transferencia
4886,5121,"2022-10-12 19:25:00",107.98,tarjeta_credito
4887,5122,"2023-11-02 13:10:00",509.91,paypal
4888,5123,"2023-04-29 07:45:00",599.98,paypal
4889,5124,"2023-03-23 23:24:00",265.91,tarjeta_regalo
4890,5125,"2023-10-22 23:18:00",147.94,transferencia
4891,5126,"2023-09-23 22:37:00",119.94,tarjeta_credito
4892,5127,"2022-11-29 23:40:00",534.91,tarjeta_regalo
4893,5128,"2023-11-23 08:02:00",489.96,paypal
4894,5129,"2023-09-15 14:00:00",215.92,tarjeta_credito
4895,5130,"2023-04-17 08:21:00",138.93,paypal
4896,5131,"2023-04-07 03:45:00",539.97,tarjeta_credito
4897,5132,"2023-06-10 13:03:00",424.89,paypal
4898,5133,"2023-03-20 00:20:00",149.97,paypal
4899,5134,"2023-06-19 23:33:00",579.96,paypal
4900,5135,"2023-04-24 11:06:00",113.96,tarjeta_credito
4901,5136,"2023-10-17 22:46:00",259.95,tarjeta_regalo
4902,5137,"2022-08-28 08:24:00",424.93,paypal
4903,5138,"2022-04-26 14:11:00",27.99,transferencia
4904,5139,"2023-12-01 09:56:00",112.96,tarjeta_credito
4905,5140,"2023-05-28 09:18:00",529.95,tarjeta_regalo
4906,5141,"2022-10-20 16:52:00",389.96,tarjeta_regalo
4907,5142,"2023-11-06 17:00:00",199.98,transferencia
4908,5143,"2023-09-28 20:40:00",79.99,paypal
4909,5144,"2022-03-27 04:05:00",210.93,paypal
4910,5145,"2023-05-23 03:37:00",675.92,tarjeta_regalo
4911,5146,"2022-03-26 12:07:00",578.93,tarjeta_regalo
4912,5147,"2023-08-11 15:10:00",22.99,transferencia
4913,5148,"2022-12-29 04:55:00",1084.93,transferencia
4914,5149,"2022-03-14 03:53:00",19.98,transferencia
4915,5150,"2022-06-10 01:35:00",162.94,paypal
4916,5151,"2023-07-04 21:57:00",122.96,tarjeta_regalo
4917,5152,"2023-12-21 09:09:00",563.94,paypal
4918,5153,"2021-03-30 08:37:00",340.92,transferencia
4919,5154,"2023-09-21 18:40:00",407.93,tarjeta_regalo
4920,5155,"2023-08-03 01:16:00",734.92,tarjeta_credito
4921,5156,"2021-10-10 19:45:00",185.96,tarjeta_regalo
4922,5157,"2023-12-03 04:55:00",83.97,paypal
4923,5158,"2023-07-23 23:17:00",165.94,tarjeta_credito
4924,5159,"2022-07-17 04:15:00",297.93,tarjeta_regalo
4925,5160,"2023-07-07 06:48:00",698.92,paypal
4926,5161,"2023-07-21 03:31:00",33.98,tarjeta_regalo
4927,5162,"2023-02-23 08:37:00",99.98,transferencia
4928,5163,"2022-01-26 01:33:00",1049.94,tarjeta_regalo
4929,5164,"2023-06-20 05:16:00",97.97,tarjeta_regalo
4930,5165,"2023-07-16 03:54:00",175.97,paypal
4931,5166,"2022-12-10 08:06:00",182.94,paypal
4932,5167,"2023-10-10 15:44:00",259.98,transferencia
4933,5168,"2023-08-19 21:50:00",229.95,tarjeta_credito
4934,5170,"2023-01-31 17:38:00",104.97,transferencia
4935,5171,"2023-11-13 21:10:00",115.95,tarjeta_credito
4936,5172,"2021-10-14 11:43:00",129.98,tarjeta_regalo
4937,5173,"2022-10-15 16:44:00",45.98,tarjeta_credito
4938,5174,"2023-06-03 00:57:00",1042.89,tarjeta_regalo
4939,5175,"2021-10-08 04:06:00",74.98,paypal
4940,5176,"2023-07-14 23:17:00",694.93,transferencia
4941,5177,"2023-09-30 11:52:00",222.97,transferencia
4942,5178,"2022-08-01 01:25:00",159.93,tarjeta_regalo
4943,5179,"2023-04-07 10:29:00",194.97,tarjeta_regalo
4944,5180,"2023-09-15 11:21:00",79.98,tarjeta_credito
4945,5181,"2022-12-15 02:18:00",458.92,transferencia
4946,5182,"2023-10-06 00:15:00",718.90,tarjeta_regalo
4947,5183,"2023-09-07 14:01:00",89.99,tarjeta_credito
4948,5184,"2023-10-05 17:44:00",53.97,paypal
4949,5185,"2022-04-05 17:49:00",374.94,transferencia
4950,5186,"2021-10-17 01:29:00",99.98,transferencia
4951,5187,"2022-12-02 04:32:00",65.98,transferencia
4952,5188,"2021-04-26 21:59:00",129.95,tarjeta_credito
4953,5189,"2022-12-19 05:16:00",726.94,tarjeta_credito
4954,5190,"2023-11-15 19:18:00",247.92,transferencia
4955,5191,"2021-07-29 02:51:00",111.93,transferencia
4956,5192,"2023-04-19 08:40:00",149.97,tarjeta_regalo
4957,5193,"2022-08-25 18:09:00",448.95,paypal
4958,5194,"2023-01-10 13:14:00",131.96,transferencia
4959,5195,"2022-12-19 07:37:00",416.91,paypal
4960,5196,"2023-12-18 03:20:00",244.91,paypal
4961,5197,"2023-12-08 19:02:00",1063.89,transferencia
4962,5198,"2023-10-26 18:09:00",126.96,paypal
4963,5199,"2022-12-12 09:18:00",98.95,paypal
4964,5200,"2022-05-18 22:22:00",14.99,paypal
4965,5201,"2021-08-31 08:18:00",316.95,tarjeta_credito
4966,5202,"2023-10-05 04:57:00",107.94,paypal
4967,5203,"2023-01-26 08:07:00",645.93,transferencia
4968,5204,"2023-10-27 05:46:00",38.97,paypal
4969,5205,"2023-01-08 16:41:00",298.94,transferencia
4970,5206,"2022-11-17 07:28:00",384.93,transferencia
4971,5207,"2022-03-01 03:49:00",115.97,tarjeta_credito
4972,5209,"2023-10-28 15:54:00",387.93,tarjeta_regalo
4973,5210,"2021-08-07 19:24:00",86.94,tarjeta_regalo
4974,5212,"2023-06-21 20:11:00",409.97,tarjeta_regalo
4975,5213,"2022-10-18 02:41:00",385.95,tarjeta_credito
4976,5214,"2021-05-15 03:13:00",434.93,transferencia
4977,5216,"2023-03-12 19:18:00",167.98,tarjeta_regalo
4978,5217,"2022-11-28 16:07:00",148.95,tarjeta_regalo
4979,5218,"2022-09-01 06:51:00",145.95,paypal
4980,5220,"2023-08-13 08:41:00",99.96,tarjeta_credito
4981,5221,"2022-02-15 07:47:00",284.96,tarjeta_regalo
4982,5222,"2023-05-04 01:16:00",24.99,tarjeta_regalo
4983,5223,"2022-07-09 07:07:00",9.99,transferencia
4984,5224,"2022-05-15 13:10:00",282.96,tarjeta_regalo
4985,5225,"2023-05-22 00:46:00",41.98,tarjeta_regalo
4986,5226,"2023-04-19 12:49:00",33.98,transferencia
4987,5227,"2023-09-09 22:03:00",29.98,tarjeta_regalo
4988,5228,"2023-03-16 22:44:00",207.96,tarjeta_credito
4989,5229,"2023-02-18 09:52:00",217.95,tarjeta_credito
4990,5230,"2023-04-27 11:57:00",606.92,transferencia
4991,5231,"2023-08-25 06:21:00",159.98,tarjeta_credito
4992,5232,"2023-06-01 01:13:00",864.90,transferencia
4993,5233,"2023-04-28 21:35:00",119.97,tarjeta_credito
4994,5234,"2022-01-15 15:09:00",298.90,paypal
4995,5235,"2023-08-06 15:31:00",171.93,paypal
4996,5236,"2023-04-28 18:05:00",124.97,tarjeta_credito
4997,5237,"2022-10-10 08:50:00",61.95,paypal
4998,5239,"2023-04-10 11:53:00",159.98,tarjeta_regalo
4999,5240,"2023-06-09 22:05:00",464.94,transferencia
5000,5241,"2023-07-12 18:02:00",299.95,transferencia
5001,5242,"2022-09-15 23:34:00",481.90,transferencia
5002,5243,"2023-08-13 12:57:00",393.92,transferencia
5003,5244,"2023-11-17 07:28:00",224.94,tarjeta_credito
5004,5245,"2022-06-22 17:27:00",744.92,tarjeta_regalo
5005,5246,"2023-02-08 00:48:00",63.96,transferencia
5006,5247,"2023-07-22 20:41:00",410.92,paypal
5007,5248,"2023-08-13 05:23:00",74.98,tarjeta_regalo
5008,5249,"2023-03-30 06:28:00",83.96,transferencia
5009,5250,"2023-07-15 10:52:00",382.92,paypal
5010,5251,"2023-05-03 02:40:00",231.93,tarjeta_credito
5011,5252,"2023-04-19 20:13:00",95.97,paypal
5012,5253,"2023-06-21 19:26:00",89.99,tarjeta_regalo
5013,5254,"2023-09-27 21:43:00",224.97,transferencia
5014,5256,"2022-01-02 03:34:00",21.99,tarjeta_regalo
5015,5257,"2023-11-01 04:02:00",34.99,transferencia
5016,5258,"2023-03-13 23:01:00",179.99,tarjeta_regalo
5017,5259,"2022-11-03 00:28:00",74.97,tarjeta_credito
5018,5260,"2021-11-04 20:28:00",505.89,paypal
5019,5261,"2022-06-12 17:42:00",51.98,tarjeta_credito
5020,5262,"2022-05-24 13:32:00",97.96,transferencia
5021,5263,"2023-05-06 22:04:00",275.93,tarjeta_regalo
5022,5264,"2023-11-11 21:28:00",529.90,transferencia
5023,5265,"2022-11-01 19:22:00",22.99,tarjeta_regalo
5024,5266,"2023-10-31 10:18:00",248.96,tarjeta_credito
5025,5267,"2022-07-13 15:11:00",141.92,tarjeta_regalo
5026,5268,"2023-07-28 18:19:00",139.99,tarjeta_credito
5027,5269,"2023-06-02 12:31:00",29.97,tarjeta_regalo
5028,5270,"2022-11-21 22:49:00",599.98,paypal
5029,5271,"2023-08-31 12:04:00",314.96,transferencia
5030,5273,"2022-08-30 20:37:00",99.98,paypal
5031,5274,"2023-03-23 12:22:00",464.96,tarjeta_regalo
5032,5275,"2023-09-14 06:50:00",282.94,tarjeta_regalo
5033,5276,"2023-05-24 20:27:00",919.95,paypal
5034,5277,"2022-06-13 08:13:00",509.95,transferencia
5035,5278,"2021-10-19 06:58:00",702.92,paypal
5036,5279,"2022-06-18 11:04:00",115.96,tarjeta_credito
5037,5280,"2023-03-01 18:32:00",689.94,tarjeta_regalo
5038,5281,"2022-05-21 18:04:00",333.93,tarjeta_regalo
5039,5282,"2023-06-24 22:08:00",428.94,paypal
5040,5283,"2022-11-18 03:01:00",32.99,tarjeta_regalo
5041,5285,"2023-04-14 20:58:00",77.95,paypal
5042,5286,"2022-10-25 05:35:00",89.98,tarjeta_regalo
5043,5287,"2023-11-16 03:37:00",198.91,transferencia
5044,5288,"2023-02-05 12:29:00",228.92,transferencia
5045,5289,"2023-11-07 20:15:00",281.95,paypal
5046,5290,"2021-08-15 13:25:00",74.94,tarjeta_regalo
5047,5291,"2023-02-04 23:42:00",283.91,transferencia
5048,5292,"2023-01-04 14:44:00",1094.90,transferencia
5049,5293,"2023-03-29 22:56:00",54.98,transferencia
5050,5294,"2023-11-08 00:05:00",233.93,paypal
5051,5295,"2022-08-05 11:42:00",639.96,transferencia
5052,5296,"2023-09-22 02:05:00",149.95,paypal
5053,5297,"2023-07-18 03:22:00",519.92,paypal
5054,5298,"2023-05-26 01:38:00",123.94,tarjeta_regalo
5055,5299,"2023-09-28 22:03:00",119.97,paypal
5056,5300,"2023-08-17 17:53:00",1099.94,transferencia
5057,5301,"2022-03-09 17:51:00",74.97,paypal
5058,5302,"2023-08-07 01:14:00",171.94,paypal
5059,5303,"2023-10-24 13:40:00",299.97,tarjeta_regalo
5060,5304,"2023-04-07 13:33:00",158.93,tarjeta_regalo
5061,5305,"2022-08-05 15:58:00",69.98,tarjeta_regalo
5062,5306,"2023-12-16 13:55:00",55.98,tarjeta_credito
5063,5307,"2023-11-25 07:32:00",299.98,tarjeta_regalo
5064,5308,"2023-04-27 14:07:00",97.96,paypal
5065,5309,"2023-07-07 09:08:00",264.93,paypal
5066,5310,"2023-10-13 01:01:00",92.97,transferencia
5067,5311,"2022-08-27 12:49:00",359.94,tarjeta_credito
5068,5312,"2022-11-17 06:36:00",39.99,tarjeta_credito
5069,5313,"2022-09-11 18:40:00",465.93,paypal
5070,5314,"2022-12-14 12:53:00",446.92,transferencia
5071,5315,"2021-10-30 14:37:00",160.95,tarjeta_regalo
5072,5316,"2021-12-08 15:53:00",238.95,tarjeta_regalo
5073,5317,"2022-12-22 03:54:00",19.99,tarjeta_regalo
5074,5318,"2023-10-29 18:16:00",138.93,paypal
5075,5319,"2023-07-14 07:24:00",17.99,tarjeta_regalo
5076,5320,"2023-01-13 10:47:00",179.98,tarjeta_regalo
5077,5321,"2023-04-25 11:47:00",179.96,tarjeta_credito
5078,5322,"2023-05-07 00:27:00",309.96,paypal
5079,5323,"2023-11-10 02:08:00",251.94,paypal
5080,5324,"2023-09-26 23:43:00",614.94,tarjeta_regalo
5081,5325,"2023-02-21 12:16:00",885.89,paypal
5082,5326,"2022-06-30 03:50:00",271.92,paypal
5083,5328,"2021-09-05 04:58:00",83.96,tarjeta_regalo
5084,5329,"2023-05-18 18:22:00",109.96,transferencia
5085,5330,"2022-12-20 06:22:00",458.89,transferencia
5086,5331,"2022-08-09 02:11:00",120.95,paypal
5087,5332,"2023-12-22 13:25:00",237.95,tarjeta_regalo
5088,5333,"2023-01-23 02:20:00",39.99,transferencia
5089,5334,"2023-08-28 22:47:00",199.94,transferencia
5090,5335,"2022-05-20 21:18:00",44.97,transferencia
5091,5336,"2023-11-04 07:00:00",172.96,paypal
5092,5337,"2023-01-23 04:09:00",114.95,tarjeta_credito
5093,5338,"2023-12-28 23:53:00",80.97,paypal
5094,5339,"2023-05-06 18:10:00",531.93,paypal
5095,5340,"2023-02-23 06:09:00",210.95,tarjeta_regalo
5096,5341,"2023-07-06 12:34:00",259.97,tarjeta_credito
5097,5342,"2023-02-25 13:37:00",292.93,tarjeta_regalo
5098,5343,"2023-12-16 19:52:00",319.94,paypal
5099,5344,"2023-06-23 03:58:00",149.97,tarjeta_credito
5100,5345,"2022-05-02 17:48:00",146.92,tarjeta_regalo
5101,5346,"2021-12-06 23:11:00",169.95,transferencia
5102,5347,"2022-06-25 06:36:00",259.96,tarjeta_regalo
5103,5348,"2022-07-25 00:23:00",199.97,tarjeta_credito
5104,5349,"2022-07-25 04:20:00",286.94,tarjeta_regalo
5105,5350,"2023-06-29 14:56:00",128.93,paypal
5106,5351,"2023-06-02 06:46:00",163.94,tarjeta_credito
5107,5352,"2023-05-31 22:40:00",264.92,paypal
5108,5353,"2021-04-29 04:32:00",752.92,tarjeta_credito
5109,5354,"2023-09-30 19:59:00",259.98,tarjeta_credito
5110,5355,"2023-07-10 08:12:00",77.96,paypal
5111,5356,"2023-12-21 10:11:00",278.93,transferencia
5112,5357,"2023-11-12 20:20:00",17.99,transferencia
5113,5358,"2023-10-13 03:42:00",190.94,transferencia
5114,5359,"2023-09-16 17:59:00",189.91,tarjeta_credito
5115,5360,"2022-07-30 04:58:00",767.96,tarjeta_regalo
5116,5361,"2022-07-10 12:24:00",239.97,tarjeta_regalo
5117,5362,"2023-10-14 04:36:00",377.96,tarjeta_credito
5118,5363,"2023-11-05 05:02:00",173.96,tarjeta_credito
5119,5364,"2022-12-31 04:34:00",688.91,tarjeta_credito
5120,5365,"2023-08-18 04:18:00",256.94,transferencia
5121,5366,"2022-07-06 03:19:00",808.92,transferencia
5122,5367,"2023-05-18 02:36:00",749.97,tarjeta_regalo
5123,5368,"2023-09-30 15:34:00",254.97,paypal
5124,5369,"2023-06-21 08:07:00",1009.92,tarjeta_credito
5125,5370,"2023-05-20 09:32:00",211.93,transferencia
5126,5371,"2022-06-04 02:00:00",368.94,tarjeta_credito
5127,5372,"2023-05-20 09:05:00",170.95,transferencia
5128,5373,"2023-03-14 16:05:00",53.97,tarjeta_regalo
5129,5374,"2023-03-25 20:28:00",258.95,transferencia
5130,5375,"2023-01-27 12:40:00",324.95,paypal
5131,5376,"2022-02-17 11:51:00",814.92,tarjeta_credito
5132,5377,"2022-08-25 08:15:00",104.95,paypal
5133,5378,"2023-03-13 22:41:00",248.91,transferencia
5134,5379,"2022-02-11 09:59:00",153.92,tarjeta_credito
5135,5380,"2021-09-20 20:52:00",33.98,paypal
5136,5381,"2023-08-20 03:39:00",181.94,tarjeta_regalo
5137,5383,"2022-11-13 04:15:00",183.92,transferencia
5138,5384,"2022-12-19 05:48:00",293.91,paypal
5139,5385,"2023-05-22 17:46:00",299.98,paypal
5140,5386,"2023-06-20 18:28:00",219.96,paypal
5141,5387,"2021-05-06 10:51:00",458.91,tarjeta_regalo
5142,5388,"2023-08-17 15:20:00",84.96,transferencia
5143,5389,"2021-10-17 19:49:00",931.91,tarjeta_credito
5144,5390,"2023-08-26 13:27:00",139.98,paypal
5145,5391,"2023-04-01 07:40:00",89.97,paypal
5146,5392,"2022-03-08 22:35:00",450.92,paypal
5147,5393,"2023-04-22 13:18:00",202.90,tarjeta_credito
5148,5394,"2023-09-17 01:08:00",34.99,tarjeta_credito
5149,5395,"2022-10-27 22:32:00",44.99,tarjeta_credito
5150,5396,"2023-05-20 14:33:00",114.97,tarjeta_regalo
5151,5397,"2022-10-30 14:40:00",644.88,paypal
5152,5398,"2023-05-14 11:46:00",254.97,paypal
5153,5399,"2023-07-05 17:13:00",250.91,paypal
5154,5400,"2023-08-30 19:23:00",303.91,tarjeta_credito
5155,5401,"2022-07-17 06:07:00",38.97,paypal
5156,5402,"2023-06-13 20:36:00",65.98,paypal
5157,5403,"2022-11-21 18:47:00",260.91,transferencia
5158,5404,"2023-10-16 04:07:00",544.97,paypal
5159,5405,"2023-08-09 20:00:00",419.97,transferencia
5160,5406,"2023-06-26 03:26:00",372.90,transferencia
5161,5407,"2022-11-27 00:11:00",489.96,paypal
5162,5408,"2022-02-16 10:49:00",1198.89,tarjeta_credito
5163,5409,"2023-09-17 05:07:00",349.93,paypal
5164,5410,"2023-05-29 04:58:00",93.96,tarjeta_credito
5165,5411,"2023-10-01 16:39:00",146.96,transferencia
5166,5412,"2022-10-27 13:47:00",134.95,transferencia
5167,5413,"2022-03-30 04:54:00",136.96,transferencia
5168,5414,"2022-11-19 02:39:00",554.94,tarjeta_credito
5169,5415,"2022-11-20 17:42:00",145.97,tarjeta_regalo
5170,5416,"2023-05-01 08:39:00",66.96,transferencia
5171,5417,"2023-08-02 03:55:00",574.93,tarjeta_credito
5172,5418,"2022-10-23 08:27:00",174.94,transferencia
5173,5419,"2021-08-25 13:23:00",629.92,paypal
5174,5420,"2022-11-26 19:03:00",149.99,tarjeta_regalo
5175,5421,"2022-05-26 14:21:00",405.90,tarjeta_credito
5176,5422,"2021-05-27 12:17:00",279.95,transferencia
5177,5425,"2023-01-27 16:42:00",12.99,tarjeta_credito
5178,5427,"2021-05-20 14:48:00",231.92,paypal
5179,5428,"2022-03-09 23:07:00",568.91,transferencia
5180,5429,"2022-01-24 02:44:00",886.90,tarjeta_regalo
5181,5430,"2021-12-27 00:29:00",44.97,transferencia
5182,5431,"2023-02-16 19:56:00",139.99,paypal
5183,5432,"2023-11-11 01:30:00",224.97,tarjeta_credito
5184,5433,"2021-09-22 14:29:00",136.94,transferencia
5185,5434,"2023-06-18 19:12:00",235.94,tarjeta_credito
5186,5435,"2023-07-02 09:40:00",215.96,transferencia
5187,5436,"2022-06-18 05:45:00",439.95,tarjeta_regalo
5188,5437,"2022-04-04 02:17:00",71.97,paypal
5189,5438,"2022-07-19 01:18:00",123.96,tarjeta_credito
5190,5439,"2023-03-23 12:29:00",79.98,transferencia
5191,5441,"2023-03-18 01:36:00",361.93,tarjeta_credito
5192,5442,"2023-01-03 23:35:00",89.98,transferencia
5193,5443,"2023-07-30 06:43:00",131.92,tarjeta_regalo
5194,5444,"2023-07-24 19:36:00",139.99,tarjeta_credito
5195,5445,"2023-10-19 13:33:00",35.98,tarjeta_regalo
5196,5446,"2023-12-08 22:50:00",98.94,tarjeta_regalo
5197,5447,"2023-06-23 03:00:00",215.94,transferencia
5198,5449,"2023-11-26 03:59:00",155.96,tarjeta_credito
5199,5450,"2023-11-18 16:47:00",346.94,tarjeta_regalo
5200,5451,"2022-12-27 17:44:00",480.94,paypal
5201,5452,"2023-05-28 11:23:00",360.94,tarjeta_credito
5202,5453,"2023-05-12 18:20:00",69.98,tarjeta_regalo
5203,5454,"2023-02-16 10:51:00",38.97,tarjeta_regalo
5204,5455,"2023-02-13 14:09:00",89.98,tarjeta_regalo
5205,5456,"2022-05-24 23:48:00",545.96,paypal
5206,5457,"2022-02-08 15:37:00",884.93,transferencia
5207,5459,"2021-11-05 07:06:00",336.94,transferencia
5208,5460,"2021-07-14 11:56:00",44.97,tarjeta_credito
5209,5461,"2023-11-07 11:09:00",579.92,paypal
5210,5462,"2022-07-31 06:08:00",29.97,tarjeta_regalo
5211,5463,"2023-08-01 23:55:00",282.96,tarjeta_regalo
5212,5464,"2021-08-17 23:48:00",200.93,tarjeta_credito
5213,5465,"2021-04-05 15:52:00",88.95,paypal
5214,5466,"2021-12-07 21:00:00",305.91,transferencia
5215,5467,"2021-11-22 20:08:00",129.94,tarjeta_regalo
5216,5468,"2022-05-25 14:33:00",133.95,tarjeta_regalo
5217,5469,"2023-03-10 08:28:00",857.93,paypal
5218,5470,"2023-09-02 14:01:00",599.97,tarjeta_credito
5219,5471,"2023-04-05 06:52:00",652.91,tarjeta_regalo
5220,5472,"2023-02-06 17:55:00",34.99,paypal
5221,5473,"2023-06-11 21:28:00",895.92,tarjeta_regalo
5222,5475,"2022-04-29 10:18:00",311.95,transferencia
5223,5476,"2023-12-26 16:35:00",358.93,tarjeta_credito
5224,5477,"2022-08-29 18:36:00",75.97,transferencia
5225,5478,"2022-07-18 16:20:00",254.97,paypal
5226,5479,"2023-10-27 05:03:00",200.91,transferencia
5227,5480,"2022-04-17 10:42:00",259.97,tarjeta_regalo
5228,5481,"2023-11-03 06:50:00",586.93,tarjeta_regalo
5229,5482,"2023-08-24 14:27:00",499.93,paypal
5230,5483,"2023-07-25 20:22:00",79.98,transferencia
5231,5484,"2023-11-12 00:39:00",391.92,paypal
5232,5485,"2022-09-11 12:50:00",115.97,tarjeta_credito
5233,5486,"2023-02-15 03:34:00",38.97,transferencia
5234,5487,"2022-08-01 08:54:00",179.98,paypal
5235,5488,"2022-04-04 19:15:00",163.93,tarjeta_regalo
5236,5489,"2022-02-15 12:41:00",44.99,tarjeta_regalo
5237,5490,"2023-10-08 14:14:00",260.95,tarjeta_regalo
5238,5491,"2023-07-18 05:22:00",302.94,paypal
5239,5492,"2022-09-28 02:08:00",18.99,tarjeta_regalo
5240,5493,"2021-10-17 14:27:00",559.93,transferencia
5241,5494,"2023-10-31 15:12:00",43.98,transferencia
5242,5495,"2023-09-09 23:21:00",89.96,tarjeta_credito
5243,5497,"2022-11-15 07:21:00",177.92,tarjeta_credito
5244,5498,"2022-08-05 12:04:00",19.99,transferencia
5245,5499,"2023-03-21 05:47:00",524.92,tarjeta_credito
5246,5500,"2022-12-23 08:09:00",18.99,transferencia
5247,5501,"2023-07-17 10:49:00",50.97,paypal
5248,5502,"2022-09-23 00:10:00",239.97,transferencia
5249,5503,"2022-09-02 13:19:00",53.97,transferencia
5250,5504,"2023-10-14 00:33:00",195.95,transferencia
5251,5505,"2022-10-22 04:01:00",321.96,transferencia
5252,5506,"2023-11-03 03:52:00",899.91,tarjeta_regalo
5253,5507,"2022-04-27 09:35:00",79.98,tarjeta_regalo
5254,5508,"2021-09-30 08:12:00",188.96,tarjeta_regalo
5255,5509,"2023-04-03 11:44:00",314.97,transferencia
5256,5510,"2022-10-18 05:49:00",89.96,tarjeta_credito
5257,5511,"2023-11-30 23:13:00",579.93,tarjeta_credito
5258,5512,"2021-03-21 21:12:00",24.99,transferencia
5259,5513,"2022-01-17 09:04:00",159.96,paypal
5260,5514,"2022-09-30 23:09:00",229.96,tarjeta_regalo
5261,5515,"2022-06-08 06:57:00",68.97,transferencia
5262,5516,"2022-09-13 06:24:00",84.94,paypal
5263,5519,"2023-10-06 14:45:00",240.93,tarjeta_regalo
5264,5520,"2023-12-12 04:58:00",12.99,transferencia
5265,5521,"2023-12-09 19:49:00",139.98,tarjeta_credito
5266,5522,"2023-09-26 20:43:00",415.92,tarjeta_regalo
5267,5523,"2022-11-24 07:31:00",238.95,tarjeta_regalo
5268,5524,"2022-01-22 17:48:00",626.93,tarjeta_credito
5269,5525,"2023-02-06 09:33:00",79.98,tarjeta_credito
5270,5526,"2023-11-12 20:00:00",113.94,tarjeta_credito
5271,5527,"2023-05-11 21:33:00",652.93,tarjeta_regalo
5272,5528,"2023-11-15 11:19:00",161.94,transferencia
5273,5529,"2022-12-13 10:19:00",227.93,paypal
5274,5530,"2023-06-06 03:03:00",259.97,paypal
5275,5531,"2023-05-31 23:30:00",249.96,tarjeta_regalo
5276,5532,"2022-08-05 01:48:00",29.97,tarjeta_regalo
5277,5533,"2023-01-04 22:57:00",124.96,tarjeta_regalo
5278,5534,"2022-04-15 16:34:00",499.93,transferencia
5279,5535,"2023-12-23 14:54:00",315.98,tarjeta_credito
5280,5536,"2023-10-07 03:28:00",213.94,transferencia
5281,5537,"2023-06-23 20:17:00",149.99,paypal
5282,5538,"2023-11-19 01:42:00",131.94,transferencia
5283,5539,"2022-12-24 20:38:00",84.95,transferencia
5284,5540,"2022-09-25 13:02:00",68.97,transferencia
5285,5541,"2023-08-14 14:46:00",317.97,tarjeta_credito
5286,5542,"2022-09-12 12:45:00",139.99,tarjeta_regalo
5287,5543,"2023-10-04 09:17:00",74.97,paypal
5288,5544,"2023-08-12 09:50:00",35.98,tarjeta_credito
5289,5545,"2023-05-15 21:15:00",200.90,transferencia
5290,5546,"2022-11-05 20:03:00",226.94,transferencia
5291,5547,"2023-10-05 00:39:00",335.95,tarjeta_regalo
5292,5548,"2022-10-11 19:37:00",78.95,tarjeta_credito
5293,5549,"2023-04-18 00:07:00",79.97,paypal
5294,5550,"2023-04-28 08:27:00",224.92,transferencia
5295,5551,"2023-08-17 05:42:00",27.99,transferencia
5296,5552,"2021-10-16 16:52:00",53.97,paypal
5297,5553,"2023-06-29 02:51:00",64.97,transferencia
5298,5554,"2022-03-25 19:42:00",50.97,paypal
5299,5555,"2023-06-07 22:51:00",679.96,transferencia
5300,5556,"2022-10-23 14:16:00",131.92,tarjeta_credito
5301,5557,"2022-06-15 06:39:00",1065.93,tarjeta_regalo
5302,5558,"2022-09-19 00:01:00",419.97,tarjeta_credito
5303,5559,"2023-05-25 13:34:00",334.91,transferencia
5304,5560,"2023-12-26 20:21:00",78.97,paypal
5305,5561,"2023-04-04 20:26:00",24.99,tarjeta_regalo
5306,5562,"2022-03-31 18:43:00",356.95,paypal
5307,5563,"2023-06-12 09:41:00",469.94,tarjeta_credito
5308,5564,"2023-10-25 15:52:00",210.94,tarjeta_regalo
5309,5565,"2022-03-31 09:23:00",39.97,paypal
5310,5566,"2023-01-02 05:05:00",219.92,transferencia
5311,5567,"2021-10-01 09:06:00",319.91,tarjeta_credito
5312,5568,"2022-08-25 20:54:00",390.92,paypal
5313,5569,"2023-03-23 15:35:00",116.95,paypal
5314,5570,"2023-07-28 04:13:00",299.98,tarjeta_credito
5315,5571,"2023-12-27 23:59:00",158.93,tarjeta_credito
5316,5572,"2023-11-27 06:10:00",1136.92,tarjeta_regalo
5317,5573,"2022-07-09 17:53:00",264.95,tarjeta_regalo
5318,5574,"2023-12-16 11:23:00",12.99,tarjeta_credito
5319,5575,"2023-04-05 04:04:00",143.92,paypal
5320,5577,"2023-07-19 10:35:00",168.96,tarjeta_credito
5321,5578,"2022-08-01 15:56:00",892.92,tarjeta_regalo
5322,5579,"2023-05-09 11:12:00",131.97,tarjeta_credito
5323,5581,"2023-08-16 05:00:00",449.93,tarjeta_regalo
5324,5582,"2023-12-24 17:13:00",88.95,tarjeta_regalo
5325,5583,"2023-12-24 13:45:00",53.97,transferencia
5326,5584,"2022-12-14 03:17:00",452.94,tarjeta_credito
5327,5585,"2022-10-05 22:35:00",99.96,tarjeta_credito
5328,5586,"2023-06-19 16:14:00",549.94,transferencia
5329,5587,"2022-10-31 23:50:00",49.99,paypal
5330,5588,"2021-05-15 12:04:00",109.97,transferencia
5331,5589,"2023-02-14 08:37:00",207.95,transferencia
5332,5590,"2023-08-14 12:26:00",309.91,tarjeta_regalo
5333,5591,"2022-12-29 01:20:00",197.93,tarjeta_credito
5334,5592,"2022-11-06 03:51:00",203.93,tarjeta_regalo
5335,5593,"2022-11-21 03:34:00",519.95,tarjeta_regalo
5336,5594,"2023-08-22 17:12:00",103.96,transferencia
5337,5595,"2023-09-28 13:00:00",149.97,paypal
5338,5596,"2022-12-12 05:58:00",260.91,transferencia
5339,5597,"2023-03-25 14:31:00",9.99,transferencia
5340,5598,"2023-03-05 14:22:00",206.97,tarjeta_credito
5341,5599,"2022-06-23 21:35:00",184.92,transferencia
5342,5600,"2023-10-27 19:21:00",14.99,tarjeta_credito
5343,5601,"2023-02-14 01:49:00",88.95,tarjeta_regalo
5344,5602,"2023-09-07 18:37:00",259.93,transferencia
5345,5603,"2022-03-14 01:15:00",299.99,tarjeta_regalo
5346,5604,"2023-11-05 04:53:00",409.93,tarjeta_credito
5347,5605,"2023-01-12 10:01:00",401.93,paypal
5348,5606,"2023-06-07 13:10:00",38.97,paypal
5349,5607,"2023-09-04 20:45:00",239.97,tarjeta_credito
5350,5608,"2023-07-15 07:10:00",99.98,tarjeta_credito
5351,5610,"2023-11-08 07:40:00",142.93,paypal
5352,5611,"2023-04-12 16:54:00",1138.89,tarjeta_regalo
5353,5612,"2023-02-25 11:19:00",229.96,transferencia
5354,5613,"2021-11-03 06:37:00",65.98,paypal
5355,5614,"2023-12-26 13:48:00",612.91,tarjeta_credito
5356,5615,"2023-07-23 15:36:00",69.98,tarjeta_regalo
5357,5616,"2023-09-11 11:16:00",377.91,tarjeta_credito
5358,5617,"2023-06-04 04:50:00",54.96,tarjeta_credito
5359,5618,"2023-11-16 02:55:00",97.94,tarjeta_regalo
5360,5619,"2023-08-26 07:50:00",1385.89,paypal
5361,5620,"2021-10-20 20:53:00",17.99,transferencia
5362,5621,"2021-10-22 06:14:00",53.97,tarjeta_regalo
5363,5622,"2023-09-30 14:28:00",183.93,transferencia
5364,5623,"2022-05-12 04:34:00",32.99,paypal
5365,5624,"2022-09-23 23:12:00",259.98,tarjeta_regalo
5366,5625,"2023-06-15 08:22:00",44.99,tarjeta_regalo
5367,5626,"2023-08-06 00:16:00",545.94,tarjeta_regalo
5368,5627,"2023-12-08 23:31:00",49.98,paypal
5369,5628,"2023-03-05 13:08:00",80.97,tarjeta_regalo
5370,5629,"2023-02-16 21:18:00",217.96,paypal
5371,5630,"2021-11-09 16:59:00",1092.90,transferencia
5372,5631,"2023-10-25 21:59:00",19.99,transferencia
5373,5632,"2023-11-06 04:40:00",132.96,paypal
5374,5633,"2023-07-23 10:23:00",44.97,paypal
5375,5634,"2022-07-08 07:53:00",123.96,tarjeta_regalo
5376,5635,"2022-08-30 23:41:00",62.97,paypal
5377,5636,"2023-03-27 15:21:00",356.94,transferencia
5378,5637,"2023-07-18 08:12:00",239.97,tarjeta_regalo
5379,5638,"2023-12-21 14:13:00",143.95,tarjeta_regalo
5380,5640,"2022-03-24 01:15:00",205.92,paypal
5381,5641,"2022-08-12 03:13:00",199.98,transferencia
5382,5642,"2022-12-09 15:40:00",184.93,tarjeta_credito
5383,5643,"2022-10-28 11:46:00",119.97,paypal
5384,5644,"2023-08-30 05:59:00",154.95,tarjeta_regalo
5385,5645,"2023-11-26 10:35:00",414.93,tarjeta_credito
5386,5646,"2022-07-17 13:05:00",95.97,transferencia
5387,5647,"2022-06-30 13:50:00",129.96,transferencia
5388,5648,"2023-10-01 14:26:00",39.99,transferencia
5389,5649,"2023-08-15 05:31:00",539.96,tarjeta_credito
5390,5650,"2023-06-29 04:21:00",18.99,tarjeta_credito
5391,5651,"2023-07-25 14:31:00",159.96,tarjeta_regalo
5392,5652,"2022-09-20 13:17:00",369.94,transferencia
5393,5653,"2023-10-08 06:27:00",224.92,tarjeta_credito
5394,5654,"2021-06-18 14:18:00",69.98,tarjeta_regalo
5395,5655,"2023-04-13 16:34:00",299.93,tarjeta_regalo
5396,5656,"2022-10-02 10:33:00",332.91,transferencia
5397,5657,"2023-06-07 01:37:00",38.97,transferencia
5398,5658,"2023-07-15 14:58:00",140.95,tarjeta_regalo
5399,5659,"2023-08-21 04:50:00",604.91,paypal
5400,5660,"2023-12-15 21:34:00",53.98,paypal
5401,5661,"2023-02-01 06:05:00",257.96,paypal
5402,5662,"2023-06-13 00:22:00",159.98,tarjeta_credito
5403,5663,"2023-12-12 22:39:00",449.94,paypal
5404,5664,"2023-08-19 09:58:00",12.99,paypal
5405,5665,"2023-06-30 04:11:00",16.99,paypal
5406,5666,"2023-11-17 17:48:00",12.99,tarjeta_credito
5407,5667,"2023-04-06 15:52:00",304.90,tarjeta_regalo
5408,5668,"2023-02-12 23:04:00",294.97,tarjeta_credito
5409,5669,"2023-09-29 09:55:00",227.95,transferencia
5410,5670,"2023-02-11 06:32:00",69.98,paypal
5411,5671,"2023-11-12 16:54:00",339.93,tarjeta_regalo
5412,5672,"2022-03-04 16:14:00",159.98,paypal
5413,5673,"2023-07-04 05:40:00",124.97,tarjeta_regalo
5414,5674,"2023-07-21 22:45:00",68.97,tarjeta_credito
5415,5676,"2022-04-18 16:51:00",254.93,tarjeta_regalo
5416,5677,"2022-11-25 04:43:00",78.96,tarjeta_regalo
5417,5678,"2023-10-14 20:18:00",60.97,tarjeta_regalo
5418,5679,"2021-09-11 15:46:00",62.97,tarjeta_regalo
5419,5680,"2023-07-06 03:42:00",290.95,tarjeta_credito
5420,5681,"2023-01-04 06:27:00",918.90,tarjeta_credito
5421,5682,"2021-11-07 09:26:00",38.97,transferencia
5422,5683,"2022-03-14 18:10:00",282.96,tarjeta_regalo
5423,5684,"2023-09-12 00:13:00",159.97,paypal
5424,5685,"2023-11-08 06:42:00",694.93,paypal
5425,5686,"2023-07-09 11:03:00",769.93,paypal
5426,5687,"2023-09-10 19:36:00",334.96,transferencia
5427,5689,"2023-08-23 19:25:00",88.94,transferencia
5428,5690,"2022-09-26 03:00:00",83.96,tarjeta_credito
5429,5691,"2023-10-09 11:08:00",258.93,tarjeta_credito
5430,5692,"2023-06-03 21:05:00",1029.92,paypal
5431,5693,"2022-06-05 21:14:00",133.94,tarjeta_regalo
5432,5694,"2023-08-12 21:50:00",269.97,paypal
5433,5695,"2022-04-22 04:32:00",882.91,paypal
5434,5696,"2022-06-22 12:08:00",159.92,transferencia
5435,5697,"2023-07-05 16:53:00",289.97,tarjeta_regalo
5436,5698,"2023-09-19 00:39:00",199.94,paypal
5437,5699,"2023-10-05 17:10:00",144.93,tarjeta_credito
5438,5700,"2023-12-27 10:12:00",197.96,transferencia
5439,5701,"2023-03-07 07:31:00",528.89,tarjeta_regalo
5440,5702,"2023-01-30 16:54:00",121.94,tarjeta_regalo
5441,5703,"2022-11-09 02:50:00",255.90,tarjeta_credito
5442,5704,"2023-10-21 21:02:00",410.91,tarjeta_regalo
5443,5705,"2023-06-24 19:50:00",99.96,transferencia
5444,5706,"2023-12-14 18:47:00",262.98,transferencia
5445,5707,"2023-02-08 17:17:00",604.92,paypal
5446,5708,"2023-12-04 20:26:00",216.93,tarjeta_regalo
5447,5709,"2022-07-26 08:48:00",616.97,paypal
5448,5710,"2023-07-30 01:45:00",57.96,tarjeta_credito
5449,5711,"2023-09-15 04:47:00",437.94,paypal
5450,5712,"2022-11-23 21:34:00",29.97,tarjeta_regalo
5451,5713,"2022-10-23 15:17:00",134.97,paypal
5452,5714,"2023-06-04 05:41:00",219.96,paypal
5453,5715,"2022-01-02 08:33:00",419.93,transferencia
5454,5716,"2022-06-12 10:15:00",599.92,paypal
5455,5717,"2022-04-25 13:09:00",142.93,tarjeta_credito
5456,5718,"2023-08-07 01:15:00",113.94,tarjeta_regalo
5457,5719,"2023-06-05 21:38:00",178.93,transferencia
5458,5720,"2021-11-06 15:59:00",496.96,paypal
5459,5721,"2023-05-03 11:03:00",282.94,tarjeta_credito
5460,5722,"2023-04-27 17:57:00",16.99,tarjeta_credito
5461,5723,"2023-10-07 14:54:00",29.98,tarjeta_regalo
5462,5724,"2023-10-12 19:27:00",194.94,tarjeta_credito
5463,5725,"2023-12-07 06:32:00",179.93,tarjeta_regalo
5464,5726,"2023-07-09 18:12:00",33.98,paypal
5465,5727,"2023-08-29 11:00:00",234.95,transferencia
5466,5728,"2023-04-09 01:55:00",148.93,transferencia
5467,5729,"2023-12-01 06:08:00",423.92,tarjeta_regalo
5468,5730,"2023-10-14 16:56:00",49.98,paypal
5469,5731,"2023-08-17 22:02:00",359.96,tarjeta_credito
5470,5732,"2022-08-05 23:05:00",84.97,paypal
5471,5733,"2023-06-27 12:55:00",270.91,paypal
5472,5734,"2023-05-09 02:54:00",184.97,tarjeta_credito
5473,5735,"2022-03-10 21:02:00",241.96,transferencia
5474,5736,"2022-10-30 22:49:00",67.97,tarjeta_regalo
5475,5737,"2023-01-13 14:46:00",166.95,paypal
5476,5738,"2022-01-09 19:57:00",176.92,tarjeta_credito
5477,5739,"2021-09-03 05:07:00",190.94,transferencia
5478,5740,"2023-07-28 18:15:00",339.92,paypal
5479,5741,"2023-06-12 08:01:00",261.93,paypal
5480,5742,"2022-05-29 17:47:00",136.93,tarjeta_regalo
5481,5743,"2023-10-24 18:00:00",189.98,tarjeta_credito
5482,5744,"2023-09-23 20:47:00",319.95,paypal
5483,5745,"2021-03-11 21:47:00",9.99,tarjeta_regalo
5484,5746,"2023-02-16 01:42:00",214.92,tarjeta_regalo
5485,5747,"2021-03-20 10:02:00",144.95,paypal
5486,5748,"2022-01-03 12:52:00",275.94,transferencia
5487,5750,"2023-04-19 14:48:00",269.97,tarjeta_regalo
5488,5751,"2022-07-19 01:01:00",407.94,paypal
5489,5752,"2023-07-13 14:03:00",247.90,paypal
5490,5753,"2023-02-06 19:28:00",269.95,tarjeta_regalo
5491,5754,"2023-08-01 07:45:00",83.97,tarjeta_regalo
5492,5755,"2023-03-15 11:48:00",429.94,tarjeta_credito
5493,5756,"2023-04-24 11:43:00",34.99,paypal
5494,5757,"2023-09-04 04:07:00",156.93,transferencia
5495,5758,"2023-06-13 08:33:00",111.94,tarjeta_credito
5496,5759,"2021-11-27 23:56:00",144.96,tarjeta_regalo
5497,5760,"2023-01-25 03:33:00",12.99,transferencia
5498,5761,"2022-05-13 20:24:00",252.95,tarjeta_credito
5499,5762,"2022-04-02 04:54:00",210.93,tarjeta_regalo
5500,5763,"2023-08-07 11:17:00",595.92,transferencia
5501,5764,"2021-11-26 20:56:00",370.92,transferencia
5502,5765,"2023-12-15 03:57:00",149.99,tarjeta_regalo
5503,5766,"2021-07-09 07:02:00",624.96,tarjeta_credito
5504,5767,"2023-07-23 11:05:00",562.94,transferencia
5505,5768,"2022-08-31 02:12:00",133.95,tarjeta_credito
5506,5769,"2023-06-22 22:21:00",59.97,paypal
5507,5770,"2021-11-06 16:17:00",136.93,paypal
5508,5771,"2023-04-21 14:43:00",129.97,tarjeta_regalo
5509,5772,"2023-08-18 04:56:00",218.94,transferencia
5510,5773,"2023-10-11 16:04:00",234.93,transferencia
5511,5774,"2022-07-27 01:43:00",67.97,transferencia
5512,5775,"2022-04-06 10:46:00",165.95,transferencia
5513,5776,"2023-02-21 05:42:00",227.95,transferencia
5514,5777,"2023-04-26 05:35:00",89.99,tarjeta_regalo
5515,5778,"2023-10-11 06:01:00",56.97,tarjeta_credito
5516,5779,"2023-09-12 09:53:00",53.97,paypal
5517,5780,"2022-11-10 06:41:00",149.99,transferencia
5518,5781,"2023-10-07 14:32:00",26.99,tarjeta_credito
5519,5782,"2023-12-16 02:26:00",38.98,paypal
5520,5783,"2023-12-30 13:22:00",335.91,tarjeta_regalo
5521,5785,"2023-06-27 03:19:00",233.92,tarjeta_regalo
5522,5786,"2021-12-29 02:44:00",719.94,paypal
5523,5787,"2022-12-01 10:12:00",165.95,tarjeta_credito
5524,5789,"2023-10-18 09:50:00",184.93,paypal
5525,5790,"2023-03-12 16:42:00",150.94,tarjeta_credito
5526,5791,"2023-05-25 10:48:00",249.94,tarjeta_credito
5527,5792,"2022-06-11 03:36:00",438.94,tarjeta_credito
5528,5793,"2023-11-30 08:31:00",279.96,tarjeta_credito
5529,5794,"2022-07-07 16:14:00",291.93,transferencia
5530,5795,"2023-08-10 06:05:00",236.94,paypal
5531,5796,"2022-04-08 16:27:00",749.94,paypal
5532,5797,"2023-02-15 20:18:00",232.94,tarjeta_regalo
5533,5798,"2023-10-26 16:58:00",60.97,paypal
5534,5799,"2023-04-06 11:26:00",177.96,tarjeta_regalo
5535,5800,"2023-10-26 02:03:00",671.90,paypal
5536,5801,"2023-04-17 05:50:00",205.96,tarjeta_regalo
5537,5802,"2023-10-13 18:53:00",689.92,transferencia
5538,5803,"2023-08-22 08:26:00",159.99,tarjeta_credito
5539,5804,"2022-12-10 16:11:00",497.93,tarjeta_regalo
5540,5805,"2023-10-17 11:18:00",200.94,paypal
5541,5806,"2023-01-05 10:21:00",69.98,tarjeta_regalo
5542,5807,"2023-04-05 01:30:00",299.95,tarjeta_credito
5543,5808,"2021-05-11 13:33:00",603.92,tarjeta_credito
5544,5809,"2023-05-15 12:17:00",335.91,transferencia
5545,5810,"2023-10-04 22:33:00",879.94,transferencia
5546,5811,"2023-11-16 05:59:00",509.95,tarjeta_credito
5547,5812,"2022-06-16 23:44:00",77.96,paypal
5548,5813,"2021-07-04 22:57:00",55.98,tarjeta_regalo
5549,5814,"2023-10-22 22:45:00",134.97,paypal
5550,5815,"2023-11-28 08:49:00",197.96,tarjeta_regalo
5551,5816,"2023-11-24 18:01:00",125.95,tarjeta_credito
5552,5817,"2023-12-24 01:10:00",9.99,paypal
5553,5818,"2023-09-25 23:17:00",343.93,tarjeta_regalo
5554,5819,"2023-06-05 00:47:00",264.95,paypal
5555,5821,"2023-08-23 17:42:00",83.97,transferencia
5556,5822,"2022-11-09 16:30:00",258.94,paypal
5557,5823,"2023-08-22 04:34:00",61.96,tarjeta_regalo
5558,5824,"2022-12-17 01:03:00",74.97,tarjeta_regalo
5559,5825,"2023-01-31 14:10:00",859.93,tarjeta_regalo
5560,5826,"2023-04-14 20:42:00",43.98,tarjeta_credito
5561,5827,"2022-04-19 07:10:00",9.99,transferencia
5562,5828,"2023-06-27 12:05:00",59.97,tarjeta_credito
5563,5829,"2023-08-31 03:17:00",494.91,transferencia
5564,5830,"2022-03-03 04:40:00",55.98,tarjeta_regalo
5565,5831,"2022-09-08 18:06:00",159.92,paypal
5566,5832,"2022-02-25 11:45:00",54.96,transferencia
5567,5833,"2023-11-07 15:31:00",97.98,tarjeta_credito
5568,5834,"2022-08-03 19:23:00",149.99,tarjeta_credito
5569,5835,"2021-11-21 01:09:00",29.97,tarjeta_regalo
5570,5836,"2023-12-02 14:40:00",164.95,tarjeta_credito
5571,5837,"2023-10-24 16:57:00",106.94,tarjeta_credito
5572,5838,"2021-12-16 23:49:00",739.90,tarjeta_regalo
5573,5839,"2023-07-19 11:19:00",479.97,transferencia
5574,5840,"2022-11-17 18:21:00",49.98,transferencia
5575,5841,"2023-02-06 05:07:00",221.95,transferencia
5576,5842,"2022-11-22 16:40:00",557.92,tarjeta_regalo
5577,5843,"2023-08-28 12:36:00",99.98,tarjeta_credito
5578,5844,"2022-06-08 23:43:00",53.97,tarjeta_regalo
5579,5845,"2023-12-04 08:43:00",44.99,paypal
5580,5846,"2023-07-08 17:45:00",839.94,tarjeta_credito
5581,5847,"2023-12-14 05:46:00",1403.89,transferencia
5582,5848,"2023-12-01 11:01:00",187.92,transferencia
5583,5849,"2023-10-30 02:44:00",289.95,transferencia
5584,5850,"2023-12-13 22:47:00",181.94,tarjeta_regalo
5585,5851,"2023-03-03 06:32:00",338.91,transferencia
5586,5852,"2021-11-09 19:58:00",228.92,paypal
5587,5853,"2022-02-02 20:21:00",129.93,tarjeta_credito
5588,5854,"2023-09-19 01:16:00",156.94,transferencia
5589,5855,"2023-06-27 17:37:00",83.97,transferencia
5590,5856,"2023-10-12 16:37:00",33.98,transferencia
5591,5857,"2023-06-12 23:13:00",186.90,transferencia
5592,5858,"2023-06-09 05:57:00",92.97,transferencia
5593,5859,"2021-06-24 18:38:00",37.98,paypal
5594,5860,"2023-10-25 18:00:00",331.93,transferencia
5595,5861,"2022-08-13 04:10:00",159.96,tarjeta_credito
5596,5862,"2023-05-01 00:36:00",806.90,transferencia
5597,5863,"2022-12-20 20:24:00",335.94,tarjeta_regalo
5598,5864,"2023-10-18 16:40:00",388.94,tarjeta_regalo
5599,5865,"2023-01-03 12:10:00",379.96,tarjeta_regalo
5600,5866,"2023-06-01 23:25:00",12.99,transferencia
5601,5867,"2021-05-26 01:52:00",65.97,tarjeta_regalo
5602,5868,"2023-12-26 16:32:00",407.92,tarjeta_credito
5603,5869,"2023-05-01 06:55:00",49.98,paypal
5604,5870,"2023-12-10 06:57:00",393.93,paypal
5605,5871,"2022-05-10 17:06:00",73.98,paypal
5606,5872,"2023-09-04 18:53:00",54.97,tarjeta_regalo
5607,5873,"2023-05-04 15:08:00",749.97,transferencia
5608,5874,"2021-10-11 18:41:00",79.99,tarjeta_credito
5609,5875,"2023-08-29 06:42:00",84.95,transferencia
5610,5876,"2023-12-02 10:11:00",159.98,transferencia
5611,5877,"2023-09-06 17:54:00",133.96,tarjeta_credito
5612,5878,"2023-08-02 13:43:00",379.92,tarjeta_regalo
5613,5879,"2023-06-05 05:35:00",633.94,paypal
5614,5880,"2023-07-30 14:15:00",27.99,tarjeta_credito
5615,5881,"2023-03-31 13:38:00",221.93,tarjeta_credito
5616,5882,"2023-10-10 12:44:00",38.97,tarjeta_credito
5617,5883,"2023-05-24 09:04:00",55.97,paypal
5618,5884,"2021-12-17 00:49:00",519.96,tarjeta_credito
5619,5885,"2023-11-19 15:59:00",145.94,tarjeta_regalo
5620,5886,"2022-09-16 00:29:00",342.92,tarjeta_credito
5621,5887,"2023-05-18 07:05:00",300.92,transferencia
5622,5888,"2023-07-19 21:14:00",136.97,tarjeta_regalo
5623,5889,"2023-08-02 01:05:00",74.97,paypal
5624,5890,"2023-11-02 02:30:00",522.92,tarjeta_regalo
5625,5891,"2023-05-03 16:28:00",108.96,paypal
5626,5892,"2022-10-21 00:11:00",35.98,paypal
5627,5893,"2023-08-17 22:36:00",24.99,transferencia
5628,5894,"2023-05-30 08:11:00",562.91,tarjeta_credito
5629,5896,"2022-05-05 16:00:00",186.93,transferencia
5630,5897,"2023-04-27 03:31:00",89.99,paypal
5631,5899,"2023-05-19 13:22:00",222.93,paypal
5632,5900,"2023-01-13 18:20:00",166.93,tarjeta_regalo
5633,5901,"2022-11-09 02:29:00",310.92,tarjeta_regalo
5634,5902,"2021-10-28 08:10:00",199.93,tarjeta_credito
5635,5903,"2022-11-17 04:28:00",65.97,transferencia
5636,5904,"2023-10-03 21:51:00",558.92,paypal
5637,5905,"2022-05-11 13:42:00",89.99,paypal
5638,5906,"2023-03-04 19:19:00",83.96,tarjeta_credito
5639,5907,"2023-03-27 08:58:00",79.98,tarjeta_regalo
5640,5908,"2023-01-22 02:05:00",282.95,transferencia
5641,5909,"2022-12-12 22:38:00",71.96,transferencia
5642,5910,"2022-10-04 14:46:00",9.99,transferencia
5643,5911,"2023-01-19 10:01:00",43.98,transferencia
5644,5912,"2023-02-23 18:58:00",308.94,tarjeta_regalo
5645,5913,"2023-02-11 03:16:00",179.99,paypal
5646,5914,"2023-08-24 18:15:00",25.98,transferencia
5647,5915,"2023-07-24 04:38:00",323.91,tarjeta_regalo
5648,5916,"2022-11-15 13:35:00",359.98,transferencia
5649,5917,"2022-07-13 08:47:00",12.99,paypal
5650,5918,"2023-02-08 05:29:00",820.91,tarjeta_credito
5651,5919,"2023-11-08 15:14:00",299.98,tarjeta_credito
5652,5920,"2022-03-12 04:29:00",49.98,paypal
5653,5921,"2023-01-07 19:26:00",25.98,tarjeta_regalo
5654,5922,"2023-12-24 06:09:00",21.99,transferencia
5655,5923,"2023-12-02 08:42:00",19.98,tarjeta_credito
5656,5924,"2022-05-14 19:34:00",161.96,transferencia
5657,5925,"2023-11-14 08:30:00",143.93,tarjeta_regalo
5658,5926,"2023-06-19 00:27:00",338.93,transferencia
5659,5927,"2023-11-07 19:13:00",383.94,transferencia
5660,5928,"2023-03-28 12:38:00",109.98,tarjeta_regalo
5661,5929,"2023-10-13 22:59:00",314.92,paypal
5662,5931,"2022-07-26 15:44:00",167.95,paypal
5663,5932,"2023-05-17 18:24:00",365.96,tarjeta_regalo
5664,5933,"2023-06-20 07:38:00",71.96,tarjeta_regalo
5665,5934,"2022-06-01 05:27:00",299.99,tarjeta_regalo
5666,5935,"2022-09-22 07:23:00",291.94,transferencia
5667,5936,"2022-09-13 03:05:00",139.99,tarjeta_regalo
5668,5937,"2023-10-11 15:27:00",822.92,tarjeta_credito
5669,5938,"2022-11-11 12:08:00",363.94,transferencia
5670,5939,"2021-03-15 23:40:00",13.99,paypal
5671,5940,"2023-08-11 09:41:00",90.97,tarjeta_regalo
5672,5941,"2023-04-18 14:44:00",119.93,tarjeta_credito
5673,5942,"2023-01-22 09:03:00",719.95,tarjeta_regalo
5674,5943,"2023-09-17 16:38:00",159.97,tarjeta_regalo
5675,5944,"2023-01-15 00:04:00",995.90,tarjeta_credito
5676,5945,"2022-11-27 01:55:00",217.93,tarjeta_credito
5677,5946,"2023-03-22 13:03:00",286.92,tarjeta_regalo
5678,5947,"2023-06-15 11:11:00",1408.90,transferencia
5679,5949,"2022-09-18 06:01:00",298.93,paypal
5680,5950,"2023-11-30 16:22:00",668.95,tarjeta_credito
5681,5951,"2022-01-13 04:54:00",582.94,tarjeta_regalo
5682,5952,"2023-11-03 08:53:00",104.97,tarjeta_regalo
5683,5954,"2023-02-26 23:05:00",914.96,tarjeta_credito
5684,5955,"2023-06-09 16:44:00",569.91,transferencia
5685,5956,"2023-06-02 12:43:00",68.97,transferencia
5686,5957,"2023-08-06 10:43:00",34.99,tarjeta_credito
5687,5958,"2022-09-09 08:53:00",111.95,transferencia
5688,5959,"2023-06-16 03:54:00",181.95,transferencia
5689,5960,"2022-06-18 14:14:00",350.91,tarjeta_credito
5690,5961,"2023-09-01 12:52:00",54.98,paypal
5691,5962,"2022-11-20 01:29:00",149.99,tarjeta_credito
5692,5963,"2023-08-31 17:13:00",97.97,tarjeta_credito
5693,5964,"2023-01-25 06:24:00",49.98,transferencia
5694,5965,"2023-06-10 02:38:00",618.91,tarjeta_regalo
5695,5966,"2023-08-18 22:07:00",389.94,tarjeta_regalo
5696,5967,"2022-02-02 07:31:00",74.97,paypal
5697,5968,"2022-01-12 15:03:00",139.99,tarjeta_credito
5698,5970,"2022-11-01 15:07:00",488.94,transferencia
5699,5971,"2022-05-15 19:13:00",811.93,paypal
5700,5972,"2023-03-03 01:54:00",69.98,transferencia
5701,5973,"2023-10-27 07:12:00",246.91,transferencia
5702,5974,"2023-09-18 04:41:00",449.90,paypal
5703,5975,"2023-03-23 00:23:00",328.90,transferencia
5704,5976,"2023-04-26 00:17:00",55.98,paypal
5705,5977,"2023-03-01 01:53:00",241.94,paypal
5706,5978,"2023-11-18 06:31:00",16.99,tarjeta_regalo
5707,5979,"2023-07-24 13:28:00",389.94,tarjeta_credito
5708,5980,"2023-11-07 14:14:00",479.94,transferencia
5709,5981,"2023-01-06 18:08:00",255.93,tarjeta_credito
5710,5982,"2023-08-24 19:00:00",257.90,transferencia
5711,5983,"2022-10-01 10:35:00",137.96,tarjeta_credito
5712,5984,"2023-12-01 16:36:00",83.97,paypal
5713,5985,"2022-08-21 21:45:00",248.92,tarjeta_credito
5714,5986,"2023-04-16 08:42:00",222.90,tarjeta_regalo
5715,5987,"2022-11-02 06:14:00",49.99,tarjeta_credito
5716,5988,"2022-02-06 03:15:00",98.97,paypal
5717,5989,"2023-06-02 04:31:00",208.93,tarjeta_regalo
5718,5990,"2023-12-07 02:24:00",401.94,paypal
5719,5991,"2023-07-28 12:36:00",55.98,paypal
5720,5992,"2023-12-19 07:37:00",192.91,tarjeta_regalo
5721,5993,"2023-06-20 10:49:00",76.97,tarjeta_regalo
5722,5994,"2023-04-11 21:16:00",136.93,paypal
5723,5995,"2022-08-09 12:09:00",129.94,transferencia
5724,5996,"2022-10-20 15:36:00",31.98,transferencia
5725,5997,"2021-05-05 17:00:00",32.99,paypal
5726,5998,"2023-10-31 03:35:00",168.95,tarjeta_credito
5727,5999,"2023-10-13 04:29:00",452.91,tarjeta_regalo
5728,6000,"2023-09-24 14:59:00",34.99,transferencia
